#
# A fatal error has been detected by the Java Runtime Environment:
#
#  EXCEPTION_ACCESS_VIOLATION (0xc0000005) at pc=0x0000023ac3df8908, pid=9232, tid=9248
#
# JRE version: Java(TM) SE Runtime Environment (17.0.12+8) (build 17.0.12+8-LTS-286)
# Java VM: Java HotSpot(TM) 64-Bit Server VM (17.0.12+8-LTS-286, mixed mode, sharing, tiered, compressed oops, compressed class ptrs, g1 gc, windows-amd64)
# Problematic frame:
# J 30582 c1 org.jetbrains.kotlin.incremental.classpathDiff.ClasspathEntrySnapshotter.snapshot(Ljava/io/File;Lorg/jetbrains/kotlin/buildtools/api/jvm/ClassSnapshotGranularity;Lorg/jetbrains/kotlin/build/report/metrics/BuildMetricsReporter;)Lorg/jetbrains/kotlin/incremental/classpathDiff/ClasspathEntrySnapshot; (527 bytes) @ 0x0000023ac3df8908 [0x0000023ac3df5740+0x00000000000031c8]
#
# No core dump will be written. Minidumps are not enabled by default on client versions of Windows
#
# If you would like to submit a bug report, please visit:
#   https://bugreport.java.com/bugreport/crash.jsp
#

---------------  S U M M A R Y ------------

Command Line: --add-opens=java.base/java.lang=ALL-UNNAMED --add-opens=java.base/java.lang.invoke=ALL-UNNAMED --add-opens=java.base/java.util=ALL-UNNAMED --add-opens=java.prefs/java.util.prefs=ALL-UNNAMED --add-exports=jdk.compiler/com.sun.tools.javac.api=ALL-UNNAMED --add-exports=jdk.compiler/com.sun.tools.javac.util=ALL-UNNAMED --add-opens=java.base/java.util=ALL-UNNAMED --add-opens=java.prefs/java.util.prefs=ALL-UNNAMED --add-opens=java.base/java.nio.charset=ALL-UNNAMED --add-opens=java.base/java.net=ALL-UNNAMED --add-opens=java.base/java.util.concurrent=ALL-UNNAMED --add-opens=java.base/java.util.concurrent.atomic=ALL-UNNAMED --add-opens=java.xml/javax.xml.namespace=ALL-UNNAMED --add-opens=java.base/java.time=ALL-UNNAMED -XX:MaxMetaspaceSize=512m -Xmx2048m -Dfile.encoding=windows-1252 -Duser.country=US -Duser.language=en -Duser.variant -javaagent:C:\Users\hp\.gradle\wrapper\dists\gradle-9.3.1-bin\23ovyewtku6u96viwx3xl3oks\gradle-9.3.1\lib\agents\gradle-instrumentation-agent-9.3.1.jar org.gradle.launcher.daemon.bootstrap.GradleDaemon 9.3.1

Host: Intel(R) Core(TM) i5-6300U CPU @ 2.40GHz, 4 cores, 15G,  Windows 10 , 64 bit Build 19041 (10.0.19041.5915)
Time: Sun May 24 20:25:15 2026 Pakistan Standard Time elapsed time: 413.461355 seconds (0d 0h 6m 53s)

---------------  T H R E A D  ---------------

Current thread (0x0000023afa32c8a0):  JavaThread "Unconstrained build operations Thread 15" [_thread_in_Java, id=9248, stack(0x000000b8f2100000,0x000000b8f2200000)]

Stack: [0x000000b8f2100000,0x000000b8f2200000],  sp=0x000000b8f21fb020,  free space=1004k
Native frames: (J=compiled Java code, j=interpreted, Vv=VM code, C=native code)
C  0x0000023ac3df8908


siginfo: EXCEPTION_ACCESS_VIOLATION (0xc0000005), reading address 0x0000023b402e659c


Registers:
RAX=0x000000009ff8c218, RBX=0x0000023b402e656c, RCX=0x0000000000000030, RDX=0x0000023ad7000d58
RSP=0x000000b8f21fb020, RBP=0x000000b8f21fb268, RSI=0x0000000084690dd8, RDI=0x00000000000006a6
R8 =0x000000009ff8c230, R9 =0x0000000095adf110, R10=0x0000023ad7000000, R11=0x00000000000006a7
R12=0x0000000000000000, R13=0x000000000014ba68, R14=0x00000000a00f2600, R15=0x0000023afa32c8a0
RIP=0x0000023ac3df8908, EFLAGS=0x0000000000010206


Register to memory mapping:

RIP=0x0000023ac3df8908 is at entry_point+12744 in (nmethod*)0x0000023ac3df4e10
Compiled method (c1)  413540 30582   !   3       org.jetbrains.kotlin.incremental.classpathDiff.ClasspathEntrySnapshotter::snapshot (527 bytes)
 total in heap  [0x0000023ac3df4e10,0x0000023ac3dfe818] = 39432
 relocation     [0x0000023ac3df4f68,0x0000023ac3df5730] = 1992
 main code      [0x0000023ac3df5740,0x0000023ac3dfb100] = 22976
 stub code      [0x0000023ac3dfb100,0x0000023ac3dfb458] = 856
 oops           [0x0000023ac3dfb458,0x0000023ac3dfb4c0] = 104
 metadata       [0x0000023ac3dfb4c0,0x0000023ac3dfb5c8] = 264
 scopes data    [0x0000023ac3dfb5c8,0x0000023ac3dfcd38] = 6000
 scopes pcs     [0x0000023ac3dfcd38,0x0000023ac3dfda58] = 3360
 dependencies   [0x0000023ac3dfda58,0x0000023ac3dfda80] = 40
 handler table  [0x0000023ac3dfda80,0x0000023ac3dfe710] = 3216
 nul chk table  [0x0000023ac3dfe710,0x0000023ac3dfe818] = 264
RAX=0x000000009ff8c218 is an oop: java.util.ArrayList 
{0x000000009ff8c218} - klass: 'java/util/ArrayList'
 - ---- fields (total size 3 words):
 - protected transient 'modCount' 'I' @12  1703 (6a7)
 - private 'size' 'I' @16  1702 (6a6)
 - transient 'elementData' '[Ljava/lang/Object;' @20  a 'java/lang/Object'[7021] {0x000000009ff8c230} (9ff8c230)
RBX=0x0000023b402e656c is an unknown value
RCX=0x0000000000000030 is an unknown value
RDX=0x0000023ad7000d58 is a pointer to class: 
java.lang.Object {0x0000023ad7000d60}
 - instance size:     2
 - klass size:        64
 - access:            public synchronized 
 - state:             fully_initialized
 - name:              'java/lang/Object'
 - super:             NULL
 - sub:               'org/jetbrains/kotlin/load/kotlin/header/ReadKotlinClassHeaderAnnotationVisitor$1'   'org/gradle/api/internal/tasks/TaskDependencyInternal$1'   'org/gradle/api/internal/artifacts/ivyservice/resolveengine/graph/builder/NodeState$$Lambda$3960+0x0000023ad960f5e0'   'org/gradle/api/internal/artifacts/ivyservice/resolveengine/graph/builder/NodeState$$Lambda$3959+0x0000023ad960f3a8'   (21781 more klasses...)
 - arrays:            'java/lang/Object'[]
 - methods:           Array<T>(0x0000023ad75d1e88)
 - method ordering:   Array<T>(0x0000023ad75d1f00)
 - default_methods:   Array<T>(0x0000000000000000)
 - local interfaces:  Array<T>(0x0000023ad75d1ef0)
 - trans. interfaces: Array<T>(0x0000023ad75d1ef0)
 - constants:         constant pool [92] {0x0000023ad75d1b60} for 'java/lang/Object' cache=0x0000023ad7448cc8
 - class loader data:  loader data: 0x0000023ad5f35e40 of 'bootstrap'
 - source file:       'Object.java'
 - class annotations:       Array<T>(0x0000000000000000)
 - class type annotations:  Array<T>(0x0000000000000000)
 - field annotations:       Array<T>(0x0000000000000000)
 - field type annotations:  Array<T>(0x0000000000000000)
 - inner classes:     Array<T>(0x0000023ad75d1e80)
 - nest members:     Array<T>(0x0000023ad75d1e80)
 - permitted subclasses:     Array<T>(0x0000023ad75d1e80)
 - java mirror:       a 'java/lang/Class'{0x0000000080733de0} = 'java/lang/Object'
 - vtable length      5  (start addr: 0x0000023ad7000f20)
 - itable length      2 (start addr: 0x0000023ad7000f48)
 - ---- static fields (0 words):
 - ---- non-static fields (0 words):
 - non-static oop maps: 
RSP=0x000000b8f21fb020 is pointing into the stack for thread: 0x0000023afa32c8a0
RBP=0x000000b8f21fb268 is pointing into the stack for thread: 0x0000023afa32c8a0
RSI=0x0000000084690dd8 points into unknown readable memory: 0x646172672e67726f | 6f 72 67 2e 67 72 61 64
RDI=0x00000000000006a6 is an unknown value
R8 =0x000000009ff8c230 is an oop: [Ljava.lang.Object; 
{0x000000009ff8c230} - klass: 'java/lang/Object'[]
 - length: 7021
R9 =0x0000000095adf110 is an oop: [Ljava.lang.Object; 
{0x0000000095adf110} - klass: 'java/lang/Object'[]
 - length: 7021
R10=0x0000023ad7000000 is pointing into metadata
R11=0x00000000000006a7 is an unknown value
R12=0x0 is NULL
R13=1358440 is a compressed pointer to class: 0x0000023ad714ba68
R14=0x00000000a00f2600 is an oop: java.util.LinkedHashMap$Entry 
{0x00000000a00f2600} - klass: 'java/util/LinkedHashMap$Entry'
 - ---- fields (total size 5 words):
 - final 'hash' 'I' @12  1356663784 (50dd0be8)
 - final 'key' 'Ljava/lang/Object;' @16  a 'org/jetbrains/kotlin/incremental/classpathDiff/ClassFileWithContentsProvider'{0x000000009540e470} (9540e470)
 - 'value' 'Ljava/lang/Object;' @20  a 'org/jetbrains/kotlin/incremental/classpathDiff/RegularKotlinClassSnapshot'{0x00000000a00ec790} (a00ec790)
 - 'next' 'Ljava/util/HashMap$Node;' @24  NULL (0)
 - 'before' 'Ljava/util/LinkedHashMap$Entry;' @28  a 'java/util/LinkedHashMap$Entry'{0x00000000a00dabb0} (a00dabb0)
 - 'after' 'Ljava/util/LinkedHashMap$Entry;' @32  a 'java/util/LinkedHashMap$Entry'{0x000000009ff8c1f0} (9ff8c1f0)
R15=0x0000023afa32c8a0 is a thread


Top of Stack: (sp=0x000000b8f21fb020)
0x000000b8f21fb020:   000000009ff8dcd4 0000023a8a2b7f88
0x000000b8f21fb030:   000000b8f21fb0b0 0000023ac74c9649
0x000000b8f21fb040:   0000000000000000 0000023ac7ada698
0x000000b8f21fb050:   0000000000000000 00000000a1748fb0
0x000000b8f21fb060:   00000000a1740860 000000b8f21fb068
0x000000b8f21fb070:   000000b8f21fb0d8 0000023ac74c94f0
0x000000b8f21fb080:   000000b8f21fb0e8 0000023ac74c9a7a
0x000000b8f21fb090:   0000023ac74c9a7a 00000000a1740918
0x000000b8f21fb0a0:   000000b8f21fb0a0 0000023ad77191e0
0x000000b8f21fb0b0:   000000b8f21fb0f8 0000023ad7124680
0x000000b8f21fb0c0:   0000000000000000 00000000818fc6e0
0x000000b8f21fb0d0:   000000008b24ba30 000000008b24ba98
0x000000b8f21fb0e0:   000000008e27ed30 000000b8f21fb270
0x000000b8f21fb0f0:   0000023ac3e0a4a4 00000000a1749030
0x000000b8f21fb100:   0000000095e031f8 000000b8f21fb158
0x000000b8f21fb110:   000000009fb26090 000000009fb33c68 

Instructions: (pc=0x0000023ac3df8908)
0x0000023ac3df8808:   00 00 00 00 00 00 48 8b 0c 1a 48 8d 49 01 48 89
0x0000023ac3df8818:   0c 1a 0f 85 8e 00 00 00 48 89 b4 24 70 01 00 00
0x0000023ac3df8828:   4c 8b c0 48 ba c8 b5 06 f2 3a 02 00 00 48 83 82
0x0000023ac3df8838:   30 01 00 00 01 49 b8 c0 b7 06 f2 3a 02 00 00 41
0x0000023ac3df8848:   8b 90 cc 00 00 00 83 c2 02 41 89 90 cc 00 00 00
0x0000023ac3df8858:   81 e2 fe ff 1f 00 83 fa 00 0f 84 41 22 00 00 4c
0x0000023ac3df8868:   8b c0 48 ba c0 b7 06 f2 3a 02 00 00 48 83 82 10
0x0000023ac3df8878:   01 00 00 01 4c 8b c7 41 ff c0 48 8b d0 89 bc 24
0x0000023ac3df8888:   68 01 00 00 66 66 90 e8 ec 44 71 03 4c 8b c0 8b
0x0000023ac3df8898:   bc 24 68 01 00 00 48 8b b4 24 70 01 00 00 48 8b
0x0000023ac3df88a8:   84 24 50 01 00 00 41 3b 78 0c 0f 83 1b 22 00 00
0x0000023ac3df88b8:   48 83 fe 00 75 16 48 bb c8 b5 06 f2 3a 02 00 00
0x0000023ac3df88c8:   80 8b 61 01 00 00 01 e9 00 01 00 00 41 8b 50 08
0x0000023ac3df88d8:   49 ba 00 00 00 d7 3a 02 00 00 49 03 d2 8b 5e 08
0x0000023ac3df88e8:   49 ba 00 00 00 d7 3a 02 00 00 49 03 da 48 8b 92
0x0000023ac3df88f8:   e0 00 00 00 48 3b da 0f 84 28 00 00 00 8b 4a 14
0x0000023ac3df8908:   48 3b 14 0b 0f 84 1b 00 00 00 83 f9 20 0f 85 a2
0x0000023ac3df8918:   00 00 00 53 52 e8 5e ec 7b 03 5b 5a 83 fa 00 0f
0x0000023ac3df8928:   84 90 00 00 00 48 bb c8 b5 06 f2 3a 02 00 00 8b
0x0000023ac3df8938:   56 08 49 ba 00 00 00 d7 3a 02 00 00 49 03 d2 48
0x0000023ac3df8948:   3b 93 78 01 00 00 75 0d 48 83 83 80 01 00 00 01
0x0000023ac3df8958:   e9 77 00 00 00 48 3b 93 88 01 00 00 75 0d 48 83
0x0000023ac3df8968:   83 90 01 00 00 01 e9 61 00 00 00 48 81 bb 78 01
0x0000023ac3df8978:   00 00 00 00 00 00 75 17 48 89 93 78 01 00 00 48
0x0000023ac3df8988:   c7 83 80 01 00 00 01 00 00 00 e9 3d 00 00 00 48
0x0000023ac3df8998:   81 bb 88 01 00 00 00 00 00 00 75 17 48 89 93 88
0x0000023ac3df89a8:   01 00 00 48 c7 83 90 01 00 00 01 00 00 00 e9 19
0x0000023ac3df89b8:   00 00 00 eb 17 48 bb c8 b5 06 f2 3a 02 00 00 48
0x0000023ac3df89c8:   83 ab 68 01 00 00 01 e9 12 21 00 00 48 63 d7 49
0x0000023ac3df89d8:   8d 54 90 10 45 0f be 47 38 41 83 f8 00 0f 85 04
0x0000023ac3df89e8:   21 00 00 4c 8b d6 44 89 12 4c 8b c2 4c 33 c6 49
0x0000023ac3df89f8:   c1 e8 14 49 83 f8 00 0f 85 05 21 00 00 ff c7 89 


Stack slot to memory mapping:
stack at sp + 0 slots: 0x000000009ff8dcd4 is pointing into object: [Ljava.lang.Object; 
{0x000000009ff8c230} - klass: 'java/lang/Object'[]
 - length: 7021
stack at sp + 1 slots: {method} {0x0000023a8a2b7f90} 'snapshot' '(Ljava/io/File;Lorg/jetbrains/kotlin/buildtools/api/jvm/ClassSnapshotGranularity;Lorg/jetbrains/kotlin/build/report/metrics/BuildMetricsReporter;)Lorg/jetbrains/kotlin/incremental/classpathDiff/ClasspathEntrySnapshot;' in 'org/jetbrains/kotlin/incremental/classpathDiff/ClasspathEntrySnapshotter'
stack at sp + 2 slots: 0x000000b8f21fb0b0 is pointing into the stack for thread: 0x0000023afa32c8a0
stack at sp + 3 slots: 0x0000023ac74c9649 is at code_begin+1481 in an Interpreter codelet
return entry points  [0x0000023ac74c9080, 0x0000023ac74c9bc0]  2880 bytes
stack at sp + 4 slots: 0x0 is NULL
stack at sp + 5 slots: 0x0000023ac7ada698 is at entry_point+248 in (nmethod*)0x0000023ac7ada410
Compiled method (c2)  413878 1034       4       java.util.ArrayList::add (25 bytes)
 total in heap  [0x0000023ac7ada410,0x0000023ac7ada8f0] = 1248
 relocation     [0x0000023ac7ada568,0x0000023ac7ada598] = 48
 main code      [0x0000023ac7ada5a0,0x0000023ac7ada7a0] = 512
 stub code      [0x0000023ac7ada7a0,0x0000023ac7ada7c8] = 40
 metadata       [0x0000023ac7ada7c8,0x0000023ac7ada7e8] = 32
 scopes data    [0x0000023ac7ada7e8,0x0000023ac7ada850] = 104
 scopes pcs     [0x0000023ac7ada850,0x0000023ac7ada8c0] = 112
 dependencies   [0x0000023ac7ada8c0,0x0000023ac7ada8c8] = 8
 handler table  [0x0000023ac7ada8c8,0x0000023ac7ada8e0] = 24
 nul chk table  [0x0000023ac7ada8e0,0x0000023ac7ada8f0] = 16
stack at sp + 6 slots: 0x0 is NULL
stack at sp + 7 slots: 0x00000000a1748fb0 is pointing into object: [I 
{0x00000000a1748e58} - klass: {type array int}
 - length: 145


Compiled method (c1)  413881 30582   !   3       org.jetbrains.kotlin.incremental.classpathDiff.ClasspathEntrySnapshotter::snapshot (527 bytes)
 total in heap  [0x0000023ac3df4e10,0x0000023ac3dfe818] = 39432
 relocation     [0x0000023ac3df4f68,0x0000023ac3df5730] = 1992
 main code      [0x0000023ac3df5740,0x0000023ac3dfb100] = 22976
 stub code      [0x0000023ac3dfb100,0x0000023ac3dfb458] = 856
 oops           [0x0000023ac3dfb458,0x0000023ac3dfb4c0] = 104
 metadata       [0x0000023ac3dfb4c0,0x0000023ac3dfb5c8] = 264
 scopes data    [0x0000023ac3dfb5c8,0x0000023ac3dfcd38] = 6000
 scopes pcs     [0x0000023ac3dfcd38,0x0000023ac3dfda58] = 3360
 dependencies   [0x0000023ac3dfda58,0x0000023ac3dfda80] = 40
 handler table  [0x0000023ac3dfda80,0x0000023ac3dfe710] = 3216
 nul chk table  [0x0000023ac3dfe710,0x0000023ac3dfe818] = 264

[Constant Pool (empty)]

[MachCode]
[Entry Point]
  # {method} {0x0000023a8a2b7f90} 'snapshot' '(Ljava/io/File;Lorg/jetbrains/kotlin/buildtools/api/jvm/ClassSnapshotGranularity;Lorg/jetbrains/kotlin/build/report/metrics/BuildMetricsReporter;)Lorg/jetbrains/kotlin/incremental/classpathDiff/ClasspathEntrySnapshot;' in 'org/jetbrains/kotlin/incremental/classpathDiff/ClasspathEntrySnapshotter'
  # this:     rdx:rdx   = 'org/jetbrains/kotlin/incremental/classpathDiff/ClasspathEntrySnapshotter'
  # parm0:    r8:r8     = 'java/io/File'
  # parm1:    r9:r9     = 'org/jetbrains/kotlin/buildtools/api/jvm/ClassSnapshotGranularity'
  # parm2:    rdi:rdi   = 'org/jetbrains/kotlin/build/report/metrics/BuildMetricsReporter'
  #           [sp+0x1c0]  (sp of caller)
  0x0000023ac3df5740: 448b 5208 | 49bb 0000 | 00d7 3a02 | 0000 4d03 | d34c 3bd0 

  0x0000023ac3df5754: ;   {runtime_call ic_miss_stub}
  0x0000023ac3df5754: 0f85 2673 | 7103 660f | 1f44 0000 
[Verified Entry Point]
  0x0000023ac3df5760: 8984 2400 | 90ff ff55 | 4881 ecb0 | 0100 004c | 8984 24c0 | 0000 004c | 898c 24b0 | 0000 0048 
  0x0000023ac3df5780: 89bc 24b8 

  0x0000023ac3df5784: ;   {metadata(method data for {method} {0x0000023a8a2b7f90} 'snapshot' '(Ljava/io/File;Lorg/jetbrains/kotlin/buildtools/api/jvm/ClassSnapshotGranularity;Lorg/jetbrains/kotlin/build/report/metrics/BuildMetricsReporter;)Lorg/jetbrains/kotlin/incremental/classpathDiff/ClasspathEntrySnapshot;' in 'org/jetbrains/kotlin/incremental/classpathDiff/ClasspathEntrySnapshotter')}
  0x0000023ac3df5784: 0000 0048 | be00 8077 | 8a3a 0200 | 008b 86cc | 0000 0083 | c002 8986 | cc00 0000 | 25fe 0700 
  0x0000023ac3df57a4: 0083 f800 | 0f84 bb49 

  0x0000023ac3df57ac: ;   {metadata(method data for {method} {0x0000023a8a2b7f90} 'snapshot' '(Ljava/io/File;Lorg/jetbrains/kotlin/buildtools/api/jvm/ClassSnapshotGranularity;Lorg/jetbrains/kotlin/build/report/metrics/BuildMetricsReporter;)Lorg/jetbrains/kotlin/incremental/classpathDiff/ClasspathEntrySnapshot;' in 'org/jetbrains/kotlin/incremental/classpathDiff/ClasspathEntrySnapshotter')}
  0x0000023ac3df57ac: 0000 48ba | 0080 778a | 3a02 0000 | 4883 8210 | 0100 0001 

  0x0000023ac3df57c0: ;   {metadata(method data for {method} {0x0000023a8a2b4178} 'checkNotNullParameter' '(Ljava/lang/Object;Ljava/lang/String;)V' in 'kotlin/jvm/internal/Intrinsics')}
  0x0000023ac3df57c0: 48ba 0000 | 3f8a 3a02 | 0000 8bb2 | cc00 0000 | 83c6 0289 | b2cc 0000 | 0081 e6fe | ff1f 0083 
  0x0000023ac3df57e0: fe00 0f84 | a249 0000 | 4983 f800 

  0x0000023ac3df57ec: ;   {metadata(method data for {method} {0x0000023a8a2b4178} 'checkNotNullParameter' '(Ljava/lang/Object;Ljava/lang/String;)V' in 'kotlin/jvm/internal/Intrinsics')}
  0x0000023ac3df57ec: 48ba 0000 | 3f8a 3a02 | 0000 48be | 1001 0000 | 0000 0000 | 0f85 0a00 | 0000 48be | 2001 0000 
  0x0000023ac3df580c: 0000 0000 | 488b 0432 | 488d 4001 | 4889 0432 | 0f85 0a02 

  0x0000023ac3df5820: ;   {metadata(method data for {method} {0x0000023a8a2b4178} 'checkNotNullParameter' '(Ljava/lang/Object;Ljava/lang/String;)V' in 'kotlin/jvm/internal/Intrinsics')}
  0x0000023ac3df5820: 0000 48ba | 0000 3f8a | 3a02 0000 | 4883 8230 | 0100 0001 

  0x0000023ac3df5834: ;   {metadata(method data for {method} {0x0000023a8a2b42d8} 'throwParameterIsNullNPE' '(Ljava/lang/String;)V' in 'kotlin/jvm/internal/Intrinsics')}
  0x0000023ac3df5834: 48ba 8801 | 3f8a 3a02 | 0000 8bb2 | cc00 0000 | 83c6 0289 | b2cc 0000 | 0081 e6fe | ff1f 0083 
  0x0000023ac3df5854: fe00 0f84 | 4f49 0000 | 0f1f 4000 

  0x0000023ac3df5860: ;   {no_reloc}
  0x0000023ac3df5860: e976 4900 | 0000 0000 | 0000 498b | 8708 0100 | 0048 8d78 | 3049 3bbf | 1801 0000 | 0f87 6349 
  0x0000023ac3df5880: 0000 4989 | bf08 0100 | 0048 c700 | 0100 0000 | 488b ca49 | ba00 0000 | d73a 0200 | 0049 2bca 
  0x0000023ac3df58a0: 8948 0848 | 33c9 8948 | 0c48 33c9 | 4889 4810 | 4889 4818 | 4889 4820 | 4889 4828 

  0x0000023ac3df58bc: ;   {metadata(method data for {method} {0x0000023a8a2b42d8} 'throwParameterIsNullNPE' '(Ljava/lang/String;)V' in 'kotlin/jvm/internal/Intrinsics')}
  0x0000023ac3df58bc: 48ba 8801 | 3f8a 3a02 | 0000 4883 | 8210 0100 

  0x0000023ac3df58cc: ;   {oop("classpathEntry"{0x000000008470c258})}
  0x0000023ac3df58cc: 0001 48ba | 58c2 7084 | 0000 0000 | 4889 8424 | a800 0000 | 0f1f 8000 

  0x0000023ac3df58e4: ;   {static_call}
  0x0000023ac3df58e4: 0000 00e8 

  0x0000023ac3df58e8: ; ImmutableOopMap {[168]=Oop [184]=Oop [192]=Oop [176]=Oop }
                      ;*invokestatic createParameterIsNullExceptionMessage {reexecute=0 rethrow=0 return_oop=0}
                      ; - kotlin.jvm.internal.Intrinsics::throwParameterIsNullNPE@5 (line 140)
                      ; - kotlin.jvm.internal.Intrinsics::checkNotNullParameter@5 (line 131)
                      ; - org.jetbrains.kotlin.incremental.classpathDiff.ClasspathEntrySnapshotter::snapshot@3
  0x0000023ac3df58e8: 947a 7103 | 4c8b 8424 | a800 0000 

  0x0000023ac3df58f4: ;   {metadata(method data for {method} {0x0000023a8a2b42d8} 'throwParameterIsNullNPE' '(Ljava/lang/String;)V' in 'kotlin/jvm/internal/Intrinsics')}
  0x0000023ac3df58f4: 48ba 8801 | 3f8a 3a02 | 0000 4883 | 8220 0100 | 0001 4c8b | c048 8b94 | 24a8 0000 | 0066 0f1f 
  0x0000023ac3df5914: ;   {optimized virtual_call}
  0x0000023ac3df5914: 4400 00e8 

  0x0000023ac3df5918: ; ImmutableOopMap {[168]=Oop [184]=Oop [192]=Oop [176]=Oop }
                      ;*invokespecial <init> {reexecute=0 rethrow=0 return_oop=0}
                      ; - kotlin.jvm.internal.Intrinsics::throwParameterIsNullNPE@8 (line 140)
                      ; - kotlin.jvm.internal.Intrinsics::checkNotNullParameter@5 (line 131)
                      ; - org.jetbrains.kotlin.incremental.classpathDiff.ClasspathEntrySnapshotter::snapshot@3
  0x0000023ac3df5918: 6474 7103 

  0x0000023ac3df591c: ;   {metadata(method data for {method} {0x0000023a8a2b42d8} 'throwParameterIsNullNPE' '(Ljava/lang/String;)V' in 'kotlin/jvm/internal/Intrinsics')}
  0x0000023ac3df591c: 48ba 8801 | 3f8a 3a02 | 0000 4883 | 8230 0100 

  0x0000023ac3df592c: ;   {metadata(method data for {method} {0x0000023a8a2b52a0} 'sanitizeStackTrace' '(Ljava/lang/Throwable;)Ljava/lang/Throwable;' in 'kotlin/jvm/internal/Intrinsics')}
  0x0000023ac3df592c: 0001 48ba | 6808 3f8a | 3a02 0000 | 8bb2 cc00 | 0000 83c6 | 0289 b2cc | 0000 0081 | e6fe ff1f 
  0x0000023ac3df594c: 0083 fe00 | 0f84 9c48 

  0x0000023ac3df5954: ;   {oop(a 'java/lang/Class'{0x000000008b24b988} = 'kotlin/jvm/internal/Intrinsics')}
  0x0000023ac3df5954: 0000 48ba | 88b9 248b | 0000 0000 

  0x0000023ac3df5960: ;   {metadata(method data for {method} {0x0000023a8a2b52a0} 'sanitizeStackTrace' '(Ljava/lang/Throwable;)Ljava/lang/Throwable;' in 'kotlin/jvm/internal/Intrinsics')}
  0x0000023ac3df5960: 488b f248 | bf68 083f | 8a3a 0200 | 0048 8387 | 1001 0000 

  0x0000023ac3df5974: ;   {metadata(method data for {method} {0x0000023ad7445570} 'getName' '()Ljava/lang/String;' in 'java/lang/Class')}
  0x0000023ac3df5974: 0148 bef0 | 0b06 f23a | 0200 008b | becc 0000 | 0083 c702 | 89be cc00 | 0000 81e7 | feff 1f00 
  0x0000023ac3df5994: 83ff 000f | 8476 4800 | 008b 522c | 4883 fa00 

  0x0000023ac3df59a4: ;   {metadata(method data for {method} {0x0000023ad7445570} 'getName' '()Ljava/lang/String;' in 'java/lang/Class')}
  0x0000023ac3df59a4: 48be f00b | 06f2 3a02 | 0000 48bf | 1001 0000 | 0000 0000 | 0f84 0a00 | 0000 48bf | 2001 0000 
  0x0000023ac3df59c4: 0000 0000 | 488b 1c3e | 488d 5b01 | 4889 1c3e | 0f84 1800 

  0x0000023ac3df59d8: ;   {metadata(method data for {method} {0x0000023ad7445570} 'getName' '()Ljava/lang/String;' in 'java/lang/Class')}
  0x0000023ac3df59d8: 0000 48be | f00b 06f2 | 3a02 0000 | ff86 3001 | 0000 488b | f2e9 2d00 

  0x0000023ac3df59f0: ;   {oop(a 'java/lang/Class'{0x000000008b24b988} = 'kotlin/jvm/internal/Intrinsics')}
  0x0000023ac3df59f0: 0000 48ba | 88b9 248b | 0000 0000 

  0x0000023ac3df59fc: ;   {metadata(method data for {method} {0x0000023ad7445570} 'getName' '()Ljava/lang/String;' in 'java/lang/Class')}
  0x0000023ac3df59fc: 488b f248 | bff0 0b06 | f23a 0200 | 0048 8387 | 4801 0000 | 0166 0f1f 

  0x0000023ac3df5a14: ;   {optimized virtual_call}
  0x0000023ac3df5a14: 4400 00e8 

  0x0000023ac3df5a18: ; ImmutableOopMap {[168]=Oop [184]=Oop [192]=Oop [176]=Oop }
                      ;*invokevirtual initClassName {reexecute=0 rethrow=0 return_oop=0}
                      ; - java.lang.Class::getName@14 (line 863)
                      ; - kotlin.jvm.internal.Intrinsics::sanitizeStackTrace@3 (line 253)
                      ; - kotlin.jvm.internal.Intrinsics::throwParameterIsNullNPE@11 (line 140)
                      ; - kotlin.jvm.internal.Intrinsics::checkNotNullParameter@5 (line 131)
                      ; - org.jetbrains.kotlin.incremental.classpathDiff.ClasspathEntrySnapshotter::snapshot@3
  0x0000023ac3df5a18: 6473 7103 | 488b f048 | 8b84 24a8 | 0000 00e9 | 7144 0000 

  0x0000023ac3df5a2c: ;   {metadata(method data for {method} {0x0000023a8a2b7f90} 'snapshot' '(Ljava/io/File;Lorg/jetbrains/kotlin/buildtools/api/jvm/ClassSnapshotGranularity;Lorg/jetbrains/kotlin/build/report/metrics/BuildMetricsReporter;)Lorg/jetbrains/kotlin/incremental/classpathDiff/ClasspathEntrySnapshot;' in 'org/jetbrains/kotlin/incremental/classpathDiff/ClasspathEntrySnapshotter')}
  0x0000023ac3df5a2c: 48ba 0080 | 778a 3a02 | 0000 4883 | 8220 0100 

  0x0000023ac3df5a3c: ;   {metadata(method data for {method} {0x0000023a8a2b4178} 'checkNotNullParameter' '(Ljava/lang/Object;Ljava/lang/String;)V' in 'kotlin/jvm/internal/Intrinsics')}
  0x0000023ac3df5a3c: 0001 48ba | 0000 3f8a | 3a02 0000 | 8bb2 cc00 | 0000 83c6 | 0289 b2cc | 0000 0081 | e6fe ff1f 
  0x0000023ac3df5a5c: 0083 fe00 | 0f84 d347 | 0000 4983 

  0x0000023ac3df5a68: ;   {metadata(method data for {method} {0x0000023a8a2b4178} 'checkNotNullParameter' '(Ljava/lang/Object;Ljava/lang/String;)V' in 'kotlin/jvm/internal/Intrinsics')}
  0x0000023ac3df5a68: f900 48ba | 0000 3f8a | 3a02 0000 | 48be 1001 | 0000 0000 | 0000 0f85 | 0a00 0000 | 48be 2001 
  0x0000023ac3df5a88: 0000 0000 | 0000 488b | 3c32 488d | 7f01 4889 | 3c32 0f85 | 0c02 0000 

  0x0000023ac3df5aa0: ;   {metadata(method data for {method} {0x0000023a8a2b4178} 'checkNotNullParameter' '(Ljava/lang/Object;Ljava/lang/String;)V' in 'kotlin/jvm/internal/Intrinsics')}
  0x0000023ac3df5aa0: 48ba 0000 | 3f8a 3a02 | 0000 4883 | 8230 0100 

  0x0000023ac3df5ab0: ;   {metadata(method data for {method} {0x0000023a8a2b42d8} 'throwParameterIsNullNPE' '(Ljava/lang/String;)V' in 'kotlin/jvm/internal/Intrinsics')}
  0x0000023ac3df5ab0: 0001 48ba | 8801 3f8a | 3a02 0000 | 8bb2 cc00 | 0000 83c6 | 0289 b2cc | 0000 0081 | e6fe ff1f 
  0x0000023ac3df5ad0: 0083 fe00 | 0f84 8047 | 0000 660f | 1f44 0000 

  0x0000023ac3df5ae0: ;   {no_reloc}
  0x0000023ac3df5ae0: e9a5 4700 | 0000 0000 | 0000 498b | 8708 0100 | 0048 8d78 | 3049 3bbf | 1801 0000 | 0f87 9247 
  0x0000023ac3df5b00: 0000 4989 | bf08 0100 | 0048 c700 | 0100 0000 | 488b ca49 | ba00 0000 | d73a 0200 | 0049 2bca 
  0x0000023ac3df5b20: 8948 0848 | 33c9 8948 | 0c48 33c9 | 4889 4810 | 4889 4818 | 4889 4820 | 4889 4828 

  0x0000023ac3df5b3c: ;   {metadata(method data for {method} {0x0000023a8a2b42d8} 'throwParameterIsNullNPE' '(Ljava/lang/String;)V' in 'kotlin/jvm/internal/Intrinsics')}
  0x0000023ac3df5b3c: 48ba 8801 | 3f8a 3a02 | 0000 4883 | 8210 0100 

  0x0000023ac3df5b4c: ;   {oop("granularity"{0x00000000846ff058})}
  0x0000023ac3df5b4c: 0001 48ba | 58f0 6f84 | 0000 0000 | 4889 8424 | c800 0000 | 0f1f 8000 

  0x0000023ac3df5b64: ;   {static_call}
  0x0000023ac3df5b64: 0000 00e8 

  0x0000023ac3df5b68: ; ImmutableOopMap {[184]=Oop [192]=Oop [200]=Oop [176]=Oop }
                      ;*invokestatic createParameterIsNullExceptionMessage {reexecute=0 rethrow=0 return_oop=0}
                      ; - kotlin.jvm.internal.Intrinsics::throwParameterIsNullNPE@5 (line 140)
                      ; - kotlin.jvm.internal.Intrinsics::checkNotNullParameter@5 (line 131)
                      ; - org.jetbrains.kotlin.incremental.classpathDiff.ClasspathEntrySnapshotter::snapshot@9
  0x0000023ac3df5b68: 1478 7103 | 4c8b 8424 | c800 0000 

  0x0000023ac3df5b74: ;   {metadata(method data for {method} {0x0000023a8a2b42d8} 'throwParameterIsNullNPE' '(Ljava/lang/String;)V' in 'kotlin/jvm/internal/Intrinsics')}
  0x0000023ac3df5b74: 48ba 8801 | 3f8a 3a02 | 0000 4883 | 8220 0100 | 0001 4c8b | c048 8b94 | 24c8 0000 | 0066 0f1f 
  0x0000023ac3df5b94: ;   {optimized virtual_call}
  0x0000023ac3df5b94: 4400 00e8 

  0x0000023ac3df5b98: ; ImmutableOopMap {[184]=Oop [192]=Oop [200]=Oop [176]=Oop }
                      ;*invokespecial <init> {reexecute=0 rethrow=0 return_oop=0}
                      ; - kotlin.jvm.internal.Intrinsics::throwParameterIsNullNPE@8 (line 140)
                      ; - kotlin.jvm.internal.Intrinsics::checkNotNullParameter@5 (line 131)
                      ; - org.jetbrains.kotlin.incremental.classpathDiff.ClasspathEntrySnapshotter::snapshot@9
  0x0000023ac3df5b98: e471 7103 

  0x0000023ac3df5b9c: ;   {metadata(method data for {method} {0x0000023a8a2b42d8} 'throwParameterIsNullNPE' '(Ljava/lang/String;)V' in 'kotlin/jvm/internal/Intrinsics')}
  0x0000023ac3df5b9c: 48ba 8801 | 3f8a 3a02 | 0000 4883 | 8230 0100 

  0x0000023ac3df5bac: ;   {metadata(method data for {method} {0x0000023a8a2b52a0} 'sanitizeStackTrace' '(Ljava/lang/Throwable;)Ljava/lang/Throwable;' in 'kotlin/jvm/internal/Intrinsics')}
  0x0000023ac3df5bac: 0001 48ba | 6808 3f8a | 3a02 0000 | 8bb2 cc00 | 0000 83c6 | 0289 b2cc | 0000 0081 | e6fe ff1f 
  0x0000023ac3df5bcc: 0083 fe00 | 0f84 cb46 

  0x0000023ac3df5bd4: ;   {oop(a 'java/lang/Class'{0x000000008b24b988} = 'kotlin/jvm/internal/Intrinsics')}
  0x0000023ac3df5bd4: 0000 48ba | 88b9 248b | 0000 0000 

  0x0000023ac3df5be0: ;   {metadata(method data for {method} {0x0000023a8a2b52a0} 'sanitizeStackTrace' '(Ljava/lang/Throwable;)Ljava/lang/Throwable;' in 'kotlin/jvm/internal/Intrinsics')}
  0x0000023ac3df5be0: 488b f248 | bf68 083f | 8a3a 0200 | 0048 8387 | 1001 0000 

  0x0000023ac3df5bf4: ;   {metadata(method data for {method} {0x0000023ad7445570} 'getName' '()Ljava/lang/String;' in 'java/lang/Class')}
  0x0000023ac3df5bf4: 0148 bef0 | 0b06 f23a | 0200 008b | becc 0000 | 0083 c702 | 89be cc00 | 0000 81e7 | feff 1f00 
  0x0000023ac3df5c14: 83ff 000f | 84a5 4600 | 008b 522c | 4883 fa00 

  0x0000023ac3df5c24: ;   {metadata(method data for {method} {0x0000023ad7445570} 'getName' '()Ljava/lang/String;' in 'java/lang/Class')}
  0x0000023ac3df5c24: 48be f00b | 06f2 3a02 | 0000 48bf | 1001 0000 | 0000 0000 | 0f84 0a00 | 0000 48bf | 2001 0000 
  0x0000023ac3df5c44: 0000 0000 | 488b 1c3e | 488d 5b01 | 4889 1c3e | 0f84 1800 

  0x0000023ac3df5c58: ;   {metadata(method data for {method} {0x0000023ad7445570} 'getName' '()Ljava/lang/String;' in 'java/lang/Class')}
  0x0000023ac3df5c58: 0000 48be | f00b 06f2 | 3a02 0000 | ff86 3001 | 0000 488b | f2e9 2d00 

  0x0000023ac3df5c70: ;   {oop(a 'java/lang/Class'{0x000000008b24b988} = 'kotlin/jvm/internal/Intrinsics')}
  0x0000023ac3df5c70: 0000 48ba | 88b9 248b | 0000 0000 

  0x0000023ac3df5c7c: ;   {metadata(method data for {method} {0x0000023ad7445570} 'getName' '()Ljava/lang/String;' in 'java/lang/Class')}
  0x0000023ac3df5c7c: 488b f248 | bff0 0b06 | f23a 0200 | 0048 8387 | 4801 0000 | 0166 0f1f 

  0x0000023ac3df5c94: ;   {optimized virtual_call}
  0x0000023ac3df5c94: 4400 00e8 

  0x0000023ac3df5c98: ; ImmutableOopMap {[184]=Oop [192]=Oop [200]=Oop [176]=Oop }
                      ;*invokevirtual initClassName {reexecute=0 rethrow=0 return_oop=0}
                      ; - java.lang.Class::getName@14 (line 863)
                      ; - kotlin.jvm.internal.Intrinsics::sanitizeStackTrace@3 (line 253)
                      ; - kotlin.jvm.internal.Intrinsics::throwParameterIsNullNPE@11 (line 140)
                      ; - kotlin.jvm.internal.Intrinsics::checkNotNullParameter@5 (line 131)
                      ; - org.jetbrains.kotlin.incremental.classpathDiff.ClasspathEntrySnapshotter::snapshot@9
  0x0000023ac3df5c98: e470 7103 | 488b f048 | 8b84 24c8 | 0000 00e9 | d940 0000 | 488b bc24 | b800 0000 

  0x0000023ac3df5cb4: ;   {metadata(method data for {method} {0x0000023a8a2b7f90} 'snapshot' '(Ljava/io/File;Lorg/jetbrains/kotlin/buildtools/api/jvm/ClassSnapshotGranularity;Lorg/jetbrains/kotlin/build/report/metrics/BuildMetricsReporter;)Lorg/jetbrains/kotlin/incremental/classpathDiff/ClasspathEntrySnapshot;' in 'org/jetbrains/kotlin/incremental/classpathDiff/ClasspathEntrySnapshotter')}
  0x0000023ac3df5cb4: 48ba 0080 | 778a 3a02 | 0000 4883 | 8230 0100 

  0x0000023ac3df5cc4: ;   {metadata(method data for {method} {0x0000023a8a2b4178} 'checkNotNullParameter' '(Ljava/lang/Object;Ljava/lang/String;)V' in 'kotlin/jvm/internal/Intrinsics')}
  0x0000023ac3df5cc4: 0001 48ba | 0000 3f8a | 3a02 0000 | 8bb2 cc00 | 0000 83c6 | 0289 b2cc | 0000 0081 | e6fe ff1f 
  0x0000023ac3df5ce4: 0083 fe00 | 0f84 fa45 | 0000 4883 

  0x0000023ac3df5cf0: ;   {metadata(method data for {method} {0x0000023a8a2b4178} 'checkNotNullParameter' '(Ljava/lang/Object;Ljava/lang/String;)V' in 'kotlin/jvm/internal/Intrinsics')}
  0x0000023ac3df5cf0: ff00 48ba | 0000 3f8a | 3a02 0000 | 48be 1001 | 0000 0000 | 0000 0f85 | 0a00 0000 | 48be 2001 
  0x0000023ac3df5d10: 0000 0000 | 0000 488b | 0432 488d | 4001 4889 | 0432 0f85 | 0c02 0000 

  0x0000023ac3df5d28: ;   {metadata(method data for {method} {0x0000023a8a2b4178} 'checkNotNullParameter' '(Ljava/lang/Object;Ljava/lang/String;)V' in 'kotlin/jvm/internal/Intrinsics')}
  0x0000023ac3df5d28: 48ba 0000 | 3f8a 3a02 | 0000 4883 | 8230 0100 

  0x0000023ac3df5d38: ;   {metadata(method data for {method} {0x0000023a8a2b42d8} 'throwParameterIsNullNPE' '(Ljava/lang/String;)V' in 'kotlin/jvm/internal/Intrinsics')}
  0x0000023ac3df5d38: 0001 48ba | 8801 3f8a | 3a02 0000 | 8bb2 cc00 | 0000 83c6 | 0289 b2cc | 0000 0081 | e6fe ff1f 
  0x0000023ac3df5d58: 0083 fe00 | 0f84 a745 | 0000 660f | 1f44 0000 

  0x0000023ac3df5d68: ;   {no_reloc}
  0x0000023ac3df5d68: e9cc 4500 | 0000 0000 | 0000 498b | 8708 0100 | 0048 8d78 | 3049 3bbf | 1801 0000 | 0f87 b945 
  0x0000023ac3df5d88: 0000 4989 | bf08 0100 | 0048 c700 | 0100 0000 | 488b ca49 | ba00 0000 | d73a 0200 | 0049 2bca 
  0x0000023ac3df5da8: 8948 0848 | 33c9 8948 | 0c48 33c9 | 4889 4810 | 4889 4818 | 4889 4820 | 4889 4828 

  0x0000023ac3df5dc4: ;   {metadata(method data for {method} {0x0000023a8a2b42d8} 'throwParameterIsNullNPE' '(Ljava/lang/String;)V' in 'kotlin/jvm/internal/Intrinsics')}
  0x0000023ac3df5dc4: 48ba 8801 | 3f8a 3a02 | 0000 4883 | 8210 0100 

  0x0000023ac3df5dd4: ;   {oop("metrics"{0x0000000084704bd0})}
  0x0000023ac3df5dd4: 0001 48ba | d04b 7084 | 0000 0000 | 4889 8424 | d000 0000 | 0f1f 8000 

  0x0000023ac3df5dec: ;   {static_call}
  0x0000023ac3df5dec: 0000 00e8 

  0x0000023ac3df5df0: ; ImmutableOopMap {[192]=Oop [176]=Oop [184]=Oop [208]=Oop }
                      ;*invokestatic createParameterIsNullExceptionMessage {reexecute=0 rethrow=0 return_oop=0}
                      ; - kotlin.jvm.internal.Intrinsics::throwParameterIsNullNPE@5 (line 140)
                      ; - kotlin.jvm.internal.Intrinsics::checkNotNullParameter@5 (line 131)
                      ; - org.jetbrains.kotlin.incremental.classpathDiff.ClasspathEntrySnapshotter::snapshot@15
  0x0000023ac3df5df0: 8c75 7103 | 4c8b 8424 | d000 0000 

  0x0000023ac3df5dfc: ;   {metadata(method data for {method} {0x0000023a8a2b42d8} 'throwParameterIsNullNPE' '(Ljava/lang/String;)V' in 'kotlin/jvm/internal/Intrinsics')}
  0x0000023ac3df5dfc: 48ba 8801 | 3f8a 3a02 | 0000 4883 | 8220 0100 | 0001 4c8b | c048 8b94 | 24d0 0000 | 0066 0f1f 
  0x0000023ac3df5e1c: ;   {optimized virtual_call}
  0x0000023ac3df5e1c: 4400 00e8 

  0x0000023ac3df5e20: ; ImmutableOopMap {[192]=Oop [176]=Oop [184]=Oop [208]=Oop }
                      ;*invokespecial <init> {reexecute=0 rethrow=0 return_oop=0}
                      ; - kotlin.jvm.internal.Intrinsics::throwParameterIsNullNPE@8 (line 140)
                      ; - kotlin.jvm.internal.Intrinsics::checkNotNullParameter@5 (line 131)
                      ; - org.jetbrains.kotlin.incremental.classpathDiff.ClasspathEntrySnapshotter::snapshot@15
  0x0000023ac3df5e20: 5c6f 7103 

  0x0000023ac3df5e24: ;   {metadata(method data for {method} {0x0000023a8a2b42d8} 'throwParameterIsNullNPE' '(Ljava/lang/String;)V' in 'kotlin/jvm/internal/Intrinsics')}
  0x0000023ac3df5e24: 48ba 8801 | 3f8a 3a02 | 0000 4883 | 8230 0100 

  0x0000023ac3df5e34: ;   {metadata(method data for {method} {0x0000023a8a2b52a0} 'sanitizeStackTrace' '(Ljava/lang/Throwable;)Ljava/lang/Throwable;' in 'kotlin/jvm/internal/Intrinsics')}
  0x0000023ac3df5e34: 0001 48ba | 6808 3f8a | 3a02 0000 | 8bb2 cc00 | 0000 83c6 | 0289 b2cc | 0000 0081 | e6fe ff1f 
  0x0000023ac3df5e54: 0083 fe00 | 0f84 f244 

  0x0000023ac3df5e5c: ;   {oop(a 'java/lang/Class'{0x000000008b24b988} = 'kotlin/jvm/internal/Intrinsics')}
  0x0000023ac3df5e5c: 0000 48ba | 88b9 248b | 0000 0000 

  0x0000023ac3df5e68: ;   {metadata(method data for {method} {0x0000023a8a2b52a0} 'sanitizeStackTrace' '(Ljava/lang/Throwable;)Ljava/lang/Throwable;' in 'kotlin/jvm/internal/Intrinsics')}
  0x0000023ac3df5e68: 488b f248 | bf68 083f | 8a3a 0200 | 0048 8387 | 1001 0000 

  0x0000023ac3df5e7c: ;   {metadata(method data for {method} {0x0000023ad7445570} 'getName' '()Ljava/lang/String;' in 'java/lang/Class')}
  0x0000023ac3df5e7c: 0148 bef0 | 0b06 f23a | 0200 008b | becc 0000 | 0083 c702 | 89be cc00 | 0000 81e7 | feff 1f00 
  0x0000023ac3df5e9c: 83ff 000f | 84cc 4400 | 008b 522c | 4883 fa00 

  0x0000023ac3df5eac: ;   {metadata(method data for {method} {0x0000023ad7445570} 'getName' '()Ljava/lang/String;' in 'java/lang/Class')}
  0x0000023ac3df5eac: 48be f00b | 06f2 3a02 | 0000 48bf | 1001 0000 | 0000 0000 | 0f84 0a00 | 0000 48bf | 2001 0000 
  0x0000023ac3df5ecc: 0000 0000 | 488b 1c3e | 488d 5b01 | 4889 1c3e | 0f84 1800 

  0x0000023ac3df5ee0: ;   {metadata(method data for {method} {0x0000023ad7445570} 'getName' '()Ljava/lang/String;' in 'java/lang/Class')}
  0x0000023ac3df5ee0: 0000 48be | f00b 06f2 | 3a02 0000 | ff86 3001 | 0000 488b | f2e9 2d00 

  0x0000023ac3df5ef8: ;   {oop(a 'java/lang/Class'{0x000000008b24b988} = 'kotlin/jvm/internal/Intrinsics')}
  0x0000023ac3df5ef8: 0000 48ba | 88b9 248b | 0000 0000 

  0x0000023ac3df5f04: ;   {metadata(method data for {method} {0x0000023ad7445570} 'getName' '()Ljava/lang/String;' in 'java/lang/Class')}
  0x0000023ac3df5f04: 488b f248 | bff0 0b06 | f23a 0200 | 0048 8387 | 4801 0000 | 0166 0f1f 

  0x0000023ac3df5f1c: ;   {optimized virtual_call}
  0x0000023ac3df5f1c: 4400 00e8 

  0x0000023ac3df5f20: ; ImmutableOopMap {[192]=Oop [176]=Oop [184]=Oop [208]=Oop }
                      ;*invokevirtual initClassName {reexecute=0 rethrow=0 return_oop=0}
                      ; - java.lang.Class::getName@14 (line 863)
                      ; - kotlin.jvm.internal.Intrinsics::sanitizeStackTrace@3 (line 253)
                      ; - kotlin.jvm.internal.Intrinsics::throwParameterIsNullNPE@11 (line 140)
                      ; - kotlin.jvm.internal.Intrinsics::checkNotNullParameter@5 (line 131)
                      ; - org.jetbrains.kotlin.incremental.classpathDiff.ClasspathEntrySnapshotter::snapshot@15
  0x0000023ac3df5f20: 5c6e 7103 | 488b f048 | 8b84 24d0 | 0000 00e9 | 353d 0000 

  0x0000023ac3df5f34: ;   {oop(a 'org/jetbrains/kotlin/incremental/classpathDiff/DirectoryOrJarReader$Companion'{0x000000008b769120})}
  0x0000023ac3df5f34: 48ba 2091 | 768b 0000 | 0000 4c8b 

  0x0000023ac3df5f40: ;   {metadata(method data for {method} {0x0000023a8a2b7f90} 'snapshot' '(Ljava/io/File;Lorg/jetbrains/kotlin/buildtools/api/jvm/ClassSnapshotGranularity;Lorg/jetbrains/kotlin/build/report/metrics/BuildMetricsReporter;)Lorg/jetbrains/kotlin/incremental/classpathDiff/ClasspathEntrySnapshot;' in 'org/jetbrains/kotlin/incremental/classpathDiff/ClasspathEntrySnapshotter')}
  0x0000023ac3df5f40: c248 be00 | 8077 8a3a | 0200 0048 | 8386 4001 | 0000 014c | 8b84 24c0 | 0000 000f 

  0x0000023ac3df5f5c: ;   {optimized virtual_call}
  0x0000023ac3df5f5c: 1f40 00e8 

  0x0000023ac3df5f60: ; ImmutableOopMap {[192]=Oop [176]=Oop [184]=Oop }
                      ;*invokevirtual create {reexecute=0 rethrow=0 return_oop=0}
                      ; - org.jetbrains.kotlin.incremental.classpathDiff.ClasspathEntrySnapshotter::snapshot@22 (line 47)
  0x0000023ac3df5f60: 3152 0000 | 4883 f800 

  0x0000023ac3df5f68: ;   {metadata(method data for {method} {0x0000023a8a2b7f90} 'snapshot' '(Ljava/io/File;Lorg/jetbrains/kotlin/buildtools/api/jvm/ClassSnapshotGranularity;Lorg/jetbrains/kotlin/build/report/metrics/BuildMetricsReporter;)Lorg/jetbrains/kotlin/incremental/classpathDiff/ClasspathEntrySnapshot;' in 'org/jetbrains/kotlin/incremental/classpathDiff/ClasspathEntrySnapshotter')}
  0x0000023ac3df5f68: 7516 48ba | 0080 778a | 3a02 0000 | 808a 7101 | 0000 01e9 | ee00 0000 

  0x0000023ac3df5f80: ;   {metadata('java/lang/AutoCloseable')}
  0x0000023ac3df5f80: 48bf 1854 | 01d7 3a02 | 0000 8b50 | 0849 ba00 | 0000 d73a | 0200 0049 | 03d2 483b | 7a20 0f84 
  0x0000023ac3df5fa0: 1b00 0000 | 483b d70f | 8412 0000 

  0x0000023ac3df5fac: ;   {runtime_call slow_subtype_check Runtime1 stub}
  0x0000023ac3df5fac: 0052 57e8 | cc15 7c03 | 5a5a 83fa | 000f 8493 

  0x0000023ac3df5fbc: ;   {metadata(method data for {method} {0x0000023a8a2b7f90} 'snapshot' '(Ljava/io/File;Lorg/jetbrains/kotlin/buildtools/api/jvm/ClassSnapshotGranularity;Lorg/jetbrains/kotlin/build/report/metrics/BuildMetricsReporter;)Lorg/jetbrains/kotlin/incremental/classpathDiff/ClasspathEntrySnapshot;' in 'org/jetbrains/kotlin/incremental/classpathDiff/ClasspathEntrySnapshotter')}
  0x0000023ac3df5fbc: 0000 0048 | ba00 8077 | 8a3a 0200 | 008b 7808 | 49ba 0000 | 00d7 3a02 | 0000 4903 | fa48 3bba 
  0x0000023ac3df5fdc: 8801 0000 | 750d 4883 | 8290 0100 | 0001 e97f | 0000 0048 | 3bba 9801 | 0000 750d | 4883 82a0 
  0x0000023ac3df5ffc: 0100 0001 | e969 0000 | 0048 81ba | 8801 0000 | 0000 0000 | 7517 4889 | ba88 0100 | 0048 c782 
  0x0000023ac3df601c: 9001 0000 | 0100 0000 | e945 0000 | 0048 81ba | 9801 0000 | 0000 0000 | 7517 4889 | ba98 0100 
  0x0000023ac3df603c: 0048 c782 | a001 0000 | 0100 0000 | e921 0000 | 00e9 1c00 

  0x0000023ac3df6050: ;   {metadata(method data for {method} {0x0000023a8a2b7f90} 'snapshot' '(Ljava/io/File;Lorg/jetbrains/kotlin/buildtools/api/jvm/ClassSnapshotGranularity;Lorg/jetbrains/kotlin/build/report/metrics/BuildMetricsReporter;)Lorg/jetbrains/kotlin/incremental/classpathDiff/ClasspathEntrySnapshot;' in 'org/jetbrains/kotlin/incremental/classpathDiff/ClasspathEntrySnapshotter')}
  0x0000023ac3df6050: 0000 48ba | 0080 778a | 3a02 0000 | 4883 aa78 | 0100 0001 | e92e 4300 | 00e9 0000 | 0000 488b 
  0x0000023ac3df6070: f048 89b4 | 24e0 0000 | 0048 8bbc | 24b8 0000 | 0048 83fe 

  0x0000023ac3df6084: ;   {metadata(method data for {method} {0x0000023a8a2b7f90} 'snapshot' '(Ljava/io/File;Lorg/jetbrains/kotlin/buildtools/api/jvm/ClassSnapshotGranularity;Lorg/jetbrains/kotlin/build/report/metrics/BuildMetricsReporter;)Lorg/jetbrains/kotlin/incremental/classpathDiff/ClasspathEntrySnapshot;' in 'org/jetbrains/kotlin/incremental/classpathDiff/ClasspathEntrySnapshotter')}
  0x0000023ac3df6084: 0075 1648 | ba00 8077 | 8a3a 0200 | 0080 8aa9 | 0100 0001 | e9ee 0000 

  0x0000023ac3df609c: ;   {metadata('org/jetbrains/kotlin/incremental/classpathDiff/DirectoryOrJarReader')}
  0x0000023ac3df609c: 0048 b878 | 9c54 d93a | 0200 008b | 5608 49ba | 0000 00d7 | 3a02 0000 | 4903 d248 | 3b42 200f 
  0x0000023ac3df60bc: 841b 0000 | 0048 3bd0 | 0f84 1200 | 0000 5250 

  0x0000023ac3df60cc: ;   {runtime_call slow_subtype_check Runtime1 stub}
  0x0000023ac3df60cc: e8af 147c | 035a 5a83 | fa00 0f84 | 9300 0000 

  0x0000023ac3df60dc: ;   {metadata(method data for {method} {0x0000023a8a2b7f90} 'snapshot' '(Ljava/io/File;Lorg/jetbrains/kotlin/buildtools/api/jvm/ClassSnapshotGranularity;Lorg/jetbrains/kotlin/build/report/metrics/BuildMetricsReporter;)Lorg/jetbrains/kotlin/incremental/classpathDiff/ClasspathEntrySnapshot;' in 'org/jetbrains/kotlin/incremental/classpathDiff/ClasspathEntrySnapshotter')}
  0x0000023ac3df60dc: 48ba 0080 | 778a 3a02 | 0000 8b46 | 0849 ba00 | 0000 d73a | 0200 0049 | 03c2 483b | 82c0 0100 
  0x0000023ac3df60fc: 0075 0d48 | 8382 c801 | 0000 01e9 | 7f00 0000 | 483b 82d0 | 0100 0075 | 0d48 8382 | d801 0000 
  0x0000023ac3df611c: 01e9 6900 | 0000 4881 | bac0 0100 | 0000 0000 | 0075 1748 | 8982 c001 | 0000 48c7 | 82c8 0100 
  0x0000023ac3df613c: 0001 0000 | 00e9 4500 | 0000 4881 | bad0 0100 | 0000 0000 | 0075 1748 | 8982 d001 | 0000 48c7 
  0x0000023ac3df615c: 82d8 0100 | 0001 0000 | 00e9 2100 | 0000 e91c 

  0x0000023ac3df616c: ;   {metadata(method data for {method} {0x0000023a8a2b7f90} 'snapshot' '(Ljava/io/File;Lorg/jetbrains/kotlin/buildtools/api/jvm/ClassSnapshotGranularity;Lorg/jetbrains/kotlin/build/report/metrics/BuildMetricsReporter;)Lorg/jetbrains/kotlin/incremental/classpathDiff/ClasspathEntrySnapshot;' in 'org/jetbrains/kotlin/incremental/classpathDiff/ClasspathEntrySnapshotter')}
  0x0000023ac3df616c: 0000 0048 | ba00 8077 | 8a3a 0200 | 0048 83aa | b001 0000 | 01e9 1a42 | 0000 e900 | 0000 0048 
  0x0000023ac3df618c: 8bde 4889 | 9c24 d800 | 0000 4883 | ff00 0f84 | 2800 0000 

  0x0000023ac3df61a0: ;   {metadata('org/jetbrains/kotlin/build/report/metrics/DoNothingBuildMetricsReporter')}
  0x0000023ac3df61a0: 48b9 009a | 54d9 3a02 | 0000 8b57 | 0849 ba00 | 0000 d73a | 0200 0049 | 03d2 483b | ca0f 85e6 
  0x0000023ac3df61c0: 4100 00e9 | 0000 0000 | 4c8b c748 | 3b07 4c8b 

  0x0000023ac3df61d0: ;   {metadata(method data for {method} {0x0000023a8a2b7f90} 'snapshot' '(Ljava/io/File;Lorg/jetbrains/kotlin/buildtools/api/jvm/ClassSnapshotGranularity;Lorg/jetbrains/kotlin/build/report/metrics/BuildMetricsReporter;)Lorg/jetbrains/kotlin/incremental/classpathDiff/ClasspathEntrySnapshot;' in 'org/jetbrains/kotlin/incremental/classpathDiff/ClasspathEntrySnapshotter')}
  0x0000023ac3df61d0: c748 ba00 | 8077 8a3a | 0200 0048 | 8382 3802 

  0x0000023ac3df61e0: ;   {metadata(method data for {method} {0x0000023a8a2bb318} 'startMeasure' '(Lorg/jetbrains/kotlin/build/report/metrics/BuildTime;)V' in 'org/jetbrains/kotlin/build/report/metrics/DoNothingBuildMetricsReporter')}
  0x0000023ac3df61e0: 0000 0149 | b8c8 9058 | 8a3a 0200 | 0041 8b90 | cc00 0000 | 83c2 0241 | 8990 cc00 | 0000 81e2 
  0x0000023ac3df6200: feff 1f00 | 83fa 000f | 84a6 4100 | 004c 8bc7 

  0x0000023ac3df6210: ;   {metadata(method data for {method} {0x0000023a8a2bb318} 'startMeasure' '(Lorg/jetbrains/kotlin/build/report/metrics/BuildTime;)V' in 'org/jetbrains/kotlin/build/report/metrics/DoNothingBuildMetricsReporter')}
  0x0000023ac3df6210: 48ba c890 | 588a 3a02 | 0000 4883 | 8248 0100 

  0x0000023ac3df6220: ;   {metadata(method data for {method} {0x0000023a8a2bab20} 'startMeasure' '(Lorg/jetbrains/kotlin/build/report/metrics/GradleBuildTime;)V' in 'org/jetbrains/kotlin/build/report/metrics/DoNothingBuildMetricsReporter')}
  0x0000023ac3df6220: 0001 49b8 | 9092 588a | 3a02 0000 | 418b 90cc | 0000 0083 | c202 4189 | 90cc 0000 | 0081 e2fe 
  0x0000023ac3df6240: ff1f 0083 | fa00 0f84 | 8841 0000 

  0x0000023ac3df624c: ;   {metadata(method data for {method} {0x0000023a8a2bab20} 'startMeasure' '(Lorg/jetbrains/kotlin/build/report/metrics/GradleBuildTime;)V' in 'org/jetbrains/kotlin/build/report/metrics/DoNothingBuildMetricsReporter')}
  0x0000023ac3df624c: 49b8 9092 | 588a 3a02 | 0000 4983 | 8010 0100 

  0x0000023ac3df625c: ;   {metadata(method data for {method} {0x0000023a8a2b4178} 'checkNotNullParameter' '(Ljava/lang/Object;Ljava/lang/String;)V' in 'kotlin/jvm/internal/Intrinsics')}
  0x0000023ac3df625c: 0001 49b8 | 0000 3f8a | 3a02 0000 | 418b 90cc | 0000 0083 | c202 4189 | 90cc 0000 | 0081 e2fe 
  0x0000023ac3df627c: ff1f 0083 | fa00 0f84 | 6d41 0000 

  0x0000023ac3df6288: ;   {metadata(method data for {method} {0x0000023a8a2b4178} 'checkNotNullParameter' '(Ljava/lang/Object;Ljava/lang/String;)V' in 'kotlin/jvm/internal/Intrinsics')}
  0x0000023ac3df6288: 49b8 0000 | 3f8a 3a02 | 0000 41ff | 8010 0100 | 0048 83fb | 000f 8428 

  0x0000023ac3df62a0: ;   {metadata('org/jetbrains/kotlin/incremental/classpathDiff/JarReader')}
  0x0000023ac3df62a0: 0000 0048 | b900 0055 | d93a 0200 | 008b 5308 | 49ba 0000 | 00d7 3a02 | 0000 4903 | d248 3bca 
  0x0000023ac3df62c0: 0f85 5041 | 0000 e900 | 0000 004c | 8bc3 483b | 034c 8bc3 

  0x0000023ac3df62d4: ;   {metadata(method data for {method} {0x0000023a8a2b7f90} 'snapshot' '(Ljava/io/File;Lorg/jetbrains/kotlin/buildtools/api/jvm/ClassSnapshotGranularity;Lorg/jetbrains/kotlin/build/report/metrics/BuildMetricsReporter;)Lorg/jetbrains/kotlin/incremental/classpathDiff/ClasspathEntrySnapshot;' in 'org/jetbrains/kotlin/incremental/classpathDiff/ClasspathEntrySnapshotter')}
  0x0000023ac3df62d4: 48ba 0080 | 778a 3a02 | 0000 4883 | 8270 0200 

  0x0000023ac3df62e4: ;   {oop(a 'org/jetbrains/kotlin/incremental/classpathDiff/ClasspathEntrySnapshotter$$Lambda$3823+0x0000023ad95495f0'{0x000000008b769280})}
  0x0000023ac3df62e4: 0001 49b8 | 8092 768b | 0000 0000 | 488b d30f 

  0x0000023ac3df62f4: ;   {optimized virtual_call}
  0x0000023ac3df62f4: 1f40 00e8 

  0x0000023ac3df62f8: ; ImmutableOopMap {[192]=Oop [176]=Oop [216]=Oop [184]=Oop [224]=Oop }
                      ;*invokeinterface getUnixStyleRelativePaths {reexecute=0 rethrow=0 return_oop=0}
                      ; - org.jetbrains.kotlin.incremental.classpathDiff.ClasspathEntrySnapshotter::snapshot@79 (line 49)
  0x0000023ac3df62f8: e471 4400 | 4883 f800 

  0x0000023ac3df6300: ;   {metadata(method data for {method} {0x0000023a8a2b7f90} 'snapshot' '(Ljava/io/File;Lorg/jetbrains/kotlin/buildtools/api/jvm/ClassSnapshotGranularity;Lorg/jetbrains/kotlin/build/report/metrics/BuildMetricsReporter;)Lorg/jetbrains/kotlin/incremental/classpathDiff/ClasspathEntrySnapshot;' in 'org/jetbrains/kotlin/incremental/classpathDiff/ClasspathEntrySnapshotter')}
  0x0000023ac3df6300: 7516 48be | 0080 778a | 3a02 0000 | 808e 8902 | 0000 01e9 | ee00 0000 

  0x0000023ac3df6318: ;   {metadata('java/lang/Iterable')}
  0x0000023ac3df6318: 48bf 48dc | 07d7 3a02 | 0000 8b70 | 0849 ba00 | 0000 d73a | 0200 0049 | 03f2 483b | 7e20 0f84 
  0x0000023ac3df6338: 1b00 0000 | 483b f70f | 8412 0000 

  0x0000023ac3df6344: ;   {runtime_call slow_subtype_check Runtime1 stub}
  0x0000023ac3df6344: 0056 57e8 | 3412 7c03 | 5e5e 83fe | 000f 8493 

  0x0000023ac3df6354: ;   {metadata(method data for {method} {0x0000023a8a2b7f90} 'snapshot' '(Ljava/io/File;Lorg/jetbrains/kotlin/buildtools/api/jvm/ClassSnapshotGranularity;Lorg/jetbrains/kotlin/build/report/metrics/BuildMetricsReporter;)Lorg/jetbrains/kotlin/incremental/classpathDiff/ClasspathEntrySnapshot;' in 'org/jetbrains/kotlin/incremental/classpathDiff/ClasspathEntrySnapshotter')}
  0x0000023ac3df6354: 0000 0048 | be00 8077 | 8a3a 0200 | 008b 7808 | 49ba 0000 | 00d7 3a02 | 0000 4903 | fa48 3bbe 
  0x0000023ac3df6374: a002 0000 | 750d 4883 | 86a8 0200 | 0001 e97f | 0000 0048 | 3bbe b002 | 0000 750d | 4883 86b8 
  0x0000023ac3df6394: 0200 0001 | e969 0000 | 0048 81be | a002 0000 | 0000 0000 | 7517 4889 | bea0 0200 | 0048 c786 
  0x0000023ac3df63b4: a802 0000 | 0100 0000 | e945 0000 | 0048 81be | b002 0000 | 0000 0000 | 7517 4889 | beb0 0200 
  0x0000023ac3df63d4: 0048 c786 | b802 0000 | 0100 0000 | e921 0000 | 00e9 1c00 

  0x0000023ac3df63e8: ;   {metadata(method data for {method} {0x0000023a8a2b7f90} 'snapshot' '(Ljava/io/File;Lorg/jetbrains/kotlin/buildtools/api/jvm/ClassSnapshotGranularity;Lorg/jetbrains/kotlin/build/report/metrics/BuildMetricsReporter;)Lorg/jetbrains/kotlin/incremental/classpathDiff/ClasspathEntrySnapshot;' in 'org/jetbrains/kotlin/incremental/classpathDiff/ClasspathEntrySnapshotter')}
  0x0000023ac3df63e8: 0000 48be | 0080 778a | 3a02 0000 | 4883 ae90 | 0200 0001 | e91f 4000 | 00e9 0000 | 0000 488b 
  0x0000023ac3df6408: d848 899c | 24f0 0000 

  0x0000023ac3df6410: ;   {metadata('java/util/ArrayList')}
  0x0000023ac3df6410: 0048 ba18 | df00 d73a | 0200 0049 | 8b87 0801 | 0000 488d | 7818 493b | bf18 0100 | 000f 87f6 
  0x0000023ac3df6430: 3f00 0049 | 89bf 0801 | 0000 48c7 | 0001 0000 | 0048 8bca | 49ba 0000 | 00d7 3a02 | 0000 492b 
  0x0000023ac3df6450: ca89 4808 | 4833 c989 | 480c 4833 | c948 8948 | 1048 8984 | 24f8 0000 

  0x0000023ac3df6468: ;   {metadata(method data for {method} {0x0000023a8a2b7f90} 'snapshot' '(Ljava/io/File;Lorg/jetbrains/kotlin/buildtools/api/jvm/ClassSnapshotGranularity;Lorg/jetbrains/kotlin/build/report/metrics/BuildMetricsReporter;)Lorg/jetbrains/kotlin/incremental/classpathDiff/ClasspathEntrySnapshot;' in 'org/jetbrains/kotlin/incremental/classpathDiff/ClasspathEntrySnapshotter')}
  0x0000023ac3df6468: 0048 ba00 | 8077 8a3a | 0200 0048 | 8382 c802 

  0x0000023ac3df6478: ;   {metadata(method data for {method} {0x0000023a8a323cc8} 'collectionSizeOrDefault' '(Ljava/lang/Iterable;I)I' in 'kotlin/collections/CollectionsKt__IterablesKt')}
  0x0000023ac3df6478: 0000 0148 | bae0 4f5d | 8a3a 0200 | 008b b2cc | 0000 0083 | c602 89b2 | cc00 0000 | 81e6 feff 
  0x0000023ac3df6498: 1f00 83fe | 000f 8493 

  0x0000023ac3df64a0: ;   {metadata(method data for {method} {0x0000023a8a323cc8} 'collectionSizeOrDefault' '(Ljava/lang/Iterable;I)I' in 'kotlin/collections/CollectionsKt__IterablesKt')}
  0x0000023ac3df64a0: 3f00 0048 | bae0 4f5d | 8a3a 0200 | 0048 8382 | 1001 0000 

  0x0000023ac3df64b4: ;   {metadata(method data for {method} {0x0000023a8a2b4178} 'checkNotNullParameter' '(Ljava/lang/Object;Ljava/lang/String;)V' in 'kotlin/jvm/internal/Intrinsics')}
  0x0000023ac3df64b4: 0148 ba00 | 003f 8a3a | 0200 008b | b2cc 0000 | 0083 c602 | 89b2 cc00 | 0000 81e6 | feff 1f00 
  0x0000023ac3df64d4: 83fe 000f | 847a 3f00 | 0048 83fb 

  0x0000023ac3df64e0: ;   {metadata(method data for {method} {0x0000023a8a2b4178} 'checkNotNullParameter' '(Ljava/lang/Object;Ljava/lang/String;)V' in 'kotlin/jvm/internal/Intrinsics')}
  0x0000023ac3df64e0: 0048 ba00 | 003f 8a3a | 0200 0048 | be10 0100 | 0000 0000 | 000f 850a | 0000 0048 | be20 0100 
  0x0000023ac3df6500: 0000 0000 | 0048 8b3c | 3248 8d7f | 0148 893c | 320f 850d 

  0x0000023ac3df6514: ;   {metadata(method data for {method} {0x0000023a8a2b4178} 'checkNotNullParameter' '(Ljava/lang/Object;Ljava/lang/String;)V' in 'kotlin/jvm/internal/Intrinsics')}
  0x0000023ac3df6514: 0200 0048 | ba00 003f | 8a3a 0200 | 0048 8382 | 3001 0000 

  0x0000023ac3df6528: ;   {metadata(method data for {method} {0x0000023a8a2b42d8} 'throwParameterIsNullNPE' '(Ljava/lang/String;)V' in 'kotlin/jvm/internal/Intrinsics')}
  0x0000023ac3df6528: 0148 ba88 | 013f 8a3a | 0200 008b | b2cc 0000 | 0083 c602 | 89b2 cc00 | 0000 81e6 | feff 1f00 
  0x0000023ac3df6548: 83fe 000f | 8427 3f00 | 000f 1f80 | 0000 0000 

  0x0000023ac3df6558: ;   {no_reloc}
  0x0000023ac3df6558: e94b 3f00 | 0000 0000 | 0000 498b | 8708 0100 | 0048 8d78 | 3049 3bbf | 1801 0000 | 0f87 383f 
  0x0000023ac3df6578: 0000 4989 | bf08 0100 | 0048 c700 | 0100 0000 | 488b ca49 | ba00 0000 | d73a 0200 | 0049 2bca 
  0x0000023ac3df6598: 8948 0848 | 33c9 8948 | 0c48 33c9 | 4889 4810 | 4889 4818 | 4889 4820 | 4889 4828 

  0x0000023ac3df65b4: ;   {metadata(method data for {method} {0x0000023a8a2b42d8} 'throwParameterIsNullNPE' '(Ljava/lang/String;)V' in 'kotlin/jvm/internal/Intrinsics')}
  0x0000023ac3df65b4: 48ba 8801 | 3f8a 3a02 | 0000 4883 | 8210 0100 

  0x0000023ac3df65c4: ;   {oop("<this>"{0x000000008112b7a0})}
  0x0000023ac3df65c4: 0001 48ba | a0b7 1281 | 0000 0000 | 4889 8424 | e800 0000 | 0f1f 8000 

  0x0000023ac3df65dc: ;   {static_call}
  0x0000023ac3df65dc: 0000 00e8 

  0x0000023ac3df65e0: ; ImmutableOopMap {[192]=Oop [176]=Oop [216]=Oop [184]=Oop [224]=Oop [240]=Oop [248]=Oop [232]=Oop }
                      ;*invokestatic createParameterIsNullExceptionMessage {reexecute=0 rethrow=0 return_oop=0}
                      ; - kotlin.jvm.internal.Intrinsics::throwParameterIsNullNPE@5 (line 140)
                      ; - kotlin.jvm.internal.Intrinsics::checkNotNullParameter@5 (line 131)
                      ; - kotlin.collections.CollectionsKt__IterablesKt::collectionSizeOrDefault@3
                      ; - org.jetbrains.kotlin.incremental.classpathDiff.ClasspathEntrySnapshotter::snapshot@104 (line 294)
  0x0000023ac3df65e0: 9c6d 7103 | 4c8b 8424 | e800 0000 

  0x0000023ac3df65ec: ;   {metadata(method data for {method} {0x0000023a8a2b42d8} 'throwParameterIsNullNPE' '(Ljava/lang/String;)V' in 'kotlin/jvm/internal/Intrinsics')}
  0x0000023ac3df65ec: 48ba 8801 | 3f8a 3a02 | 0000 4883 | 8220 0100 | 0001 4c8b | c048 8b94 | 24e8 0000 | 0066 0f1f 
  0x0000023ac3df660c: ;   {optimized virtual_call}
  0x0000023ac3df660c: 4400 00e8 

  0x0000023ac3df6610: ; ImmutableOopMap {[192]=Oop [176]=Oop [216]=Oop [184]=Oop [224]=Oop [240]=Oop [248]=Oop [232]=Oop }
                      ;*invokespecial <init> {reexecute=0 rethrow=0 return_oop=0}
                      ; - kotlin.jvm.internal.Intrinsics::throwParameterIsNullNPE@8 (line 140)
                      ; - kotlin.jvm.internal.Intrinsics::checkNotNullParameter@5 (line 131)
                      ; - kotlin.collections.CollectionsKt__IterablesKt::collectionSizeOrDefault@3
                      ; - org.jetbrains.kotlin.incremental.classpathDiff.ClasspathEntrySnapshotter::snapshot@104 (line 294)
  0x0000023ac3df6610: 6c67 7103 

  0x0000023ac3df6614: ;   {metadata(method data for {method} {0x0000023a8a2b42d8} 'throwParameterIsNullNPE' '(Ljava/lang/String;)V' in 'kotlin/jvm/internal/Intrinsics')}
  0x0000023ac3df6614: 48ba 8801 | 3f8a 3a02 | 0000 4883 | 8230 0100 

  0x0000023ac3df6624: ;   {metadata(method data for {method} {0x0000023a8a2b52a0} 'sanitizeStackTrace' '(Ljava/lang/Throwable;)Ljava/lang/Throwable;' in 'kotlin/jvm/internal/Intrinsics')}
  0x0000023ac3df6624: 0001 48ba | 6808 3f8a | 3a02 0000 | 8bb2 cc00 | 0000 83c6 | 0289 b2cc | 0000 0081 | e6fe ff1f 
  0x0000023ac3df6644: 0083 fe00 | 0f84 713e 

  0x0000023ac3df664c: ;   {oop(a 'java/lang/Class'{0x000000008b24b988} = 'kotlin/jvm/internal/Intrinsics')}
  0x0000023ac3df664c: 0000 48ba | 88b9 248b | 0000 0000 

  0x0000023ac3df6658: ;   {metadata(method data for {method} {0x0000023a8a2b52a0} 'sanitizeStackTrace' '(Ljava/lang/Throwable;)Ljava/lang/Throwable;' in 'kotlin/jvm/internal/Intrinsics')}
  0x0000023ac3df6658: 488b f248 | bf68 083f | 8a3a 0200 | 0048 8387 | 1001 0000 

  0x0000023ac3df666c: ;   {metadata(method data for {method} {0x0000023ad7445570} 'getName' '()Ljava/lang/String;' in 'java/lang/Class')}
  0x0000023ac3df666c: 0148 bef0 | 0b06 f23a | 0200 008b | becc 0000 | 0083 c702 | 89be cc00 | 0000 81e7 | feff 1f00 
  0x0000023ac3df668c: 83ff 000f | 844b 3e00 | 008b 522c | 4883 fa00 

  0x0000023ac3df669c: ;   {metadata(method data for {method} {0x0000023ad7445570} 'getName' '()Ljava/lang/String;' in 'java/lang/Class')}
  0x0000023ac3df669c: 48be f00b | 06f2 3a02 | 0000 48bf | 1001 0000 | 0000 0000 | 0f84 0a00 | 0000 48bf | 2001 0000 
  0x0000023ac3df66bc: 0000 0000 | 488b 1c3e | 488d 5b01 | 4889 1c3e | 0f84 1800 

  0x0000023ac3df66d0: ;   {metadata(method data for {method} {0x0000023ad7445570} 'getName' '()Ljava/lang/String;' in 'java/lang/Class')}
  0x0000023ac3df66d0: 0000 48be | f00b 06f2 | 3a02 0000 | ff86 3001 | 0000 488b | f2e9 2d00 

  0x0000023ac3df66e8: ;   {oop(a 'java/lang/Class'{0x000000008b24b988} = 'kotlin/jvm/internal/Intrinsics')}
  0x0000023ac3df66e8: 0000 48ba | 88b9 248b | 0000 0000 

  0x0000023ac3df66f4: ;   {metadata(method data for {method} {0x0000023ad7445570} 'getName' '()Ljava/lang/String;' in 'java/lang/Class')}
  0x0000023ac3df66f4: 488b f248 | bff0 0b06 | f23a 0200 | 0048 8387 | 4801 0000 | 0166 0f1f 

  0x0000023ac3df670c: ;   {optimized virtual_call}
  0x0000023ac3df670c: 4400 00e8 

  0x0000023ac3df6710: ; ImmutableOopMap {[192]=Oop [176]=Oop [216]=Oop [184]=Oop [224]=Oop [240]=Oop [248]=Oop [232]=Oop }
                      ;*invokevirtual initClassName {reexecute=0 rethrow=0 return_oop=0}
                      ; - java.lang.Class::getName@14 (line 863)
                      ; - kotlin.jvm.internal.Intrinsics::sanitizeStackTrace@3 (line 253)
                      ; - kotlin.jvm.internal.Intrinsics::throwParameterIsNullNPE@11 (line 140)
                      ; - kotlin.jvm.internal.Intrinsics::checkNotNullParameter@5 (line 131)
                      ; - kotlin.collections.CollectionsKt__IterablesKt::collectionSizeOrDefault@3
                      ; - org.jetbrains.kotlin.incremental.classpathDiff.ClasspathEntrySnapshotter::snapshot@104 (line 294)
  0x0000023ac3df6710: 6c66 7103 | 488b f048 | 8b84 24e8 | 0000 00e9 | 8b31 0000 | 4883 fb00 

  0x0000023ac3df6728: ;   {metadata(method data for {method} {0x0000023a8a323cc8} 'collectionSizeOrDefault' '(Ljava/lang/Iterable;I)I' in 'kotlin/collections/CollectionsKt__IterablesKt')}
  0x0000023ac3df6728: 7516 48bf | e04f 5d8a | 3a02 0000 | 808f 1901 | 0000 01e9 | ee00 0000 

  0x0000023ac3df6740: ;   {metadata('java/util/Collection')}
  0x0000023ac3df6740: 48b8 f0e1 | 07d7 3a02 | 0000 8b7b | 0849 ba00 | 0000 d73a | 0200 0049 | 03fa 483b | 4720 0f84 
  0x0000023ac3df6760: 1b00 0000 | 483b f80f | 8412 0000 

  0x0000023ac3df676c: ;   {runtime_call slow_subtype_check Runtime1 stub}
  0x0000023ac3df676c: 0057 50e8 | 0c0e 7c03 | 5f5f 83ff | 000f 8493 

  0x0000023ac3df677c: ;   {metadata(method data for {method} {0x0000023a8a323cc8} 'collectionSizeOrDefault' '(Ljava/lang/Iterable;I)I' in 'kotlin/collections/CollectionsKt__IterablesKt')}
  0x0000023ac3df677c: 0000 0048 | bfe0 4f5d | 8a3a 0200 | 008b 4308 | 49ba 0000 | 00d7 3a02 | 0000 4903 | c248 3b87 
  0x0000023ac3df679c: 3001 0000 | 750d 4883 | 8738 0100 | 0001 e984 | 0000 0048 | 3b87 4001 | 0000 750d | 4883 8748 
  0x0000023ac3df67bc: 0100 0001 | e96e 0000 | 0048 81bf | 3001 0000 | 0000 0000 | 7517 4889 | 8730 0100 | 0048 c787 
  0x0000023ac3df67dc: 3801 0000 | 0100 0000 | e94a 0000 | 0048 81bf | 4001 0000 | 0000 0000 | 7517 4889 | 8740 0100 
  0x0000023ac3df67fc: 0048 c787 | 4801 0000 | 0100 0000 | e926 0000 | 00e9 2100 

  0x0000023ac3df6810: ;   {metadata(method data for {method} {0x0000023a8a323cc8} 'collectionSizeOrDefault' '(Ljava/lang/Iterable;I)I' in 'kotlin/collections/CollectionsKt__IterablesKt')}
  0x0000023ac3df6810: 0000 48bf | e04f 5d8a | 3a02 0000 | 4883 af20 | 0100 0001 | e905 0000 | 00e9 0500 | 0000 4833 
  0x0000023ac3df6830: d2eb 0a48 | ba01 0000 | 0000 0000 | 0083 fa00 

  0x0000023ac3df6840: ;   {metadata(method data for {method} {0x0000023a8a323cc8} 'collectionSizeOrDefault' '(Ljava/lang/Iterable;I)I' in 'kotlin/collections/CollectionsKt__IterablesKt')}
  0x0000023ac3df6840: 48ba e04f | 5d8a 3a02 | 0000 48be | 5801 0000 | 0000 0000 | 0f84 0a00 | 0000 48be | 6801 0000 
  0x0000023ac3df6860: 0000 0000 | 488b 3c32 | 488d 7f01 | 4889 3c32 | 0f84 d401 | 0000 4883 | fb00 7516 

  0x0000023ac3df687c: ;   {metadata(method data for {method} {0x0000023a8a323cc8} 'collectionSizeOrDefault' '(Ljava/lang/Iterable;I)I' in 'kotlin/collections/CollectionsKt__IterablesKt')}
  0x0000023ac3df687c: 48bf e04f | 5d8a 3a02 | 0000 808f | 7101 0000 | 01e9 ee00 

  0x0000023ac3df6890: ;   {metadata('java/util/Collection')}
  0x0000023ac3df6890: 0000 48b8 | f0e1 07d7 | 3a02 0000 | 8b7b 0849 | ba00 0000 | d73a 0200 | 0049 03fa | 483b 4720 
  0x0000023ac3df68b0: 0f84 1b00 | 0000 483b | f80f 8412 | 0000 0057 

  0x0000023ac3df68c0: ;   {runtime_call slow_subtype_check Runtime1 stub}
  0x0000023ac3df68c0: 50e8 ba0c | 7c03 5f5f | 83ff 000f | 8493 0000 

  0x0000023ac3df68d0: ;   {metadata(method data for {method} {0x0000023a8a323cc8} 'collectionSizeOrDefault' '(Ljava/lang/Iterable;I)I' in 'kotlin/collections/CollectionsKt__IterablesKt')}
  0x0000023ac3df68d0: 0048 bfe0 | 4f5d 8a3a | 0200 008b | 4308 49ba | 0000 00d7 | 3a02 0000 | 4903 c248 | 3b87 8801 
  0x0000023ac3df68f0: 0000 750d | 4883 8790 | 0100 0001 | e97f 0000 | 0048 3b87 | 9801 0000 | 750d 4883 | 87a0 0100 
  0x0000023ac3df6910: 0001 e969 | 0000 0048 | 81bf 8801 | 0000 0000 | 0000 7517 | 4889 8788 | 0100 0048 | c787 9001 
  0x0000023ac3df6930: 0000 0100 | 0000 e945 | 0000 0048 | 81bf 9801 | 0000 0000 | 0000 7517 | 4889 8798 | 0100 0048 
  0x0000023ac3df6950: c787 a001 | 0000 0100 | 0000 e921 | 0000 00e9 | 1c00 0000 

  0x0000023ac3df6964: ;   {metadata(method data for {method} {0x0000023a8a323cc8} 'collectionSizeOrDefault' '(Ljava/lang/Iterable;I)I' in 'kotlin/collections/CollectionsKt__IterablesKt')}
  0x0000023ac3df6964: 48bf e04f | 5d8a 3a02 | 0000 4883 | af78 0100 | 0001 e98b | 3b00 00e9 | 0000 0000 | 488b d348 
  0x0000023ac3df6984: 3b02 488b 

  0x0000023ac3df6988: ;   {metadata(method data for {method} {0x0000023a8a323cc8} 'collectionSizeOrDefault' '(Ljava/lang/Iterable;I)I' in 'kotlin/collections/CollectionsKt__IterablesKt')}
  0x0000023ac3df6988: f248 bfe0 | 4f5d 8a3a | 0200 008b | 7608 49ba | 0000 00d7 | 3a02 0000 | 4903 f248 | 3bb7 c001 
  0x0000023ac3df69a8: 0000 750d | 4883 87c8 | 0100 0001 | e966 0000 | 0048 3bb7 | d001 0000 | 750d 4883 | 87d8 0100 
  0x0000023ac3df69c8: 0001 e950 | 0000 0048 | 81bf c001 | 0000 0000 | 0000 7517 | 4889 b7c0 | 0100 0048 | c787 c801 
  0x0000023ac3df69e8: 0000 0100 | 0000 e92c | 0000 0048 | 81bf d001 | 0000 0000 | 0000 7517 | 4889 b7d0 | 0100 0048 
  0x0000023ac3df6a08: c787 d801 | 0000 0100 | 0000 e908 | 0000 0048 | 8387 b001 | 0000 0166 | 0f1f 4400 | 0048 b8c0 
  0x0000023ac3df6a28: 2be6 883a 

  0x0000023ac3df6a2c: ;   {virtual_call}
  0x0000023ac3df6a2c: 0200 00e8 

  0x0000023ac3df6a30: ; ImmutableOopMap {[192]=Oop [176]=Oop [216]=Oop [184]=Oop [224]=Oop [248]=Oop [240]=Oop }
                      ;*invokeinterface size {reexecute=0 rethrow=0 return_oop=0}
                      ; - kotlin.collections.CollectionsKt__IterablesKt::collectionSizeOrDefault@17 (line 39)
                      ; - org.jetbrains.kotlin.incremental.classpathDiff.ClasspathEntrySnapshotter::snapshot@104 (line 294)
  0x0000023ac3df6a30: 74f5 7e03 

  0x0000023ac3df6a34: ;   {metadata(method data for {method} {0x0000023a8a323cc8} 'collectionSizeOrDefault' '(Ljava/lang/Iterable;I)I' in 'kotlin/collections/CollectionsKt__IterablesKt')}
  0x0000023ac3df6a34: 49b8 e04f | 5d8a 3a02 | 0000 41ff | 80e8 0100 | 00e9 0500 | 0000 b80a | 0000 004c | 8b84 24f8 
  0x0000023ac3df6a54: ;   {metadata(method data for {method} {0x0000023a8a2b7f90} 'snapshot' '(Ljava/io/File;Lorg/jetbrains/kotlin/buildtools/api/jvm/ClassSnapshotGranularity;Lorg/jetbrains/kotlin/build/report/metrics/BuildMetricsReporter;)Lorg/jetbrains/kotlin/incremental/classpathDiff/ClasspathEntrySnapshot;' in 'org/jetbrains/kotlin/incremental/classpathDiff/ClasspathEntrySnapshotter')}
  0x0000023ac3df6a54: 0000 0048 | ba00 8077 | 8a3a 0200 | 0048 8382 | d802 0000 | 014c 8bc0 | 488b 9424 | f800 0000 
  0x0000023ac3df6a74: ;   {optimized virtual_call}
  0x0000023ac3df6a74: 6666 90e8 

  0x0000023ac3df6a78: ; ImmutableOopMap {[192]=Oop [176]=Oop [216]=Oop [184]=Oop [224]=Oop [248]=Oop [240]=Oop }
                      ;*invokespecial <init> {reexecute=0 rethrow=0 return_oop=0}
                      ; - org.jetbrains.kotlin.incremental.classpathDiff.ClasspathEntrySnapshotter::snapshot@107 (line 294)
  0x0000023ac3df6a78: c445 db03 | 488b 9c24 | f000 0000 

  0x0000023ac3df6a84: ; implicit exception: dispatches to 0x0000023ac3dfa514
  0x0000023ac3df6a84: 483b 0348 

  0x0000023ac3df6a88: ;   {metadata(method data for {method} {0x0000023a8a2b7f90} 'snapshot' '(Ljava/io/File;Lorg/jetbrains/kotlin/buildtools/api/jvm/ClassSnapshotGranularity;Lorg/jetbrains/kotlin/build/report/metrics/BuildMetricsReporter;)Lorg/jetbrains/kotlin/incremental/classpathDiff/ClasspathEntrySnapshot;' in 'org/jetbrains/kotlin/incremental/classpathDiff/ClasspathEntrySnapshotter')}
  0x0000023ac3df6a88: 8bd3 48be | 0080 778a | 3a02 0000 | 8b52 0849 | ba00 0000 | d73a 0200 | 0049 03d2 | 483b 9630 
  0x0000023ac3df6aa8: 0300 0075 | 0d48 8386 | 3803 0000 | 01e9 6600 | 0000 483b | 9640 0300 | 0075 0d48 | 8386 4803 
  0x0000023ac3df6ac8: 0000 01e9 | 5000 0000 | 4881 be30 | 0300 0000 | 0000 0075 | 1748 8996 | 3003 0000 | 48c7 8638 
  0x0000023ac3df6ae8: 0300 0001 | 0000 00e9 | 2c00 0000 | 4881 be40 | 0300 0000 | 0000 0075 | 1748 8996 | 4003 0000 
  0x0000023ac3df6b08: 48c7 8648 | 0300 0001 | 0000 00e9 | 0800 0000 | 4883 8620 | 0300 0001 | 488b d366 | 9048 b8f0 
  0x0000023ac3df6b28: 2ee6 883a 

  0x0000023ac3df6b2c: ;   {virtual_call}
  0x0000023ac3df6b2c: 0200 00e8 

  0x0000023ac3df6b30: ; ImmutableOopMap {[192]=Oop [176]=Oop [216]=Oop [184]=Oop [224]=Oop [248]=Oop }
                      ;*invokeinterface iterator {reexecute=0 rethrow=0 return_oop=0}
                      ; - org.jetbrains.kotlin.incremental.classpathDiff.ClasspathEntrySnapshotter::snapshot@120 (line 295)
  0x0000023ac3df6b30: b48d 7c03 | 4889 8424 | 0001 0000 | 0f1f 4000 

  0x0000023ac3df6b40: ; implicit exception: dispatches to 0x0000023ac3dfa519
  0x0000023ac3df6b40: 483b 0048 

  0x0000023ac3df6b44: ;   {metadata(method data for {method} {0x0000023a8a2b7f90} 'snapshot' '(Ljava/io/File;Lorg/jetbrains/kotlin/buildtools/api/jvm/ClassSnapshotGranularity;Lorg/jetbrains/kotlin/build/report/metrics/BuildMetricsReporter;)Lorg/jetbrains/kotlin/incremental/classpathDiff/ClasspathEntrySnapshot;' in 'org/jetbrains/kotlin/incremental/classpathDiff/ClasspathEntrySnapshotter')}
  0x0000023ac3df6b44: 8bd0 48bf | 0080 778a | 3a02 0000 | 8b52 0849 | ba00 0000 | d73a 0200 | 0049 03d2 | 483b 9768 
  0x0000023ac3df6b64: 0300 0075 | 0d48 8387 | 7003 0000 | 01e9 6600 | 0000 483b | 9778 0300 | 0075 0d48 | 8387 8003 
  0x0000023ac3df6b84: 0000 01e9 | 5000 0000 | 4881 bf68 | 0300 0000 | 0000 0075 | 1748 8997 | 6803 0000 | 48c7 8770 
  0x0000023ac3df6ba4: 0300 0001 | 0000 00e9 | 2c00 0000 | 4881 bf78 | 0300 0000 | 0000 0075 | 1748 8997 | 7803 0000 
  0x0000023ac3df6bc4: 48c7 8780 | 0300 0001 | 0000 00e9 | 0800 0000 | 4883 8758 | 0300 0001 | 488b d066 | 0f1f 4400 
  0x0000023ac3df6be4: 0048 b8f0 | 2be6 883a 

  0x0000023ac3df6bec: ;   {virtual_call}
  0x0000023ac3df6bec: 0200 00e8 

  0x0000023ac3df6bf0: ; ImmutableOopMap {[176]=Oop [184]=Oop [224]=Oop [256]=Oop [192]=Oop [216]=Oop [248]=Oop }
                      ;*invokeinterface hasNext {reexecute=0 rethrow=0 return_oop=0}
                      ; - org.jetbrains.kotlin.incremental.classpathDiff.ClasspathEntrySnapshotter::snapshot@129 (line 295)
  0x0000023ac3df6bf0: c48e 7c03 

  0x0000023ac3df6bf4: ;   {metadata(method data for {method} {0x0000023a8a2b7f90} 'snapshot' '(Ljava/io/File;Lorg/jetbrains/kotlin/buildtools/api/jvm/ClassSnapshotGranularity;Lorg/jetbrains/kotlin/build/report/metrics/BuildMetricsReporter;)Lorg/jetbrains/kotlin/incremental/classpathDiff/ClasspathEntrySnapshot;' in 'org/jetbrains/kotlin/incremental/classpathDiff/ClasspathEntrySnapshotter')}
  0x0000023ac3df6bf4: 83f8 0048 | ba00 8077 | 8a3a 0200 | 0048 be90 | 0300 0000 | 0000 000f | 840a 0000 | 0048 bea0 
  0x0000023ac3df6c14: 0300 0000 | 0000 0048 | 8b3c 3248 | 8d7f 0148 | 893c 320f | 84e7 0a00 | 0048 8b84 | 2400 0100 
  0x0000023ac3df6c34: ;   {metadata(method data for {method} {0x0000023a8a2b7f90} 'snapshot' '(Ljava/io/File;Lorg/jetbrains/kotlin/buildtools/api/jvm/ClassSnapshotGranularity;Lorg/jetbrains/kotlin/build/report/metrics/BuildMetricsReporter;)Lorg/jetbrains/kotlin/incremental/classpathDiff/ClasspathEntrySnapshot;' in 'org/jetbrains/kotlin/incremental/classpathDiff/ClasspathEntrySnapshotter')}
  0x0000023ac3df6c34: 0048 ba00 | 8077 8a3a | 0200 008b | 4008 49ba | 0000 00d7 | 3a02 0000 | 4903 c248 | 3b82 c003 
  0x0000023ac3df6c54: 0000 750d | 4883 82c8 | 0300 0001 | e966 0000 | 0048 3b82 | d003 0000 | 750d 4883 | 82d8 0300 
  0x0000023ac3df6c74: 0001 e950 | 0000 0048 | 81ba c003 | 0000 0000 | 0000 7517 | 4889 82c0 | 0300 0048 | c782 c803 
  0x0000023ac3df6c94: 0000 0100 | 0000 e92c | 0000 0048 | 81ba d003 | 0000 0000 | 0000 7517 | 4889 82d0 | 0300 0048 
  0x0000023ac3df6cb4: c782 d803 | 0000 0100 | 0000 e908 | 0000 0048 | 8382 b003 | 0000 0148 | 8b94 2400 | 0100 0066 
  0x0000023ac3df6cd4: 9048 b820 | 2ce6 883a 

  0x0000023ac3df6cdc: ;   {virtual_call}
  0x0000023ac3df6cdc: 0200 00e8 

  0x0000023ac3df6ce0: ; ImmutableOopMap {[176]=Oop [184]=Oop [224]=Oop [256]=Oop [192]=Oop [248]=Oop [216]=Oop }
                      ;*invokeinterface next {reexecute=0 rethrow=0 return_oop=0}
                      ; - org.jetbrains.kotlin.incremental.classpathDiff.ClasspathEntrySnapshotter::snapshot@139 (line 295)
  0x0000023ac3df6ce0: ac89 7c03 | 4883 f800 

  0x0000023ac3df6ce8: ;   {metadata(method data for {method} {0x0000023a8a2b7f90} 'snapshot' '(Ljava/io/File;Lorg/jetbrains/kotlin/buildtools/api/jvm/ClassSnapshotGranularity;Lorg/jetbrains/kotlin/build/report/metrics/BuildMetricsReporter;)Lorg/jetbrains/kotlin/incremental/classpathDiff/ClasspathEntrySnapshot;' in 'org/jetbrains/kotlin/incremental/classpathDiff/ClasspathEntrySnapshotter')}
  0x0000023ac3df6ce8: 7516 48be | 0080 778a | 3a02 0000 | 808e e103 | 0000 01e9 | d200 0000 

  0x0000023ac3df6d00: ;   {metadata('java/lang/String')}
  0x0000023ac3df6d00: 48bf e8e9 | 00d7 3a02 | 0000 8b50 | 0849 ba00 | 0000 d73a | 0200 0049 | 03d2 483b | fa0f 8593 
  0x0000023ac3df6d20: ;   {metadata(method data for {method} {0x0000023a8a2b7f90} 'snapshot' '(Ljava/io/File;Lorg/jetbrains/kotlin/buildtools/api/jvm/ClassSnapshotGranularity;Lorg/jetbrains/kotlin/build/report/metrics/BuildMetricsReporter;)Lorg/jetbrains/kotlin/incremental/classpathDiff/ClasspathEntrySnapshot;' in 'org/jetbrains/kotlin/incremental/classpathDiff/ClasspathEntrySnapshotter')}
  0x0000023ac3df6d20: 0000 0048 | be00 8077 | 8a3a 0200 | 008b 7808 | 49ba 0000 | 00d7 3a02 | 0000 4903 | fa48 3bbe 
  0x0000023ac3df6d40: f803 0000 | 750d 4883 | 8600 0400 | 0001 e97f | 0000 0048 | 3bbe 0804 | 0000 750d | 4883 8610 
  0x0000023ac3df6d60: 0400 0001 | e969 0000 | 0048 81be | f803 0000 | 0000 0000 | 7517 4889 | bef8 0300 | 0048 c786 
  0x0000023ac3df6d80: 0004 0000 | 0100 0000 | e945 0000 | 0048 81be | 0804 0000 | 0000 0000 | 7517 4889 | be08 0400 
  0x0000023ac3df6da0: 0048 c786 | 1004 0000 | 0100 0000 | e921 0000 | 00e9 1c00 

  0x0000023ac3df6db4: ;   {metadata(method data for {method} {0x0000023a8a2b7f90} 'snapshot' '(Ljava/io/File;Lorg/jetbrains/kotlin/buildtools/api/jvm/ClassSnapshotGranularity;Lorg/jetbrains/kotlin/build/report/metrics/BuildMetricsReporter;)Lorg/jetbrains/kotlin/incremental/classpathDiff/ClasspathEntrySnapshot;' in 'org/jetbrains/kotlin/incremental/classpathDiff/ClasspathEntrySnapshotter')}
  0x0000023ac3df6db4: 0000 48be | 0080 778a | 3a02 0000 | 4883 aee8 | 0300 0001 | e951 3700 | 00e9 0000 | 0000 488b 
  0x0000023ac3df6dd4: d848 899c | 2408 0100 

  0x0000023ac3df6ddc: ;   {metadata('org/jetbrains/kotlin/incremental/classpathDiff/ClassFileWithContentsProvider')}
  0x0000023ac3df6ddc: 0048 bab8 | 7b55 d93a | 0200 0049 | 8b87 0801 | 0000 488d | 7818 493b | bf18 0100 | 000f 8728 
  0x0000023ac3df6dfc: 3700 0049 | 89bf 0801 | 0000 48c7 | 0001 0000 | 0048 8bca | 49ba 0000 | 00d7 3a02 | 0000 492b 
  0x0000023ac3df6e1c: ca89 4808 | 4833 c989 | 480c 4833 | c948 8948 | 1048 8984 | 2410 0100 

  0x0000023ac3df6e34: ;   {metadata('org/jetbrains/kotlin/incremental/classpathDiff/ClassFile')}
  0x0000023ac3df6e34: 0048 bac0 | 7d55 d93a | 0200 0049 | 8b87 0801 | 0000 488d | 7818 493b | bf18 0100 | 000f 87dd 
  0x0000023ac3df6e54: 3600 0049 | 89bf 0801 | 0000 48c7 | 0001 0000 | 0048 8bca | 49ba 0000 | 00d7 3a02 | 0000 492b 
  0x0000023ac3df6e74: ca89 4808 | 4833 c989 | 480c 4833 | c948 8948 | 1048 8984 | 2418 0100 | 004c 8bc0 

  0x0000023ac3df6e90: ;   {metadata(method data for {method} {0x0000023a8a2b7f90} 'snapshot' '(Ljava/io/File;Lorg/jetbrains/kotlin/buildtools/api/jvm/ClassSnapshotGranularity;Lorg/jetbrains/kotlin/build/report/metrics/BuildMetricsReporter;)Lorg/jetbrains/kotlin/incremental/classpathDiff/ClasspathEntrySnapshot;' in 'org/jetbrains/kotlin/incremental/classpathDiff/ClasspathEntrySnapshotter')}
  0x0000023ac3df6e90: 49b9 0080 | 778a 3a02 | 0000 4983 | 8120 0400 | 0001 4c8b | 8424 c000 | 0000 4c8b | cb48 8bd0 
  0x0000023ac3df6eb0: 0f1f 8000 

  0x0000023ac3df6eb4: ;   {optimized virtual_call}
  0x0000023ac3df6eb4: 0000 00e8 

  0x0000023ac3df6eb8: ; ImmutableOopMap {[176]=Oop [184]=Oop [224]=Oop [256]=Oop [192]=Oop [248]=Oop [216]=Oop [280]=Oop [264]=Oop [272]=Oop }
                      ;*invokespecial <init> {reexecute=0 rethrow=0 return_oop=0}
                      ; - org.jetbrains.kotlin.incremental.classpathDiff.ClasspathEntrySnapshotter::snapshot@171 (line 51)
  0x0000023ac3df6eb8: 24ac 5004 

  0x0000023ac3df6ebc: ;   {metadata(method data for {method} {0x0000023a8a2b7f90} 'snapshot' '(Ljava/io/File;Lorg/jetbrains/kotlin/buildtools/api/jvm/ClassSnapshotGranularity;Lorg/jetbrains/kotlin/build/report/metrics/BuildMetricsReporter;)Lorg/jetbrains/kotlin/incremental/classpathDiff/ClasspathEntrySnapshot;' in 'org/jetbrains/kotlin/incremental/classpathDiff/ClasspathEntrySnapshotter')}
  0x0000023ac3df6ebc: 49b8 0080 | 778a 3a02 | 0000 4d8d | 8040 0400 | 0048 8b9c | 24d8 0000 | 008b 5308 | 49ba 0000 
  0x0000023ac3df6edc: 00d7 3a02 | 0000 4903 | d24c 8bd2 | 4933 5008 | 48f7 c2fc | ffff ff74 | 0af6 c202 | 7505 4983 
  0x0000023ac3df6efc: 4808 0248 | 8bb4 2408 | 0100 0048 | 85f6 750d | 41f6 4018 | 0175 06f0 | 4983 4818 

  0x0000023ac3df6f18: ;   {metadata(method data for {method} {0x0000023a8a2b7f90} 'snapshot' '(Ljava/io/File;Lorg/jetbrains/kotlin/buildtools/api/jvm/ClassSnapshotGranularity;Lorg/jetbrains/kotlin/build/report/metrics/BuildMetricsReporter;)Lorg/jetbrains/kotlin/incremental/classpathDiff/ClasspathEntrySnapshot;' in 'org/jetbrains/kotlin/incremental/classpathDiff/ClasspathEntrySnapshotter')}
  0x0000023ac3df6f18: 0149 b800 | 8077 8a3a | 0200 0049 | 8380 3004 

  0x0000023ac3df6f28: ;   {metadata(method data for {method} {0x0000023ad70e1508} 'linkToTargetMethod' '(Ljava/lang/Object;Ljava/lang/Object;Ljava/lang/Object;)Ljava/lang/Object;' in 'java/lang/invoke/Invokers$Holder')}
  0x0000023ac3df6f28: 0000 0149 | b8e0 691f | f23a 0200 | 0041 8b90 | cc00 0000 | 83c2 0241 | 8990 cc00 | 0000 81e2 
  0x0000023ac3df6f48: feff 1f00 | 83fa 000f | 84ec 3500 

  0x0000023ac3df6f54: ;   {metadata(method data for {method} {0x0000023ad70e0d00} 'newInvokeSpecial' '(Ljava/lang/Object;Ljava/lang/Object;Ljava/lang/Object;)Ljava/lang/Object;' in 'java/lang/invoke/DirectMethodHandle$Holder')}
  0x0000023ac3df6f54: 0049 b810 | 6c1f f23a | 0200 004d | 8d80 4802 

  0x0000023ac3df6f64: ;   {oop(a 'java/lang/invoke/DirectMethodHandle$Constructor'{0x000000008b769290})}
  0x0000023ac3df6f64: 0000 48bf | 9092 768b | 0000 0000 | 4885 ff75 | 0b41 f600 | 0175 05f0 | 4983 0801 

  0x0000023ac3df6f80: ;   {metadata(method data for {method} {0x0000023ad70e1508} 'linkToTargetMethod' '(Ljava/lang/Object;Ljava/lang/Object;Ljava/lang/Object;)Ljava/lang/Object;' in 'java/lang/invoke/Invokers$Holder')}
  0x0000023ac3df6f80: 49b8 e069 | 1ff2 3a02 | 0000 4983 | 8048 0100 

  0x0000023ac3df6f90: ;   {metadata(method data for {method} {0x0000023ad70e0d00} 'newInvokeSpecial' '(Ljava/lang/Object;Ljava/lang/Object;Ljava/lang/Object;)Ljava/lang/Object;' in 'java/lang/invoke/DirectMethodHandle$Holder')}
  0x0000023ac3df6f90: 0001 49b8 | 106c 1ff2 | 3a02 0000 | 418b 90cc | 0000 0083 | c202 4189 | 90cc 0000 | 0081 e2fe 
  0x0000023ac3df6fb0: ff1f 0083 | fa00 0f84 | a635 0000 

  0x0000023ac3df6fbc: ;   {metadata(method data for {method} {0x0000023ad70e0d00} 'newInvokeSpecial' '(Ljava/lang/Object;Ljava/lang/Object;Ljava/lang/Object;)Ljava/lang/Object;' in 'java/lang/invoke/DirectMethodHandle$Holder')}
  0x0000023ac3df6fbc: 49b8 106c | 1ff2 3a02 | 0000 4d8d | 8020 0100 | 0048 85ff | 750d 41f6 | 4008 0175 | 06f0 4983 
  0x0000023ac3df6fdc: ;   {metadata(method data for {method} {0x0000023ad70e0d00} 'newInvokeSpecial' '(Ljava/lang/Object;Ljava/lang/Object;Ljava/lang/Object;)Ljava/lang/Object;' in 'java/lang/invoke/DirectMethodHandle$Holder')}
  0x0000023ac3df6fdc: 4808 0149 | b810 6c1f | f23a 0200 | 0049 8380 | 1001 0000 

  0x0000023ac3df6ff0: ;   {metadata(method data for {method} {0x0000023ad739dc10} 'allocateInstance' '(Ljava/lang/Object;)Ljava/lang/Object;' in 'java/lang/invoke/DirectMethodHandle')}
  0x0000023ac3df6ff0: 0149 b880 | ae1c f23a | 0200 0041 | 8b90 cc00 | 0000 83c2 | 0241 8990 | cc00 0000 | 81e2 feff 
  0x0000023ac3df7010: 1f00 83fa | 000f 8468 

  0x0000023ac3df7018: ;   {oop(a 'jdk/internal/misc/Unsafe'{0x0000000080735080})}
  0x0000023ac3df7018: 3500 0048 | ba80 5073 | 8000 0000 | 004c 8bc2 

  0x0000023ac3df7028: ;   {metadata(method data for {method} {0x0000023ad739dc10} 'allocateInstance' '(Ljava/lang/Object;)Ljava/lang/Object;' in 'java/lang/invoke/DirectMethodHandle')}
  0x0000023ac3df7028: 48b8 80ae | 1cf2 3a02 | 0000 4883 | 8048 0100 

  0x0000023ac3df7038: ;   {oop(a 'java/lang/Class'{0x000000008b765000} = 'org/jetbrains/kotlin/incremental/classpathDiff/ClasspathEntrySnapshotter$$Lambda$3828+0x0000023ad9559360')}
  0x0000023ac3df7038: 0001 49b8 | 0050 768b | 0000 0000 | 4889 bc24 | 2001 0000 

  0x0000023ac3df704c: ;   {optimized virtual_call}
  0x0000023ac3df704c: 6666 90e8 

  0x0000023ac3df7050: ; ImmutableOopMap {[176]=Oop [184]=Oop [224]=Oop [256]=Oop [192]=Oop [248]=Oop [280]=Oop [272]=Oop [288]=Oop [216]=Oop [264]=Oop }
                      ;*invokevirtual allocateInstance {reexecute=0 rethrow=0 return_oop=0}
                      ; - java.lang.invoke.DirectMethodHandle::allocateInstance@12 (line 520)
                      ; - java.lang.invoke.DirectMethodHandle$Holder::newInvokeSpecial@1
                      ; - java.lang.invoke.Invokers$Holder::linkToTargetMethod@6
                      ; - org.jetbrains.kotlin.incremental.classpathDiff.ClasspathEntrySnapshotter::snapshot@178 (line 52)
  0x0000023ac3df7050: ec6b cf03 

  0x0000023ac3df7054: ;   {metadata(method data for {method} {0x0000023ad70e0d00} 'newInvokeSpecial' '(Ljava/lang/Object;Ljava/lang/Object;Ljava/lang/Object;)Ljava/lang/Object;' in 'java/lang/invoke/DirectMethodHandle$Holder')}
  0x0000023ac3df7054: 49b8 106c | 1ff2 3a02 | 0000 4d8d | 8030 0100 | 0048 85c0 | 750b 41f6 | 0001 7505 | f049 8308 
  0x0000023ac3df7074: ;   {metadata(method data for {method} {0x0000023ad70e0d00} 'newInvokeSpecial' '(Ljava/lang/Object;Ljava/lang/Object;Ljava/lang/Object;)Ljava/lang/Object;' in 'java/lang/invoke/DirectMethodHandle$Holder')}
  0x0000023ac3df7074: 0149 b810 | 6c1f f23a | 0200 004d | 8d80 5001 | 0000 488b | bc24 2001 | 0000 4885 | ff75 0d41 
  0x0000023ac3df7094: f640 0801 | 7506 f049 | 8348 0801 

  0x0000023ac3df70a0: ;   {metadata(method data for {method} {0x0000023ad70e0d00} 'newInvokeSpecial' '(Ljava/lang/Object;Ljava/lang/Object;Ljava/lang/Object;)Ljava/lang/Object;' in 'java/lang/invoke/DirectMethodHandle$Holder')}
  0x0000023ac3df70a0: 49b8 106c | 1ff2 3a02 | 0000 4983 | 8040 0100 

  0x0000023ac3df70b0: ;   {metadata(method data for {method} {0x0000023ad739e6b8} 'constructorMethod' '(Ljava/lang/Object;)Ljava/lang/Object;' in 'java/lang/invoke/DirectMethodHandle')}
  0x0000023ac3df70b0: 0001 49b8 | 40b0 1cf2 | 3a02 0000 | 418b 90cc | 0000 0083 | c202 4189 | 90cc 0000 | 0081 e2fe 
  0x0000023ac3df70d0: ff1f 0083 | fa00 0f84 | c834 0000 

  0x0000023ac3df70dc: ;   {metadata(method data for {method} {0x0000023ad70e0d00} 'newInvokeSpecial' '(Ljava/lang/Object;Ljava/lang/Object;Ljava/lang/Object;)Ljava/lang/Object;' in 'java/lang/invoke/DirectMethodHandle$Holder')}
  0x0000023ac3df70dc: 49b8 106c | 1ff2 3a02 | 0000 4d8d | 8060 0100 

  0x0000023ac3df70ec: ;   {oop(a 'java/lang/invoke/MemberName'{0x000000008b7693f0} = {method} {0x0000023a8a4024b0} '<init>' '(Lorg/jetbrains/kotlin/incremental/classpathDiff/DirectoryOrJarReader;Ljava/lang/String;)V' in 'org/jetbrains/kotlin/incremental/classpathDiff/ClasspathEntrySnapshotter$$Lambda$3828+0x0000023ad9559360')}
  0x0000023ac3df70ec: 0048 baf0 | 9376 8b00 | 0000 0048 | 85d2 750b | 41f6 0001 | 7505 f049 | 8308 0148 | 3b00 4c8b 
  0x0000023ac3df710c: ;   {metadata(method data for {method} {0x0000023ad70e0d00} 'newInvokeSpecial' '(Ljava/lang/Object;Ljava/lang/Object;Ljava/lang/Object;)Ljava/lang/Object;' in 'java/lang/invoke/DirectMethodHandle$Holder')}
  0x0000023ac3df710c: c048 ba10 | 6c1f f23a | 0200 0048 | 8382 a801 

  0x0000023ac3df711c: ;   {metadata(method data for {method} {0x0000023a8a4024b0} '<init>' '(Lorg/jetbrains/kotlin/incremental/classpathDiff/DirectoryOrJarReader;Ljava/lang/String;)V' in 'org/jetbrains/kotlin/incremental/classpathDiff/ClasspathEntrySnapshotter$$Lambda$3828+0x0000023ad9559360')}
  0x0000023ac3df711c: 0000 0149 | b828 5740 | 8a3a 0200 | 0041 8b90 | cc00 0000 | 83c2 0241 | 8990 cc00 | 0000 81e2 
  0x0000023ac3df713c: feff 1f00 | 83fa 000f | 8481 3400 | 004c 8bc0 

  0x0000023ac3df714c: ;   {metadata(method data for {method} {0x0000023a8a4024b0} '<init>' '(Lorg/jetbrains/kotlin/incremental/classpathDiff/DirectoryOrJarReader;Ljava/lang/String;)V' in 'org/jetbrains/kotlin/incremental/classpathDiff/ClasspathEntrySnapshotter$$Lambda$3828+0x0000023ad9559360')}
  0x0000023ac3df714c: 48ba 2857 | 408a 3a02 | 0000 4883 | 8210 0100 

  0x0000023ac3df715c: ;   {metadata(method data for {method} {0x0000023ad7448c28} '<init>' '()V' in 'java/lang/Object')}
  0x0000023ac3df715c: 0001 49b8 | 1075 00f2 | 3a02 0000 | 418b 90cc | 0000 0083 | c202 4189 | 90cc 0000 | 0081 e2fe 
  0x0000023ac3df717c: ff1f 0083 | fa00 0f84 | 6334 0000 | 450f be47 | 3841 83f8 | 000f 8575 | 3400 0048 | 8b9c 24d8 
  0x0000023ac3df719c: 0000 004c | 8bd3 4489 | 500c 4c8b | c04c 33c3 | 49c1 e814 | 4983 f800 | 0f85 6e34 | 0000 450f 
  0x0000023ac3df71bc: be47 3841 | 83f8 000f | 8577 3400 | 004c 8b84 | 2408 0100 | 004d 8bd0 | 4489 5010 | 488b d049 
  0x0000023ac3df71dc: 33d0 48c1 | ea14 4883 | fa00 0f85 | 7034 0000 

  0x0000023ac3df71ec: ;   {metadata(method data for {method} {0x0000023ad70e1508} 'linkToTargetMethod' '(Ljava/lang/Object;Ljava/lang/Object;Ljava/lang/Object;)Ljava/lang/Object;' in 'java/lang/invoke/Invokers$Holder')}
  0x0000023ac3df71ec: 49b8 e069 | 1ff2 3a02 | 0000 4d8d | 80a0 0100 | 0048 85c0 | 750b 41f6 | 0001 7505 | f049 8308 
  0x0000023ac3df720c: ;   {metadata(method data for {method} {0x0000023a8a2b7f90} 'snapshot' '(Ljava/io/File;Lorg/jetbrains/kotlin/buildtools/api/jvm/ClassSnapshotGranularity;Lorg/jetbrains/kotlin/build/report/metrics/BuildMetricsReporter;)Lorg/jetbrains/kotlin/incremental/classpathDiff/ClasspathEntrySnapshot;' in 'org/jetbrains/kotlin/incremental/classpathDiff/ClasspathEntrySnapshotter')}
  0x0000023ac3df720c: 0149 b800 | 8077 8a3a | 0200 004d | 8d80 6004 | 0000 4885 | c075 0d41 | f600 0175 | 2ff0 4983 
  0x0000023ac3df722c: 0801 eb28 | 8b50 0849 | ba00 0000 | d73a 0200 | 0049 03d2 | 4c8b d249 | 3310 48f7 | c2fc ffff 
  0x0000023ac3df724c: ff74 09f6 | c202 7504 | 4983 0802 | 4c8b 8424 | 1001 0000 

  0x0000023ac3df7260: ;   {metadata(method data for {method} {0x0000023a8a2b7f90} 'snapshot' '(Ljava/io/File;Lorg/jetbrains/kotlin/buildtools/api/jvm/ClassSnapshotGranularity;Lorg/jetbrains/kotlin/build/report/metrics/BuildMetricsReporter;)Lorg/jetbrains/kotlin/incremental/classpathDiff/ClasspathEntrySnapshot;' in 'org/jetbrains/kotlin/incremental/classpathDiff/ClasspathEntrySnapshotter')}
  0x0000023ac3df7260: 48ba 0080 | 778a 3a02 | 0000 4883 | 8270 0400 

  0x0000023ac3df7270: ;   {metadata(method data for {method} {0x0000023a8a3f5060} '<init>' '(Lorg/jetbrains/kotlin/incremental/classpathDiff/ClassFile;Lkotlin/jvm/functions/Function0;)V' in 'org/jetbrains/kotlin/incremental/classpathDiff/ClassFileWithContentsProvider')}
  0x0000023ac3df7270: 0001 49b8 | e82c 408a | 3a02 0000 | 418b 90cc | 0000 0083 | c202 4189 | 90cc 0000 | 0081 e2fe 
  0x0000023ac3df7290: ff1f 0083 | fa00 0f84 | d833 0000 

  0x0000023ac3df729c: ;   {metadata(method data for {method} {0x0000023a8a3f5060} '<init>' '(Lorg/jetbrains/kotlin/incremental/classpathDiff/ClassFile;Lkotlin/jvm/functions/Function0;)V' in 'org/jetbrains/kotlin/incremental/classpathDiff/ClassFileWithContentsProvider')}
  0x0000023ac3df729c: 49b8 e82c | 408a 3a02 | 0000 4983 | 8010 0100 

  0x0000023ac3df72ac: ;   {metadata(method data for {method} {0x0000023a8a2b4178} 'checkNotNullParameter' '(Ljava/lang/Object;Ljava/lang/String;)V' in 'kotlin/jvm/internal/Intrinsics')}
  0x0000023ac3df72ac: 0001 49b8 | 0000 3f8a | 3a02 0000 | 418b 90cc | 0000 0083 | c202 4189 | 90cc 0000 | 0081 e2fe 
  0x0000023ac3df72cc: ff1f 0083 | fa00 0f84 | bd33 0000 

  0x0000023ac3df72d8: ;   {metadata(method data for {method} {0x0000023a8a2b4178} 'checkNotNullParameter' '(Ljava/lang/Object;Ljava/lang/String;)V' in 'kotlin/jvm/internal/Intrinsics')}
  0x0000023ac3df72d8: 49b8 0000 | 3f8a 3a02 | 0000 41ff | 8010 0100 

  0x0000023ac3df72e8: ;   {metadata(method data for {method} {0x0000023a8a3f5060} '<init>' '(Lorg/jetbrains/kotlin/incremental/classpathDiff/ClassFile;Lkotlin/jvm/functions/Function0;)V' in 'org/jetbrains/kotlin/incremental/classpathDiff/ClassFileWithContentsProvider')}
  0x0000023ac3df72e8: 0049 b8e8 | 2c40 8a3a | 0200 0049 | 8380 2001 

  0x0000023ac3df72f8: ;   {metadata(method data for {method} {0x0000023a8a2b4178} 'checkNotNullParameter' '(Ljava/lang/Object;Ljava/lang/String;)V' in 'kotlin/jvm/internal/Intrinsics')}
  0x0000023ac3df72f8: 0000 0149 | b800 003f | 8a3a 0200 | 0041 8b90 | cc00 0000 | 83c2 0241 | 8990 cc00 | 0000 81e2 
  0x0000023ac3df7318: feff 1f00 | 83fa 000f | 8491 3300 | 0048 83f8 

  0x0000023ac3df7328: ;   {metadata(method data for {method} {0x0000023a8a2b4178} 'checkNotNullParameter' '(Ljava/lang/Object;Ljava/lang/String;)V' in 'kotlin/jvm/internal/Intrinsics')}
  0x0000023ac3df7328: 0049 b800 | 003f 8a3a | 0200 0048 | ba20 0100 | 0000 0000 | 000f 840a | 0000 0048 | ba10 0100 
  0x0000023ac3df7348: 0000 0000 | 0049 8b34 | 1048 8d76 | 0149 8934 | 100f 84a4 | 0100 004c | 8b8c 2418 | 0100 004c 
  0x0000023ac3df7368: 8b84 2410 | 0100 0049 

  0x0000023ac3df7370: ;   {metadata(method data for {method} {0x0000023a8a3f5060} '<init>' '(Lorg/jetbrains/kotlin/incremental/classpathDiff/ClassFile;Lkotlin/jvm/functions/Function0;)V' in 'org/jetbrains/kotlin/incremental/classpathDiff/ClassFileWithContentsProvider')}
  0x0000023ac3df7370: 8bd0 48be | e82c 408a | 3a02 0000 | 4883 8630 | 0100 0001 

  0x0000023ac3df7384: ;   {metadata(method data for {method} {0x0000023ad7448c28} '<init>' '()V' in 'java/lang/Object')}
  0x0000023ac3df7384: 48ba 1075 | 00f2 3a02 | 0000 8bb2 | cc00 0000 | 83c6 0289 | b2cc 0000 | 0081 e6fe | ff1f 0083 
  0x0000023ac3df73a4: fe00 0f84 | 2b33 0000 | 410f be57 | 3883 fa00 | 0f85 3e33 | 0000 4d8b | d145 8950 | 0c49 8bd0 
  0x0000023ac3df73c4: 4933 d148 | c1ea 1448 | 83fa 000f | 853f 3300 | 0041 0fbe | 5738 83fa | 000f 8549 | 3300 004c 
  0x0000023ac3df73e4: 8bd0 4589 | 5010 498b | d048 33d0 | 48c1 ea14 | 4883 fa00 | 0f85 4a33 | 0000 488b | 8424 f800 
  0x0000023ac3df7404: ;   {metadata(method data for {method} {0x0000023a8a2b7f90} 'snapshot' '(Ljava/io/File;Lorg/jetbrains/kotlin/buildtools/api/jvm/ClassSnapshotGranularity;Lorg/jetbrains/kotlin/build/report/metrics/BuildMetricsReporter;)Lorg/jetbrains/kotlin/incremental/classpathDiff/ClasspathEntrySnapshot;' in 'org/jetbrains/kotlin/incremental/classpathDiff/ClasspathEntrySnapshotter')}
  0x0000023ac3df7404: 0000 48ba | 0080 778a | 3a02 0000 | 8b40 0849 | ba00 0000 | d73a 0200 | 0049 03c2 | 483b 8290 
  0x0000023ac3df7424: 0400 0075 | 0d48 8382 | 9804 0000 | 01e9 6600 | 0000 483b | 82a0 0400 | 0075 0d48 | 8382 a804 
  0x0000023ac3df7444: 0000 01e9 | 5000 0000 | 4881 ba90 | 0400 0000 | 0000 0075 | 1748 8982 | 9004 0000 | 48c7 8298 
  0x0000023ac3df7464: 0400 0001 | 0000 00e9 | 2c00 0000 | 4881 baa0 | 0400 0000 | 0000 0075 | 1748 8982 | a004 0000 
  0x0000023ac3df7484: 48c7 82a8 | 0400 0001 | 0000 00e9 | 0800 0000 | 4883 8280 | 0400 0001 | 488b 9424 | f800 0000 
  0x0000023ac3df74a4: 9048 b818 | df00 d73a 

  0x0000023ac3df74ac: ;   {virtual_call}
  0x0000023ac3df74ac: 0200 00e8 

  0x0000023ac3df74b0: ; ImmutableOopMap {[176]=Oop [184]=Oop [224]=Oop [256]=Oop [192]=Oop [248]=Oop [216]=Oop }
                      ;*invokeinterface add {reexecute=0 rethrow=0 return_oop=0}
                      ; - org.jetbrains.kotlin.incremental.classpathDiff.ClasspathEntrySnapshotter::snapshot@190 (line 296)
  0x0000023ac3df74b0: ec30 ce03 

  0x0000023ac3df74b4: ;   {metadata(method data for {method} {0x0000023a8a2b7f90} 'snapshot' '(Ljava/io/File;Lorg/jetbrains/kotlin/buildtools/api/jvm/ClassSnapshotGranularity;Lorg/jetbrains/kotlin/build/report/metrics/BuildMetricsReporter;)Lorg/jetbrains/kotlin/incremental/classpathDiff/ClasspathEntrySnapshot;' in 'org/jetbrains/kotlin/incremental/classpathDiff/ClasspathEntrySnapshotter')}
  0x0000023ac3df74b4: 48ba 0080 | 778a 3a02 | 0000 8bb2 | d000 0000 | 83c6 0289 | b2d0 0000 | 0081 e6fe | 3f00 0083 
  0x0000023ac3df74d4: fe00 0f84 | 8432 0000 | 4d8b 9750 

  0x0000023ac3df74e0: ; ImmutableOopMap {[176]=Oop [184]=Oop [224]=Oop [256]=Oop [192]=Oop [248]=Oop [216]=Oop }
                      ;*goto {reexecute=1 rethrow=0 return_oop=0}
                      ; - (reexecute) org.jetbrains.kotlin.incremental.classpathDiff.ClasspathEntrySnapshotter::snapshot@196 (line 296)
                      ;   {poll}
  0x0000023ac3df74e0: 0300 0041 

  0x0000023ac3df74e4: ;   {metadata(method data for {method} {0x0000023a8a2b7f90} 'snapshot' '(Ljava/io/File;Lorg/jetbrains/kotlin/buildtools/api/jvm/ClassSnapshotGranularity;Lorg/jetbrains/kotlin/build/report/metrics/BuildMetricsReporter;)Lorg/jetbrains/kotlin/incremental/classpathDiff/ClasspathEntrySnapshot;' in 'org/jetbrains/kotlin/incremental/classpathDiff/ClasspathEntrySnapshotter')}
  0x0000023ac3df74e4: 8502 48ba | 0080 778a | 3a02 0000 | ff82 b804 | 0000 488b | 8424 0001 | 0000 e93d | f6ff ff48 
  0x0000023ac3df7504: 8984 2430 

  0x0000023ac3df7508: ;   {metadata(method data for {method} {0x0000023a8a2b4178} 'checkNotNullParameter' '(Ljava/lang/Object;Ljava/lang/String;)V' in 'kotlin/jvm/internal/Intrinsics')}
  0x0000023ac3df7508: 0100 0048 | ba00 003f | 8a3a 0200 | 0048 8382 | 3001 0000 

  0x0000023ac3df751c: ;   {metadata(method data for {method} {0x0000023a8a2b42d8} 'throwParameterIsNullNPE' '(Ljava/lang/String;)V' in 'kotlin/jvm/internal/Intrinsics')}
  0x0000023ac3df751c: 0148 ba88 | 013f 8a3a | 0200 008b | b2cc 0000 | 0083 c602 | 89b2 cc00 | 0000 81e6 | feff 1f00 
  0x0000023ac3df753c: 83fe 000f | 843c 3200 | 0066 6690 

  0x0000023ac3df7548: ;   {no_reloc}
  0x0000023ac3df7548: e964 3200 | 0000 0000 | 0000 498b | 8708 0100 | 0048 8d78 | 3049 3bbf | 1801 0000 | 0f87 5132 
  0x0000023ac3df7568: 0000 4989 | bf08 0100 | 0048 c700 | 0100 0000 | 488b ca49 | ba00 0000 | d73a 0200 | 0049 2bca 
  0x0000023ac3df7588: 8948 0848 | 33c9 8948 | 0c48 33c9 | 4889 4810 | 4889 4818 | 4889 4820 | 4889 4828 

  0x0000023ac3df75a4: ;   {metadata(method data for {method} {0x0000023a8a2b42d8} 'throwParameterIsNullNPE' '(Ljava/lang/String;)V' in 'kotlin/jvm/internal/Intrinsics')}
  0x0000023ac3df75a4: 48ba 8801 | 3f8a 3a02 | 0000 4883 | 8210 0100 

  0x0000023ac3df75b4: ;   {oop("contentsProvider"{0x000000008470a7a0})}
  0x0000023ac3df75b4: 0001 48ba | a0a7 7084 | 0000 0000 | 4889 8424 | 2801 0000 | 0f1f 8000 

  0x0000023ac3df75cc: ;   {static_call}
  0x0000023ac3df75cc: 0000 00e8 

  0x0000023ac3df75d0: ; ImmutableOopMap {[176]=Oop [184]=Oop [224]=Oop [256]=Oop [192]=Oop [248]=Oop [216]=Oop [296]=Oop [280]=Oop [304]=Oop [272]=Oop }
                      ;*invokestatic createParameterIsNullExceptionMessage {reexecute=0 rethrow=0 return_oop=0}
                      ; - kotlin.jvm.internal.Intrinsics::throwParameterIsNullNPE@5 (line 140)
                      ; - kotlin.jvm.internal.Intrinsics::checkNotNullParameter@5 (line 131)
                      ; - org.jetbrains.kotlin.incremental.classpathDiff.ClassFileWithContentsProvider::<init>@9
                      ; - org.jetbrains.kotlin.incremental.classpathDiff.ClasspathEntrySnapshotter::snapshot@183 (line 50)
  0x0000023ac3df75d0: ac5d 7103 | 4c8b 8424 | 2801 0000 

  0x0000023ac3df75dc: ;   {metadata(method data for {method} {0x0000023a8a2b42d8} 'throwParameterIsNullNPE' '(Ljava/lang/String;)V' in 'kotlin/jvm/internal/Intrinsics')}
  0x0000023ac3df75dc: 48ba 8801 | 3f8a 3a02 | 0000 4883 | 8220 0100 | 0001 4c8b | c048 8b94 | 2428 0100 | 0066 0f1f 
  0x0000023ac3df75fc: ;   {optimized virtual_call}
  0x0000023ac3df75fc: 4400 00e8 

  0x0000023ac3df7600: ; ImmutableOopMap {[176]=Oop [184]=Oop [224]=Oop [256]=Oop [192]=Oop [248]=Oop [216]=Oop [296]=Oop [280]=Oop [304]=Oop [272]=Oop }
                      ;*invokespecial <init> {reexecute=0 rethrow=0 return_oop=0}
                      ; - kotlin.jvm.internal.Intrinsics::throwParameterIsNullNPE@8 (line 140)
                      ; - kotlin.jvm.internal.Intrinsics::checkNotNullParameter@5 (line 131)
                      ; - org.jetbrains.kotlin.incremental.classpathDiff.ClassFileWithContentsProvider::<init>@9
                      ; - org.jetbrains.kotlin.incremental.classpathDiff.ClasspathEntrySnapshotter::snapshot@183 (line 50)
  0x0000023ac3df7600: 7c57 7103 

  0x0000023ac3df7604: ;   {metadata(method data for {method} {0x0000023a8a2b42d8} 'throwParameterIsNullNPE' '(Ljava/lang/String;)V' in 'kotlin/jvm/internal/Intrinsics')}
  0x0000023ac3df7604: 48ba 8801 | 3f8a 3a02 | 0000 4883 | 8230 0100 

  0x0000023ac3df7614: ;   {metadata(method data for {method} {0x0000023a8a2b52a0} 'sanitizeStackTrace' '(Ljava/lang/Throwable;)Ljava/lang/Throwable;' in 'kotlin/jvm/internal/Intrinsics')}
  0x0000023ac3df7614: 0001 48ba | 6808 3f8a | 3a02 0000 | 8bb2 cc00 | 0000 83c6 | 0289 b2cc | 0000 0081 | e6fe ff1f 
  0x0000023ac3df7634: 0083 fe00 | 0f84 8a31 

  0x0000023ac3df763c: ;   {oop(a 'java/lang/Class'{0x000000008b24b988} = 'kotlin/jvm/internal/Intrinsics')}
  0x0000023ac3df763c: 0000 48ba | 88b9 248b | 0000 0000 

  0x0000023ac3df7648: ;   {metadata(method data for {method} {0x0000023a8a2b52a0} 'sanitizeStackTrace' '(Ljava/lang/Throwable;)Ljava/lang/Throwable;' in 'kotlin/jvm/internal/Intrinsics')}
  0x0000023ac3df7648: 488b f248 | bf68 083f | 8a3a 0200 | 0048 8387 | 1001 0000 

  0x0000023ac3df765c: ;   {metadata(method data for {method} {0x0000023ad7445570} 'getName' '()Ljava/lang/String;' in 'java/lang/Class')}
  0x0000023ac3df765c: 0148 bef0 | 0b06 f23a | 0200 008b | becc 0000 | 0083 c702 | 89be cc00 | 0000 81e7 | feff 1f00 
  0x0000023ac3df767c: 83ff 000f | 8464 3100 | 008b 522c | 4883 fa00 

  0x0000023ac3df768c: ;   {metadata(method data for {method} {0x0000023ad7445570} 'getName' '()Ljava/lang/String;' in 'java/lang/Class')}
  0x0000023ac3df768c: 48be f00b | 06f2 3a02 | 0000 48bf | 1001 0000 | 0000 0000 | 0f84 0a00 | 0000 48bf | 2001 0000 
  0x0000023ac3df76ac: 0000 0000 | 488b 1c3e | 488d 5b01 | 4889 1c3e | 0f84 1800 

  0x0000023ac3df76c0: ;   {metadata(method data for {method} {0x0000023ad7445570} 'getName' '()Ljava/lang/String;' in 'java/lang/Class')}
  0x0000023ac3df76c0: 0000 48be | f00b 06f2 | 3a02 0000 | ff86 3001 | 0000 488b | f2e9 2d00 

  0x0000023ac3df76d8: ;   {oop(a 'java/lang/Class'{0x000000008b24b988} = 'kotlin/jvm/internal/Intrinsics')}
  0x0000023ac3df76d8: 0000 48ba | 88b9 248b | 0000 0000 

  0x0000023ac3df76e4: ;   {metadata(method data for {method} {0x0000023ad7445570} 'getName' '()Ljava/lang/String;' in 'java/lang/Class')}
  0x0000023ac3df76e4: 488b f248 | bff0 0b06 | f23a 0200 | 0048 8387 | 4801 0000 | 0166 0f1f 

  0x0000023ac3df76fc: ;   {optimized virtual_call}
  0x0000023ac3df76fc: 4400 00e8 

  0x0000023ac3df7700: ; ImmutableOopMap {[176]=Oop [184]=Oop [224]=Oop [256]=Oop [192]=Oop [248]=Oop [216]=Oop [296]=Oop [280]=Oop [304]=Oop [272]=Oop }
                      ;*invokevirtual initClassName {reexecute=0 rethrow=0 return_oop=0}
                      ; - java.lang.Class::getName@14 (line 863)
                      ; - kotlin.jvm.internal.Intrinsics::sanitizeStackTrace@3 (line 253)
                      ; - kotlin.jvm.internal.Intrinsics::throwParameterIsNullNPE@11 (line 140)
                      ; - kotlin.jvm.internal.Intrinsics::checkNotNullParameter@5 (line 131)
                      ; - org.jetbrains.kotlin.incremental.classpathDiff.ClassFileWithContentsProvider::<init>@9
                      ; - org.jetbrains.kotlin.incremental.classpathDiff.ClasspathEntrySnapshotter::snapshot@183 (line 50)
  0x0000023ac3df7700: 7c56 7103 | 488b f048 | 8b84 2428 | 0100 00e9 | 5a20 0000 | 488b 8424 | f800 0000 | 4883 f800 
  0x0000023ac3df7720: ;   {metadata(method data for {method} {0x0000023a8a2b7f90} 'snapshot' '(Ljava/io/File;Lorg/jetbrains/kotlin/buildtools/api/jvm/ClassSnapshotGranularity;Lorg/jetbrains/kotlin/build/report/metrics/BuildMetricsReporter;)Lorg/jetbrains/kotlin/incremental/classpathDiff/ClasspathEntrySnapshot;' in 'org/jetbrains/kotlin/incremental/classpathDiff/ClasspathEntrySnapshotter')}
  0x0000023ac3df7720: 7517 49b9 | 0080 778a | 3a02 0000 | 4180 89c9 | 0400 0001 | e9f3 0000 

  0x0000023ac3df7738: ;   {metadata('java/util/List')}
  0x0000023ac3df7738: 0048 bfe8 | 0308 d73a | 0200 0044 | 8b48 0849 | ba00 0000 | d73a 0200 | 004d 03ca | 493b 7920 
  0x0000023ac3df7758: 0f84 1f00 | 0000 4c3b | cf0f 8416 | 0000 0041 

  0x0000023ac3df7768: ;   {runtime_call slow_subtype_check Runtime1 stub}
  0x0000023ac3df7768: 5157 e811 | fe7b 0341 | 5941 5941 | 83f9 000f | 8493 0000 

  0x0000023ac3df777c: ;   {metadata(method data for {method} {0x0000023a8a2b7f90} 'snapshot' '(Ljava/io/File;Lorg/jetbrains/kotlin/buildtools/api/jvm/ClassSnapshotGranularity;Lorg/jetbrains/kotlin/build/report/metrics/BuildMetricsReporter;)Lorg/jetbrains/kotlin/incremental/classpathDiff/ClasspathEntrySnapshot;' in 'org/jetbrains/kotlin/incremental/classpathDiff/ClasspathEntrySnapshotter')}
  0x0000023ac3df777c: 0049 b900 | 8077 8a3a | 0200 008b | 7808 49ba | 0000 00d7 | 3a02 0000 | 4903 fa49 | 3bb9 e004 
  0x0000023ac3df779c: 0000 750d | 4983 81e8 | 0400 0001 | e97f 0000 | 0049 3bb9 | f004 0000 | 750d 4983 | 81f8 0400 
  0x0000023ac3df77bc: 0001 e969 | 0000 0049 | 81b9 e004 | 0000 0000 | 0000 7517 | 4989 b9e0 | 0400 0049 | c781 e804 
  0x0000023ac3df77dc: 0000 0100 | 0000 e945 | 0000 0049 | 81b9 f004 | 0000 0000 | 0000 7517 | 4989 b9f0 | 0400 0049 
  0x0000023ac3df77fc: c781 f804 | 0000 0100 | 0000 e921 | 0000 00e9 | 1c00 0000 

  0x0000023ac3df7810: ;   {metadata(method data for {method} {0x0000023a8a2b7f90} 'snapshot' '(Ljava/io/File;Lorg/jetbrains/kotlin/buildtools/api/jvm/ClassSnapshotGranularity;Lorg/jetbrains/kotlin/build/report/metrics/BuildMetricsReporter;)Lorg/jetbrains/kotlin/incremental/classpathDiff/ClasspathEntrySnapshot;' in 'org/jetbrains/kotlin/incremental/classpathDiff/ClasspathEntrySnapshotter')}
  0x0000023ac3df7810: 49b9 0080 | 778a 3a02 | 0000 4983 | a9d0 0400 | 0001 e9e8 | 2f00 00e9 | 0000 0000 | 488b f048 
  0x0000023ac3df7830: 8bbc 24b8 | 0000 0048 | 83ff 000f | 8429 0000 

  0x0000023ac3df7840: ;   {metadata('org/jetbrains/kotlin/build/report/metrics/DoNothingBuildMetricsReporter')}
  0x0000023ac3df7840: 0048 bb00 | 9a54 d93a | 0200 0044 | 8b4f 0849 | ba00 0000 | d73a 0200 | 004d 03ca | 493b d90f 
  0x0000023ac3df7860: 85b3 2f00 | 00e9 0000 | 0000 4c8b | c74c 8bc7 

  0x0000023ac3df7870: ;   {metadata(method data for {method} {0x0000023a8a2b7f90} 'snapshot' '(Ljava/io/File;Lorg/jetbrains/kotlin/buildtools/api/jvm/ClassSnapshotGranularity;Lorg/jetbrains/kotlin/build/report/metrics/BuildMetricsReporter;)Lorg/jetbrains/kotlin/incremental/classpathDiff/ClasspathEntrySnapshot;' in 'org/jetbrains/kotlin/incremental/classpathDiff/ClasspathEntrySnapshotter')}
  0x0000023ac3df7870: 49b9 0080 | 778a 3a02 | 0000 4983 | 8120 0500 

  0x0000023ac3df7880: ;   {metadata(method data for {method} {0x0000023a8a2bb3c8} 'endMeasure' '(Lorg/jetbrains/kotlin/build/report/metrics/BuildTime;)V' in 'org/jetbrains/kotlin/build/report/metrics/DoNothingBuildMetricsReporter')}
  0x0000023ac3df7880: 0001 49b8 | 9897 588a | 3a02 0000 | 458b 88cc | 0000 0041 | 83c1 0245 | 8988 cc00 | 0000 4181 
  0x0000023ac3df78a0: e1fe ff1f | 0041 83f9 | 000f 846e | 2f00 004c 

  0x0000023ac3df78b0: ;   {metadata(method data for {method} {0x0000023a8a2bb3c8} 'endMeasure' '(Lorg/jetbrains/kotlin/build/report/metrics/BuildTime;)V' in 'org/jetbrains/kotlin/build/report/metrics/DoNothingBuildMetricsReporter')}
  0x0000023ac3df78b0: 8bc7 49b9 | 9897 588a | 3a02 0000 | 4983 8148 | 0100 0001 

  0x0000023ac3df78c4: ;   {metadata(method data for {method} {0x0000023a8a2babd0} 'endMeasure' '(Lorg/jetbrains/kotlin/build/report/metrics/GradleBuildTime;)V' in 'org/jetbrains/kotlin/build/report/metrics/DoNothingBuildMetricsReporter')}
  0x0000023ac3df78c4: 49b8 6099 | 588a 3a02 | 0000 458b | 88cc 0000 | 0041 83c1 | 0245 8988 | cc00 0000 | 4181 e1fe 
  0x0000023ac3df78e4: ff1f 0041 | 83f9 000f | 844d 2f00 

  0x0000023ac3df78f0: ;   {metadata(method data for {method} {0x0000023a8a2babd0} 'endMeasure' '(Lorg/jetbrains/kotlin/build/report/metrics/GradleBuildTime;)V' in 'org/jetbrains/kotlin/build/report/metrics/DoNothingBuildMetricsReporter')}
  0x0000023ac3df78f0: 0049 b860 | 9958 8a3a | 0200 0049 | 8380 1001 

  0x0000023ac3df7900: ;   {metadata(method data for {method} {0x0000023a8a2b4178} 'checkNotNullParameter' '(Ljava/lang/Object;Ljava/lang/String;)V' in 'kotlin/jvm/internal/Intrinsics')}
  0x0000023ac3df7900: 0000 0149 | b800 003f | 8a3a 0200 | 0045 8b88 | cc00 0000 | 4183 c102 | 4589 88cc | 0000 0041 
  0x0000023ac3df7920: 81e1 feff | 1f00 4183 | f900 0f84 | 2f2f 0000 

  0x0000023ac3df7930: ;   {metadata(method data for {method} {0x0000023a8a2b4178} 'checkNotNullParameter' '(Ljava/lang/Object;Ljava/lang/String;)V' in 'kotlin/jvm/internal/Intrinsics')}
  0x0000023ac3df7930: 49b8 0000 | 3f8a 3a02 | 0000 41ff | 8010 0100 

  0x0000023ac3df7940: ;   {metadata(method data for {method} {0x0000023a8a2b7f90} 'snapshot' '(Ljava/io/File;Lorg/jetbrains/kotlin/buildtools/api/jvm/ClassSnapshotGranularity;Lorg/jetbrains/kotlin/build/report/metrics/BuildMetricsReporter;)Lorg/jetbrains/kotlin/incremental/classpathDiff/ClasspathEntrySnapshot;' in 'org/jetbrains/kotlin/incremental/classpathDiff/ClasspathEntrySnapshotter')}
  0x0000023ac3df7940: 0049 b800 | 8077 8a3a | 0200 0041 | ff80 4005 | 0000 4883 | ff00 0f84 | 2900 0000 

  0x0000023ac3df795c: ;   {metadata('org/jetbrains/kotlin/build/report/metrics/DoNothingBuildMetricsReporter')}
  0x0000023ac3df795c: 48bb 009a | 54d9 3a02 | 0000 448b | 4f08 49ba | 0000 00d7 | 3a02 0000 | 4d03 ca49 | 3bd9 0f85 
  0x0000023ac3df797c: 002f 0000 | e900 0000 | 004c 8bc7 

  0x0000023ac3df7988: ;   {metadata(method data for {method} {0x0000023a8a2b7f90} 'snapshot' '(Ljava/io/File;Lorg/jetbrains/kotlin/buildtools/api/jvm/ClassSnapshotGranularity;Lorg/jetbrains/kotlin/build/report/metrics/BuildMetricsReporter;)Lorg/jetbrains/kotlin/incremental/classpathDiff/ClasspathEntrySnapshot;' in 'org/jetbrains/kotlin/incremental/classpathDiff/ClasspathEntrySnapshotter')}
  0x0000023ac3df7988: 4c8b c749 | b900 8077 | 8a3a 0200 | 0049 8381 | e005 0000 

  0x0000023ac3df799c: ;   {metadata(method data for {method} {0x0000023a8a2bb318} 'startMeasure' '(Lorg/jetbrains/kotlin/build/report/metrics/BuildTime;)V' in 'org/jetbrains/kotlin/build/report/metrics/DoNothingBuildMetricsReporter')}
  0x0000023ac3df799c: 0149 b8c8 | 9058 8a3a | 0200 0045 | 8b88 cc00 | 0000 4183 | c102 4589 | 88cc 0000 | 0041 81e1 
  0x0000023ac3df79bc: feff 1f00 | 4183 f900 | 0f84 bb2e | 0000 4c8b 

  0x0000023ac3df79cc: ;   {metadata(method data for {method} {0x0000023a8a2bb318} 'startMeasure' '(Lorg/jetbrains/kotlin/build/report/metrics/BuildTime;)V' in 'org/jetbrains/kotlin/build/report/metrics/DoNothingBuildMetricsReporter')}
  0x0000023ac3df79cc: c749 b9c8 | 9058 8a3a | 0200 0049 | 8381 4801 

  0x0000023ac3df79dc: ;   {metadata(method data for {method} {0x0000023a8a2bab20} 'startMeasure' '(Lorg/jetbrains/kotlin/build/report/metrics/GradleBuildTime;)V' in 'org/jetbrains/kotlin/build/report/metrics/DoNothingBuildMetricsReporter')}
  0x0000023ac3df79dc: 0000 0149 | b890 9258 | 8a3a 0200 | 0045 8b88 | cc00 0000 | 4183 c102 | 4589 88cc | 0000 0041 
  0x0000023ac3df79fc: 81e1 feff | 1f00 4183 | f900 0f84 | 9a2e 0000 

  0x0000023ac3df7a0c: ;   {metadata(method data for {method} {0x0000023a8a2bab20} 'startMeasure' '(Lorg/jetbrains/kotlin/build/report/metrics/GradleBuildTime;)V' in 'org/jetbrains/kotlin/build/report/metrics/DoNothingBuildMetricsReporter')}
  0x0000023ac3df7a0c: 49b8 9092 | 588a 3a02 | 0000 4983 | 8010 0100 

  0x0000023ac3df7a1c: ;   {metadata(method data for {method} {0x0000023a8a2b4178} 'checkNotNullParameter' '(Ljava/lang/Object;Ljava/lang/String;)V' in 'kotlin/jvm/internal/Intrinsics')}
  0x0000023ac3df7a1c: 0001 49b8 | 0000 3f8a | 3a02 0000 | 458b 88cc | 0000 0041 | 83c1 0245 | 8988 cc00 | 0000 4181 
  0x0000023ac3df7a3c: e1fe ff1f | 0041 83f9 | 000f 847c 

  0x0000023ac3df7a48: ;   {metadata(method data for {method} {0x0000023a8a2b4178} 'checkNotNullParameter' '(Ljava/lang/Object;Ljava/lang/String;)V' in 'kotlin/jvm/internal/Intrinsics')}
  0x0000023ac3df7a48: 2e00 0049 | b800 003f | 8a3a 0200 | 0041 ff80 | 1001 0000 

  0x0000023ac3df7a5c: ;   {oop(a 'org/jetbrains/kotlin/incremental/classpathDiff/ClassSnapshotter'{0x000000008b24bac0})}
  0x0000023ac3df7a5c: 48ba c0ba | 248b 0000 | 0000 4c8b 

  0x0000023ac3df7a68: ;   {metadata(method data for {method} {0x0000023a8a2b7f90} 'snapshot' '(Ljava/io/File;Lorg/jetbrains/kotlin/buildtools/api/jvm/ClassSnapshotGranularity;Lorg/jetbrains/kotlin/build/report/metrics/BuildMetricsReporter;)Lorg/jetbrains/kotlin/incremental/classpathDiff/ClasspathEntrySnapshot;' in 'org/jetbrains/kotlin/incremental/classpathDiff/ClasspathEntrySnapshotter')}
  0x0000023ac3df7a68: c249 b900 | 8077 8a3a | 0200 0049 | 8381 0006 | 0000 014c | 8bc6 4c8b | 8c24 b000 | 0000 488b 
  0x0000023ac3df7a88: df48 8bfb | 4889 b424 | 3801 0000 

  0x0000023ac3df7a94: ;   {optimized virtual_call}
  0x0000023ac3df7a94: 6666 90e8 

  0x0000023ac3df7a98: ; ImmutableOopMap {[224]=Oop [312]=Oop [184]=Oop }
                      ;*invokevirtual snapshot {reexecute=0 rethrow=0 return_oop=0}
                      ; - org.jetbrains.kotlin.incremental.classpathDiff.ClasspathEntrySnapshotter::snapshot@272 (line 57)
  0x0000023ac3df7a98: e4c9 3805 | 4889 8424 | 5801 0000 | 488b bc24 | b800 0000 | 4883 ff00 | 0f84 2800 

  0x0000023ac3df7ab4: ;   {metadata('org/jetbrains/kotlin/build/report/metrics/DoNothingBuildMetricsReporter')}
  0x0000023ac3df7ab4: 0000 48bb | 009a 54d9 | 3a02 0000 | 8b77 0849 | ba00 0000 | d73a 0200 | 0049 03f2 | 483b de0f 
  0x0000023ac3df7ad4: 850f 2e00 | 00e9 0000 | 0000 488b | d748 8bd7 

  0x0000023ac3df7ae4: ;   {metadata(method data for {method} {0x0000023a8a2b7f90} 'snapshot' '(Ljava/io/File;Lorg/jetbrains/kotlin/buildtools/api/jvm/ClassSnapshotGranularity;Lorg/jetbrains/kotlin/build/report/metrics/BuildMetricsReporter;)Lorg/jetbrains/kotlin/incremental/classpathDiff/ClasspathEntrySnapshot;' in 'org/jetbrains/kotlin/incremental/classpathDiff/ClasspathEntrySnapshotter')}
  0x0000023ac3df7ae4: 48be 0080 | 778a 3a02 | 0000 4883 | 8650 0600 

  0x0000023ac3df7af4: ;   {metadata(method data for {method} {0x0000023a8a2bb3c8} 'endMeasure' '(Lorg/jetbrains/kotlin/build/report/metrics/BuildTime;)V' in 'org/jetbrains/kotlin/build/report/metrics/DoNothingBuildMetricsReporter')}
  0x0000023ac3df7af4: 0001 48ba | 9897 588a | 3a02 0000 | 8bb2 cc00 | 0000 83c6 | 0289 b2cc | 0000 0081 | e6fe ff1f 
  0x0000023ac3df7b14: 0083 fe00 | 0f84 cf2d 

  0x0000023ac3df7b1c: ;   {metadata(method data for {method} {0x0000023a8a2bb3c8} 'endMeasure' '(Lorg/jetbrains/kotlin/build/report/metrics/BuildTime;)V' in 'org/jetbrains/kotlin/build/report/metrics/DoNothingBuildMetricsReporter')}
  0x0000023ac3df7b1c: 0000 48ba | 9897 588a | 3a02 0000 | 4883 8248 | 0100 0001 

  0x0000023ac3df7b30: ;   {metadata(method data for {method} {0x0000023a8a2babd0} 'endMeasure' '(Lorg/jetbrains/kotlin/build/report/metrics/GradleBuildTime;)V' in 'org/jetbrains/kotlin/build/report/metrics/DoNothingBuildMetricsReporter')}
  0x0000023ac3df7b30: 48ba 6099 | 588a 3a02 | 0000 8bb2 | cc00 0000 | 83c6 0289 | b2cc 0000 | 0081 e6fe | ff1f 0083 
  0x0000023ac3df7b50: fe00 0f84 | b62d 0000 

  0x0000023ac3df7b58: ;   {metadata(method data for {method} {0x0000023a8a2babd0} 'endMeasure' '(Lorg/jetbrains/kotlin/build/report/metrics/GradleBuildTime;)V' in 'org/jetbrains/kotlin/build/report/metrics/DoNothingBuildMetricsReporter')}
  0x0000023ac3df7b58: 48ba 6099 | 588a 3a02 | 0000 4883 | 8210 0100 

  0x0000023ac3df7b68: ;   {metadata(method data for {method} {0x0000023a8a2b4178} 'checkNotNullParameter' '(Ljava/lang/Object;Ljava/lang/String;)V' in 'kotlin/jvm/internal/Intrinsics')}
  0x0000023ac3df7b68: 0001 48ba | 0000 3f8a | 3a02 0000 | 8bb2 cc00 | 0000 83c6 | 0289 b2cc | 0000 0081 | e6fe ff1f 
  0x0000023ac3df7b88: 0083 fe00 | 0f84 9d2d 

  0x0000023ac3df7b90: ;   {metadata(method data for {method} {0x0000023a8a2b4178} 'checkNotNullParameter' '(Ljava/lang/Object;Ljava/lang/String;)V' in 'kotlin/jvm/internal/Intrinsics')}
  0x0000023ac3df7b90: 0000 48ba | 0000 3f8a | 3a02 0000 | ff82 1001 

  0x0000023ac3df7ba0: ;   {metadata(method data for {method} {0x0000023a8a2b7f90} 'snapshot' '(Ljava/io/File;Lorg/jetbrains/kotlin/buildtools/api/jvm/ClassSnapshotGranularity;Lorg/jetbrains/kotlin/build/report/metrics/BuildMetricsReporter;)Lorg/jetbrains/kotlin/incremental/classpathDiff/ClasspathEntrySnapshot;' in 'org/jetbrains/kotlin/incremental/classpathDiff/ClasspathEntrySnapshotter')}
  0x0000023ac3df7ba0: 0000 48ba | 0080 778a | 3a02 0000 | ff82 7006 | 0000 488b | b424 3801 | 0000 4883 | fe00 7516 
  0x0000023ac3df7bc0: ;   {metadata(method data for {method} {0x0000023a8a2b7f90} 'snapshot' '(Ljava/io/File;Lorg/jetbrains/kotlin/buildtools/api/jvm/ClassSnapshotGranularity;Lorg/jetbrains/kotlin/build/report/metrics/BuildMetricsReporter;)Lorg/jetbrains/kotlin/incremental/classpathDiff/ClasspathEntrySnapshot;' in 'org/jetbrains/kotlin/incremental/classpathDiff/ClasspathEntrySnapshotter')}
  0x0000023ac3df7bc0: 48bb 0080 | 778a 3a02 | 0000 808b | b906 0000 | 01e9 ee00 

  0x0000023ac3df7bd4: ;   {metadata('java/lang/Iterable')}
  0x0000023ac3df7bd4: 0000 48bf | 48dc 07d7 | 3a02 0000 | 8b5e 0849 | ba00 0000 | d73a 0200 | 0049 03da | 483b 7b20 
  0x0000023ac3df7bf4: 0f84 1b00 | 0000 483b | df0f 8412 | 0000 0053 

  0x0000023ac3df7c04: ;   {runtime_call slow_subtype_check Runtime1 stub}
  0x0000023ac3df7c04: 57e8 76f9 | 7b03 5b5b | 83fb 000f | 8493 0000 

  0x0000023ac3df7c14: ;   {metadata(method data for {method} {0x0000023a8a2b7f90} 'snapshot' '(Ljava/io/File;Lorg/jetbrains/kotlin/buildtools/api/jvm/ClassSnapshotGranularity;Lorg/jetbrains/kotlin/build/report/metrics/BuildMetricsReporter;)Lorg/jetbrains/kotlin/incremental/classpathDiff/ClasspathEntrySnapshot;' in 'org/jetbrains/kotlin/incremental/classpathDiff/ClasspathEntrySnapshotter')}
  0x0000023ac3df7c14: 0048 bb00 | 8077 8a3a | 0200 008b | 7e08 49ba | 0000 00d7 | 3a02 0000 | 4903 fa48 | 3bbb d006 
  0x0000023ac3df7c34: 0000 750d | 4883 83d8 | 0600 0001 | e97f 0000 | 0048 3bbb | e006 0000 | 750d 4883 | 83e8 0600 
  0x0000023ac3df7c54: 0001 e969 | 0000 0048 | 81bb d006 | 0000 0000 | 0000 7517 | 4889 bbd0 | 0600 0048 | c783 d806 
  0x0000023ac3df7c74: 0000 0100 | 0000 e945 | 0000 0048 | 81bb e006 | 0000 0000 | 0000 7517 | 4889 bbe0 | 0600 0048 
  0x0000023ac3df7c94: c783 e806 | 0000 0100 | 0000 e921 | 0000 00e9 | 1c00 0000 

  0x0000023ac3df7ca8: ;   {metadata(method data for {method} {0x0000023a8a2b7f90} 'snapshot' '(Ljava/io/File;Lorg/jetbrains/kotlin/buildtools/api/jvm/ClassSnapshotGranularity;Lorg/jetbrains/kotlin/build/report/metrics/BuildMetricsReporter;)Lorg/jetbrains/kotlin/incremental/classpathDiff/ClasspathEntrySnapshot;' in 'org/jetbrains/kotlin/incremental/classpathDiff/ClasspathEntrySnapshotter')}
  0x0000023ac3df7ca8: 48bb 0080 | 778a 3a02 | 0000 4883 | abc0 0600 | 0001 e991 | 2c00 00e9 | 0000 0000 | 488b de48 
  0x0000023ac3df7cc8: 899c 2448 

  0x0000023ac3df7ccc: ;   {metadata('java/util/ArrayList')}
  0x0000023ac3df7ccc: 0100 0048 | ba18 df00 | d73a 0200 | 0049 8b87 | 0801 0000 | 488d 7818 | 493b bf18 | 0100 000f 
  0x0000023ac3df7cec: 8768 2c00 | 0049 89bf | 0801 0000 | 48c7 0001 | 0000 0048 | 8bca 49ba | 0000 00d7 | 3a02 0000 
  0x0000023ac3df7d0c: 492b ca89 | 4808 4833 | c989 480c | 4833 c948 | 8948 1048 | 8984 2450 

  0x0000023ac3df7d24: ;   {metadata(method data for {method} {0x0000023a8a2b7f90} 'snapshot' '(Ljava/io/File;Lorg/jetbrains/kotlin/buildtools/api/jvm/ClassSnapshotGranularity;Lorg/jetbrains/kotlin/build/report/metrics/BuildMetricsReporter;)Lorg/jetbrains/kotlin/incremental/classpathDiff/ClasspathEntrySnapshot;' in 'org/jetbrains/kotlin/incremental/classpathDiff/ClasspathEntrySnapshotter')}
  0x0000023ac3df7d24: 0100 0048 | ba00 8077 | 8a3a 0200 | 0048 8382 | f806 0000 

  0x0000023ac3df7d38: ;   {metadata(method data for {method} {0x0000023a8a323cc8} 'collectionSizeOrDefault' '(Ljava/lang/Iterable;I)I' in 'kotlin/collections/CollectionsKt__IterablesKt')}
  0x0000023ac3df7d38: 0148 bae0 | 4f5d 8a3a | 0200 008b | b2cc 0000 | 0083 c602 | 89b2 cc00 | 0000 81e6 | feff 1f00 
  0x0000023ac3df7d58: 83fe 000f | 8405 2c00 

  0x0000023ac3df7d60: ;   {metadata(method data for {method} {0x0000023a8a323cc8} 'collectionSizeOrDefault' '(Ljava/lang/Iterable;I)I' in 'kotlin/collections/CollectionsKt__IterablesKt')}
  0x0000023ac3df7d60: 0048 bae0 | 4f5d 8a3a | 0200 0048 | 8382 1001 

  0x0000023ac3df7d70: ;   {metadata(method data for {method} {0x0000023a8a2b4178} 'checkNotNullParameter' '(Ljava/lang/Object;Ljava/lang/String;)V' in 'kotlin/jvm/internal/Intrinsics')}
  0x0000023ac3df7d70: 0000 0148 | ba00 003f | 8a3a 0200 | 008b b2cc | 0000 0083 | c602 89b2 | cc00 0000 | 81e6 feff 
  0x0000023ac3df7d90: 1f00 83fe | 000f 84ec | 2b00 0048 

  0x0000023ac3df7d9c: ;   {metadata(method data for {method} {0x0000023a8a2b4178} 'checkNotNullParameter' '(Ljava/lang/Object;Ljava/lang/String;)V' in 'kotlin/jvm/internal/Intrinsics')}
  0x0000023ac3df7d9c: 83fb 0048 | ba00 003f | 8a3a 0200 | 0048 be10 | 0100 0000 | 0000 000f | 850a 0000 | 0048 be20 
  0x0000023ac3df7dbc: 0100 0000 | 0000 0048 | 8b3c 3248 | 8d7f 0148 | 893c 320f | 8507 0200 

  0x0000023ac3df7dd4: ;   {metadata(method data for {method} {0x0000023a8a2b4178} 'checkNotNullParameter' '(Ljava/lang/Object;Ljava/lang/String;)V' in 'kotlin/jvm/internal/Intrinsics')}
  0x0000023ac3df7dd4: 0048 ba00 | 003f 8a3a | 0200 0048 | 8382 3001 

  0x0000023ac3df7de4: ;   {metadata(method data for {method} {0x0000023a8a2b42d8} 'throwParameterIsNullNPE' '(Ljava/lang/String;)V' in 'kotlin/jvm/internal/Intrinsics')}
  0x0000023ac3df7de4: 0000 0148 | ba88 013f | 8a3a 0200 | 008b b2cc | 0000 0083 | c602 89b2 | cc00 0000 | 81e6 feff 
  0x0000023ac3df7e04: 1f00 83fe | 000f 8499 | 2b00 0090 

  0x0000023ac3df7e10: ;   {no_reloc}
  0x0000023ac3df7e10: e9c3 2b00 | 0000 0000 | 0000 498b | 8708 0100 | 0048 8d78 | 3049 3bbf | 1801 0000 | 0f87 b02b 
  0x0000023ac3df7e30: 0000 4989 | bf08 0100 | 0048 c700 | 0100 0000 | 488b ca49 | ba00 0000 | d73a 0200 | 0049 2bca 
  0x0000023ac3df7e50: 8948 0848 | 33c9 8948 | 0c48 33c9 | 4889 4810 | 4889 4818 | 4889 4820 | 4889 4828 

  0x0000023ac3df7e6c: ;   {metadata(method data for {method} {0x0000023a8a2b42d8} 'throwParameterIsNullNPE' '(Ljava/lang/String;)V' in 'kotlin/jvm/internal/Intrinsics')}
  0x0000023ac3df7e6c: 48ba 8801 | 3f8a 3a02 | 0000 4883 | 8210 0100 

  0x0000023ac3df7e7c: ;   {oop("<this>"{0x000000008112b7a0})}
  0x0000023ac3df7e7c: 0001 48ba | a0b7 1281 | 0000 0000 | 4889 8424 | 4001 0000 | 0f1f 8000 

  0x0000023ac3df7e94: ;   {static_call}
  0x0000023ac3df7e94: 0000 00e8 

  0x0000023ac3df7e98: ; ImmutableOopMap {[224]=Oop [320]=Oop [344]=Oop [336]=Oop [328]=Oop }
                      ;*invokestatic createParameterIsNullExceptionMessage {reexecute=0 rethrow=0 return_oop=0}
                      ; - kotlin.jvm.internal.Intrinsics::throwParameterIsNullNPE@5 (line 140)
                      ; - kotlin.jvm.internal.Intrinsics::checkNotNullParameter@5 (line 131)
                      ; - kotlin.collections.CollectionsKt__IterablesKt::collectionSizeOrDefault@3
                      ; - org.jetbrains.kotlin.incremental.classpathDiff.ClasspathEntrySnapshotter::snapshot@329 (line 304)
  0x0000023ac3df7e98: e454 7103 | 4c8b 8424 | 4001 0000 

  0x0000023ac3df7ea4: ;   {metadata(method data for {method} {0x0000023a8a2b42d8} 'throwParameterIsNullNPE' '(Ljava/lang/String;)V' in 'kotlin/jvm/internal/Intrinsics')}
  0x0000023ac3df7ea4: 48ba 8801 | 3f8a 3a02 | 0000 4883 | 8220 0100 | 0001 4c8b | c048 8b94 | 2440 0100 | 0066 0f1f 
  0x0000023ac3df7ec4: ;   {optimized virtual_call}
  0x0000023ac3df7ec4: 4400 00e8 

  0x0000023ac3df7ec8: ; ImmutableOopMap {[224]=Oop [320]=Oop [344]=Oop [336]=Oop [328]=Oop }
                      ;*invokespecial <init> {reexecute=0 rethrow=0 return_oop=0}
                      ; - kotlin.jvm.internal.Intrinsics::throwParameterIsNullNPE@8 (line 140)
                      ; - kotlin.jvm.internal.Intrinsics::checkNotNullParameter@5 (line 131)
                      ; - kotlin.collections.CollectionsKt__IterablesKt::collectionSizeOrDefault@3
                      ; - org.jetbrains.kotlin.incremental.classpathDiff.ClasspathEntrySnapshotter::snapshot@329 (line 304)
  0x0000023ac3df7ec8: b44e 7103 

  0x0000023ac3df7ecc: ;   {metadata(method data for {method} {0x0000023a8a2b42d8} 'throwParameterIsNullNPE' '(Ljava/lang/String;)V' in 'kotlin/jvm/internal/Intrinsics')}
  0x0000023ac3df7ecc: 48ba 8801 | 3f8a 3a02 | 0000 4883 | 8230 0100 

  0x0000023ac3df7edc: ;   {metadata(method data for {method} {0x0000023a8a2b52a0} 'sanitizeStackTrace' '(Ljava/lang/Throwable;)Ljava/lang/Throwable;' in 'kotlin/jvm/internal/Intrinsics')}
  0x0000023ac3df7edc: 0001 48ba | 6808 3f8a | 3a02 0000 | 8bb2 cc00 | 0000 83c6 | 0289 b2cc | 0000 0081 | e6fe ff1f 
  0x0000023ac3df7efc: 0083 fe00 | 0f84 e92a 

  0x0000023ac3df7f04: ;   {oop(a 'java/lang/Class'{0x000000008b24b988} = 'kotlin/jvm/internal/Intrinsics')}
  0x0000023ac3df7f04: 0000 48ba | 88b9 248b | 0000 0000 

  0x0000023ac3df7f10: ;   {metadata(method data for {method} {0x0000023a8a2b52a0} 'sanitizeStackTrace' '(Ljava/lang/Throwable;)Ljava/lang/Throwable;' in 'kotlin/jvm/internal/Intrinsics')}
  0x0000023ac3df7f10: 488b f248 | bf68 083f | 8a3a 0200 | 0048 8387 | 1001 0000 

  0x0000023ac3df7f24: ;   {metadata(method data for {method} {0x0000023ad7445570} 'getName' '()Ljava/lang/String;' in 'java/lang/Class')}
  0x0000023ac3df7f24: 0148 bef0 | 0b06 f23a | 0200 008b | becc 0000 | 0083 c702 | 89be cc00 | 0000 81e7 | feff 1f00 
  0x0000023ac3df7f44: 83ff 000f | 84c3 2a00 | 008b 522c | 4883 fa00 

  0x0000023ac3df7f54: ;   {metadata(method data for {method} {0x0000023ad7445570} 'getName' '()Ljava/lang/String;' in 'java/lang/Class')}
  0x0000023ac3df7f54: 48be f00b | 06f2 3a02 | 0000 48bf | 1001 0000 | 0000 0000 | 0f84 0a00 | 0000 48bf | 2001 0000 
  0x0000023ac3df7f74: 0000 0000 | 488b 1c3e | 488d 5b01 | 4889 1c3e | 0f84 1800 

  0x0000023ac3df7f88: ;   {metadata(method data for {method} {0x0000023ad7445570} 'getName' '()Ljava/lang/String;' in 'java/lang/Class')}
  0x0000023ac3df7f88: 0000 48be | f00b 06f2 | 3a02 0000 | ff86 3001 | 0000 488b | f2e9 2d00 

  0x0000023ac3df7fa0: ;   {oop(a 'java/lang/Class'{0x000000008b24b988} = 'kotlin/jvm/internal/Intrinsics')}
  0x0000023ac3df7fa0: 0000 48ba | 88b9 248b | 0000 0000 

  0x0000023ac3df7fac: ;   {metadata(method data for {method} {0x0000023ad7445570} 'getName' '()Ljava/lang/String;' in 'java/lang/Class')}
  0x0000023ac3df7fac: 488b f248 | bff0 0b06 | f23a 0200 | 0048 8387 | 4801 0000 | 0166 0f1f 

  0x0000023ac3df7fc4: ;   {optimized virtual_call}
  0x0000023ac3df7fc4: 4400 00e8 

  0x0000023ac3df7fc8: ; ImmutableOopMap {[224]=Oop [320]=Oop [344]=Oop [336]=Oop [328]=Oop }
                      ;*invokevirtual initClassName {reexecute=0 rethrow=0 return_oop=0}
                      ; - java.lang.Class::getName@14 (line 863)
                      ; - kotlin.jvm.internal.Intrinsics::sanitizeStackTrace@3 (line 253)
                      ; - kotlin.jvm.internal.Intrinsics::throwParameterIsNullNPE@11 (line 140)
                      ; - kotlin.jvm.internal.Intrinsics::checkNotNullParameter@5 (line 131)
                      ; - kotlin.collections.CollectionsKt__IterablesKt::collectionSizeOrDefault@3
                      ; - org.jetbrains.kotlin.incremental.classpathDiff.ClasspathEntrySnapshotter::snapshot@329 (line 304)
  0x0000023ac3df7fc8: b44d 7103 | 488b f048 | 8b84 2440 | 0100 00e9 | 5a16 0000 | 4883 fb00 

  0x0000023ac3df7fe0: ;   {metadata(method data for {method} {0x0000023a8a323cc8} 'collectionSizeOrDefault' '(Ljava/lang/Iterable;I)I' in 'kotlin/collections/CollectionsKt__IterablesKt')}
  0x0000023ac3df7fe0: 7516 48bf | e04f 5d8a | 3a02 0000 | 808f 1901 | 0000 01e9 | ee00 0000 

  0x0000023ac3df7ff8: ;   {metadata('java/util/Collection')}
  0x0000023ac3df7ff8: 48b8 f0e1 | 07d7 3a02 | 0000 8b7b | 0849 ba00 | 0000 d73a | 0200 0049 | 03fa 483b | 4720 0f84 
  0x0000023ac3df8018: 1b00 0000 | 483b f80f | 8412 0000 

  0x0000023ac3df8024: ;   {runtime_call slow_subtype_check Runtime1 stub}
  0x0000023ac3df8024: 0057 50e8 | 54f5 7b03 | 5f5f 83ff | 000f 8493 

  0x0000023ac3df8034: ;   {metadata(method data for {method} {0x0000023a8a323cc8} 'collectionSizeOrDefault' '(Ljava/lang/Iterable;I)I' in 'kotlin/collections/CollectionsKt__IterablesKt')}
  0x0000023ac3df8034: 0000 0048 | bfe0 4f5d | 8a3a 0200 | 008b 4308 | 49ba 0000 | 00d7 3a02 | 0000 4903 | c248 3b87 
  0x0000023ac3df8054: 3001 0000 | 750d 4883 | 8738 0100 | 0001 e984 | 0000 0048 | 3b87 4001 | 0000 750d | 4883 8748 
  0x0000023ac3df8074: 0100 0001 | e96e 0000 | 0048 81bf | 3001 0000 | 0000 0000 | 7517 4889 | 8730 0100 | 0048 c787 
  0x0000023ac3df8094: 3801 0000 | 0100 0000 | e94a 0000 | 0048 81bf | 4001 0000 | 0000 0000 | 7517 4889 | 8740 0100 
  0x0000023ac3df80b4: 0048 c787 | 4801 0000 | 0100 0000 | e926 0000 | 00e9 2100 

  0x0000023ac3df80c8: ;   {metadata(method data for {method} {0x0000023a8a323cc8} 'collectionSizeOrDefault' '(Ljava/lang/Iterable;I)I' in 'kotlin/collections/CollectionsKt__IterablesKt')}
  0x0000023ac3df80c8: 0000 48bf | e04f 5d8a | 3a02 0000 | 4883 af20 | 0100 0001 | e905 0000 | 00e9 0500 | 0000 4833 
  0x0000023ac3df80e8: d2eb 0a48 | ba01 0000 | 0000 0000 | 0083 fa00 

  0x0000023ac3df80f8: ;   {metadata(method data for {method} {0x0000023a8a323cc8} 'collectionSizeOrDefault' '(Ljava/lang/Iterable;I)I' in 'kotlin/collections/CollectionsKt__IterablesKt')}
  0x0000023ac3df80f8: 48ba e04f | 5d8a 3a02 | 0000 48be | 5801 0000 | 0000 0000 | 0f84 0a00 | 0000 48be | 6801 0000 
  0x0000023ac3df8118: 0000 0000 | 488b 3c32 | 488d 7f01 | 4889 3c32 | 0f84 d401 | 0000 4883 | fb00 7516 

  0x0000023ac3df8134: ;   {metadata(method data for {method} {0x0000023a8a323cc8} 'collectionSizeOrDefault' '(Ljava/lang/Iterable;I)I' in 'kotlin/collections/CollectionsKt__IterablesKt')}
  0x0000023ac3df8134: 48bf e04f | 5d8a 3a02 | 0000 808f | 7101 0000 | 01e9 ee00 

  0x0000023ac3df8148: ;   {metadata('java/util/Collection')}
  0x0000023ac3df8148: 0000 48b8 | f0e1 07d7 | 3a02 0000 | 8b7b 0849 | ba00 0000 | d73a 0200 | 0049 03fa | 483b 4720 
  0x0000023ac3df8168: 0f84 1b00 | 0000 483b | f80f 8412 | 0000 0057 

  0x0000023ac3df8178: ;   {runtime_call slow_subtype_check Runtime1 stub}
  0x0000023ac3df8178: 50e8 02f4 | 7b03 5f5f | 83ff 000f | 8493 0000 

  0x0000023ac3df8188: ;   {metadata(method data for {method} {0x0000023a8a323cc8} 'collectionSizeOrDefault' '(Ljava/lang/Iterable;I)I' in 'kotlin/collections/CollectionsKt__IterablesKt')}
  0x0000023ac3df8188: 0048 bfe0 | 4f5d 8a3a | 0200 008b | 4308 49ba | 0000 00d7 | 3a02 0000 | 4903 c248 | 3b87 8801 
  0x0000023ac3df81a8: 0000 750d | 4883 8790 | 0100 0001 | e97f 0000 | 0048 3b87 | 9801 0000 | 750d 4883 | 87a0 0100 
  0x0000023ac3df81c8: 0001 e969 | 0000 0048 | 81bf 8801 | 0000 0000 | 0000 7517 | 4889 8788 | 0100 0048 | c787 9001 
  0x0000023ac3df81e8: 0000 0100 | 0000 e945 | 0000 0048 | 81bf 9801 | 0000 0000 | 0000 7517 | 4889 8798 | 0100 0048 
  0x0000023ac3df8208: c787 a001 | 0000 0100 | 0000 e921 | 0000 00e9 | 1c00 0000 

  0x0000023ac3df821c: ;   {metadata(method data for {method} {0x0000023a8a323cc8} 'collectionSizeOrDefault' '(Ljava/lang/Iterable;I)I' in 'kotlin/collections/CollectionsKt__IterablesKt')}
  0x0000023ac3df821c: 48bf e04f | 5d8a 3a02 | 0000 4883 | af78 0100 | 0001 e903 | 2800 00e9 | 0000 0000 | 488b d348 
  0x0000023ac3df823c: 3b02 488b 

  0x0000023ac3df8240: ;   {metadata(method data for {method} {0x0000023a8a323cc8} 'collectionSizeOrDefault' '(Ljava/lang/Iterable;I)I' in 'kotlin/collections/CollectionsKt__IterablesKt')}
  0x0000023ac3df8240: f248 bfe0 | 4f5d 8a3a | 0200 008b | 7608 49ba | 0000 00d7 | 3a02 0000 | 4903 f248 | 3bb7 c001 
  0x0000023ac3df8260: 0000 750d | 4883 87c8 | 0100 0001 | e966 0000 | 0048 3bb7 | d001 0000 | 750d 4883 | 87d8 0100 
  0x0000023ac3df8280: 0001 e950 | 0000 0048 | 81bf c001 | 0000 0000 | 0000 7517 | 4889 b7c0 | 0100 0048 | c787 c801 
  0x0000023ac3df82a0: 0000 0100 | 0000 e92c | 0000 0048 | 81bf d001 | 0000 0000 | 0000 7517 | 4889 b7d0 | 0100 0048 
  0x0000023ac3df82c0: c787 d801 | 0000 0100 | 0000 e908 | 0000 0048 | 8387 b001 | 0000 0166 | 0f1f 4400 | 0048 b818 
  0x0000023ac3df82e0: df00 d73a 

  0x0000023ac3df82e4: ;   {virtual_call}
  0x0000023ac3df82e4: 0200 00e8 

  0x0000023ac3df82e8: ; ImmutableOopMap {[224]=Oop [344]=Oop [336]=Oop [328]=Oop }
                      ;*invokeinterface size {reexecute=0 rethrow=0 return_oop=0}
                      ; - kotlin.collections.CollectionsKt__IterablesKt::collectionSizeOrDefault@17 (line 39)
                      ; - org.jetbrains.kotlin.incremental.classpathDiff.ClasspathEntrySnapshotter::snapshot@329 (line 304)
  0x0000023ac3df82e8: b488 c703 

  0x0000023ac3df82ec: ;   {metadata(method data for {method} {0x0000023a8a323cc8} 'collectionSizeOrDefault' '(Ljava/lang/Iterable;I)I' in 'kotlin/collections/CollectionsKt__IterablesKt')}
  0x0000023ac3df82ec: 49b8 e04f | 5d8a 3a02 | 0000 41ff | 80e8 0100 | 00e9 0500 | 0000 b80a | 0000 004c | 8b84 2450 
  0x0000023ac3df830c: ;   {metadata(method data for {method} {0x0000023a8a2b7f90} 'snapshot' '(Ljava/io/File;Lorg/jetbrains/kotlin/buildtools/api/jvm/ClassSnapshotGranularity;Lorg/jetbrains/kotlin/build/report/metrics/BuildMetricsReporter;)Lorg/jetbrains/kotlin/incremental/classpathDiff/ClasspathEntrySnapshot;' in 'org/jetbrains/kotlin/incremental/classpathDiff/ClasspathEntrySnapshotter')}
  0x0000023ac3df830c: 0100 0048 | ba00 8077 | 8a3a 0200 | 0048 8382 | 0807 0000 | 014c 8bc0 | 488b 9424 | 5001 0000 
  0x0000023ac3df832c: ;   {optimized virtual_call}
  0x0000023ac3df832c: 6666 90e8 

  0x0000023ac3df8330: ; ImmutableOopMap {[224]=Oop [344]=Oop [336]=Oop [328]=Oop }
                      ;*invokespecial <init> {reexecute=0 rethrow=0 return_oop=0}
                      ; - org.jetbrains.kotlin.incremental.classpathDiff.ClasspathEntrySnapshotter::snapshot@332 (line 304)
  0x0000023ac3df8330: 0c2d db03 | 488b 9c24 | 4801 0000 

  0x0000023ac3df833c: ; implicit exception: dispatches to 0x0000023ac3dfaa44
  0x0000023ac3df833c: 483b 0348 

  0x0000023ac3df8340: ;   {metadata(method data for {method} {0x0000023a8a2b7f90} 'snapshot' '(Ljava/io/File;Lorg/jetbrains/kotlin/buildtools/api/jvm/ClassSnapshotGranularity;Lorg/jetbrains/kotlin/build/report/metrics/BuildMetricsReporter;)Lorg/jetbrains/kotlin/incremental/classpathDiff/ClasspathEntrySnapshot;' in 'org/jetbrains/kotlin/incremental/classpathDiff/ClasspathEntrySnapshotter')}
  0x0000023ac3df8340: 8bd3 48be | 0080 778a | 3a02 0000 | 8b52 0849 | ba00 0000 | d73a 0200 | 0049 03d2 | 483b 9660 
  0x0000023ac3df8360: 0700 0075 | 0d48 8386 | 6807 0000 | 01e9 6600 | 0000 483b | 9670 0700 | 0075 0d48 | 8386 7807 
  0x0000023ac3df8380: 0000 01e9 | 5000 0000 | 4881 be60 | 0700 0000 | 0000 0075 | 1748 8996 | 6007 0000 | 48c7 8668 
  0x0000023ac3df83a0: 0700 0001 | 0000 00e9 | 2c00 0000 | 4881 be70 | 0700 0000 | 0000 0075 | 1748 8996 | 7007 0000 
  0x0000023ac3df83c0: 48c7 8678 | 0700 0001 | 0000 00e9 | 0800 0000 | 4883 8650 | 0700 0001 | 488b d366 | 9048 b818 
  0x0000023ac3df83e0: df00 d73a 

  0x0000023ac3df83e4: ;   {virtual_call}
  0x0000023ac3df83e4: 0200 00e8 

  0x0000023ac3df83e8: ; ImmutableOopMap {[224]=Oop [344]=Oop [336]=Oop }
                      ;*invokeinterface iterator {reexecute=0 rethrow=0 return_oop=0}
                      ; - org.jetbrains.kotlin.incremental.classpathDiff.ClasspathEntrySnapshotter::snapshot@345 (line 305)
  0x0000023ac3df83e8: b44f d303 | 4889 8424 | 6001 0000 | 0f1f 4000 

  0x0000023ac3df83f8: ; implicit exception: dispatches to 0x0000023ac3dfaa49
  0x0000023ac3df83f8: 483b 0048 

  0x0000023ac3df83fc: ;   {metadata(method data for {method} {0x0000023a8a2b7f90} 'snapshot' '(Ljava/io/File;Lorg/jetbrains/kotlin/buildtools/api/jvm/ClassSnapshotGranularity;Lorg/jetbrains/kotlin/build/report/metrics/BuildMetricsReporter;)Lorg/jetbrains/kotlin/incremental/classpathDiff/ClasspathEntrySnapshot;' in 'org/jetbrains/kotlin/incremental/classpathDiff/ClasspathEntrySnapshotter')}
  0x0000023ac3df83fc: 8bd0 48bf | 0080 778a | 3a02 0000 | 8b52 0849 | ba00 0000 | d73a 0200 | 0049 03d2 | 483b 9798 
  0x0000023ac3df841c: 0700 0075 | 0d48 8387 | a007 0000 | 01e9 6600 | 0000 483b | 97a8 0700 | 0075 0d48 | 8387 b007 
  0x0000023ac3df843c: 0000 01e9 | 5000 0000 | 4881 bf98 | 0700 0000 | 0000 0075 | 1748 8997 | 9807 0000 | 48c7 87a0 
  0x0000023ac3df845c: 0700 0001 | 0000 00e9 | 2c00 0000 | 4881 bfa8 | 0700 0000 | 0000 0075 | 1748 8997 | a807 0000 
  0x0000023ac3df847c: 48c7 87b0 | 0700 0001 | 0000 00e9 | 0800 0000 | 4883 8788 | 0700 0001 | 488b d066 | 0f1f 4400 
  0x0000023ac3df849c: 0048 b8e0 | ef19 d73a 

  0x0000023ac3df84a4: ;   {virtual_call}
  0x0000023ac3df84a4: 0200 00e8 

  0x0000023ac3df84a8: ; ImmutableOopMap {[224]=Oop [344]=Oop [352]=Oop [336]=Oop }
                      ;*invokeinterface hasNext {reexecute=0 rethrow=0 return_oop=0}
                      ; - org.jetbrains.kotlin.incremental.classpathDiff.ClasspathEntrySnapshotter::snapshot@354 (line 305)
  0x0000023ac3df84a8: d422 d103 

  0x0000023ac3df84ac: ;   {metadata(method data for {method} {0x0000023a8a2b7f90} 'snapshot' '(Ljava/io/File;Lorg/jetbrains/kotlin/buildtools/api/jvm/ClassSnapshotGranularity;Lorg/jetbrains/kotlin/build/report/metrics/BuildMetricsReporter;)Lorg/jetbrains/kotlin/incremental/classpathDiff/ClasspathEntrySnapshot;' in 'org/jetbrains/kotlin/incremental/classpathDiff/ClasspathEntrySnapshotter')}
  0x0000023ac3df84ac: 83f8 0048 | ba00 8077 | 8a3a 0200 | 0048 bec0 | 0700 0000 | 0000 000f | 840a 0000 | 0048 bed0 
  0x0000023ac3df84cc: 0700 0000 | 0000 0048 | 8b3c 3248 | 8d7f 0148 | 893c 320f | 8479 0500 | 0048 8b94 | 2460 0100 
  0x0000023ac3df84ec: ;   {metadata(method data for {method} {0x0000023a8a2b7f90} 'snapshot' '(Ljava/io/File;Lorg/jetbrains/kotlin/buildtools/api/jvm/ClassSnapshotGranularity;Lorg/jetbrains/kotlin/build/report/metrics/BuildMetricsReporter;)Lorg/jetbrains/kotlin/incremental/classpathDiff/ClasspathEntrySnapshot;' in 'org/jetbrains/kotlin/incremental/classpathDiff/ClasspathEntrySnapshotter')}
  0x0000023ac3df84ec: 0048 be00 | 8077 8a3a | 0200 008b | 5208 49ba | 0000 00d7 | 3a02 0000 | 4903 d248 | 3b96 f007 
  0x0000023ac3df850c: 0000 750d | 4883 86f8 | 0700 0001 | e966 0000 | 0048 3b96 | 0008 0000 | 750d 4883 | 8608 0800 
  0x0000023ac3df852c: 0001 e950 | 0000 0048 | 81be f007 | 0000 0000 | 0000 7517 | 4889 96f0 | 0700 0048 | c786 f807 
  0x0000023ac3df854c: 0000 0100 | 0000 e92c | 0000 0048 | 81be 0008 | 0000 0000 | 0000 7517 | 4889 9600 | 0800 0048 
  0x0000023ac3df856c: c786 0808 | 0000 0100 | 0000 e908 | 0000 0048 | 8386 e007 | 0000 0148 | 8b94 2460 | 0100 0066 
  0x0000023ac3df858c: 9048 b8e0 | ef19 d73a 

  0x0000023ac3df8594: ;   {virtual_call}
  0x0000023ac3df8594: 0200 00e8 

  0x0000023ac3df8598: ; ImmutableOopMap {[224]=Oop [344]=Oop [352]=Oop [336]=Oop }
                      ;*invokeinterface next {reexecute=0 rethrow=0 return_oop=0}
                      ; - org.jetbrains.kotlin.incremental.classpathDiff.ClasspathEntrySnapshotter::snapshot@364 (line 305)
  0x0000023ac3df8598: 8490 d203 | 4883 f800 

  0x0000023ac3df85a0: ;   {metadata(method data for {method} {0x0000023a8a2b7f90} 'snapshot' '(Ljava/io/File;Lorg/jetbrains/kotlin/buildtools/api/jvm/ClassSnapshotGranularity;Lorg/jetbrains/kotlin/build/report/metrics/BuildMetricsReporter;)Lorg/jetbrains/kotlin/incremental/classpathDiff/ClasspathEntrySnapshot;' in 'org/jetbrains/kotlin/incremental/classpathDiff/ClasspathEntrySnapshotter')}
  0x0000023ac3df85a0: 7516 48be | 0080 778a | 3a02 0000 | 808e 1108 | 0000 01e9 | d200 0000 

  0x0000023ac3df85b8: ;   {metadata('org/jetbrains/kotlin/incremental/classpathDiff/ClassFileWithContentsProvider')}
  0x0000023ac3df85b8: 48bf b87b | 55d9 3a02 | 0000 8b50 | 0849 ba00 | 0000 d73a | 0200 0049 | 03d2 483b | fa0f 8593 
  0x0000023ac3df85d8: ;   {metadata(method data for {method} {0x0000023a8a2b7f90} 'snapshot' '(Ljava/io/File;Lorg/jetbrains/kotlin/buildtools/api/jvm/ClassSnapshotGranularity;Lorg/jetbrains/kotlin/build/report/metrics/BuildMetricsReporter;)Lorg/jetbrains/kotlin/incremental/classpathDiff/ClasspathEntrySnapshot;' in 'org/jetbrains/kotlin/incremental/classpathDiff/ClasspathEntrySnapshotter')}
  0x0000023ac3df85d8: 0000 0048 | be00 8077 | 8a3a 0200 | 008b 7808 | 49ba 0000 | 00d7 3a02 | 0000 4903 | fa48 3bbe 
  0x0000023ac3df85f8: 2808 0000 | 750d 4883 | 8630 0800 | 0001 e97f | 0000 0048 | 3bbe 3808 | 0000 750d | 4883 8640 
  0x0000023ac3df8618: 0800 0001 | e969 0000 | 0048 81be | 2808 0000 | 0000 0000 | 7517 4889 | be28 0800 | 0048 c786 
  0x0000023ac3df8638: 3008 0000 | 0100 0000 | e945 0000 | 0048 81be | 3808 0000 | 0000 0000 | 7517 4889 | be38 0800 
  0x0000023ac3df8658: 0048 c786 | 4008 0000 | 0100 0000 | e921 0000 | 00e9 1c00 

  0x0000023ac3df866c: ;   {metadata(method data for {method} {0x0000023a8a2b7f90} 'snapshot' '(Ljava/io/File;Lorg/jetbrains/kotlin/buildtools/api/jvm/ClassSnapshotGranularity;Lorg/jetbrains/kotlin/build/report/metrics/BuildMetricsReporter;)Lorg/jetbrains/kotlin/incremental/classpathDiff/ClasspathEntrySnapshot;' in 'org/jetbrains/kotlin/incremental/classpathDiff/ClasspathEntrySnapshotter')}
  0x0000023ac3df866c: 0000 48be | 0080 778a | 3a02 0000 | 4883 ae18 | 0800 0001 | e9c9 2300 | 00e9 0000 | 0000 4c8b 
  0x0000023ac3df868c: c049 3b00 

  0x0000023ac3df8690: ;   {metadata(method data for {method} {0x0000023a8a2b7f90} 'snapshot' '(Ljava/io/File;Lorg/jetbrains/kotlin/buildtools/api/jvm/ClassSnapshotGranularity;Lorg/jetbrains/kotlin/build/report/metrics/BuildMetricsReporter;)Lorg/jetbrains/kotlin/incremental/classpathDiff/ClasspathEntrySnapshot;' in 'org/jetbrains/kotlin/incremental/classpathDiff/ClasspathEntrySnapshotter')}
  0x0000023ac3df8690: 498b d048 | be00 8077 | 8a3a 0200 | 0048 8386 | 5008 0000 | 0145 8b40 | 0c49 3b00 

  0x0000023ac3df86ac: ;   {metadata(method data for {method} {0x0000023a8a2b7f90} 'snapshot' '(Ljava/io/File;Lorg/jetbrains/kotlin/buildtools/api/jvm/ClassSnapshotGranularity;Lorg/jetbrains/kotlin/build/report/metrics/BuildMetricsReporter;)Lorg/jetbrains/kotlin/incremental/classpathDiff/ClasspathEntrySnapshot;' in 'org/jetbrains/kotlin/incremental/classpathDiff/ClasspathEntrySnapshotter')}
  0x0000023ac3df86ac: 498b d048 | be00 8077 | 8a3a 0200 | 0048 8386 | 8808 0000 | 0141 8b70 | 1048 8b84 | 2450 0100 
  0x0000023ac3df86cc: ;   {metadata(method data for {method} {0x0000023a8a2b7f90} 'snapshot' '(Ljava/io/File;Lorg/jetbrains/kotlin/buildtools/api/jvm/ClassSnapshotGranularity;Lorg/jetbrains/kotlin/build/report/metrics/BuildMetricsReporter;)Lorg/jetbrains/kotlin/incremental/classpathDiff/ClasspathEntrySnapshot;' in 'org/jetbrains/kotlin/incremental/classpathDiff/ClasspathEntrySnapshotter')}
  0x0000023ac3df86cc: 0049 b800 | 8077 8a3a | 0200 008b | 4008 49ba | 0000 00d7 | 3a02 0000 | 4903 c249 | 3b80 d008 
  0x0000023ac3df86ec: 0000 750d | 4983 80d8 | 0800 0001 | e966 0000 | 0049 3b80 | e008 0000 | 750d 4983 | 80e8 0800 
  0x0000023ac3df870c: 0001 e950 | 0000 0049 | 81b8 d008 | 0000 0000 | 0000 7517 | 4989 80d0 | 0800 0049 | c780 d808 
  0x0000023ac3df872c: 0000 0100 | 0000 e92c | 0000 0049 | 81b8 e008 | 0000 0000 | 0000 7517 | 4989 80e0 | 0800 0049 
  0x0000023ac3df874c: c780 e808 | 0000 0100 | 0000 e908 | 0000 0049 | 8380 c008 

  0x0000023ac3df8760: ;   {metadata(method data for {method} {0x0000023ad74367c8} 'add' '(Ljava/lang/Object;)Z' in 'java/util/ArrayList')}
  0x0000023ac3df8760: 0000 0149 | b838 b406 | f23a 0200 | 0041 8b90 | cc00 0000 | 83c2 0241 | 8990 cc00 | 0000 81e2 
  0x0000023ac3df8780: feff 1f00 | 83fa 000f | 84d4 2200 | 0048 8b84 | 2450 0100 | 0044 8b40 | 0c41 ffc0 | 4489 400c 
  0x0000023ac3df87a0: 448b 4014 | 8b78 1048 

  0x0000023ac3df87a8: ;   {metadata(method data for {method} {0x0000023ad74367c8} 'add' '(Ljava/lang/Object;)Z' in 'java/util/ArrayList')}
  0x0000023ac3df87a8: 8bd0 48bb | 38b4 06f2 | 3a02 0000 | 4883 8310 | 0100 0001 

  0x0000023ac3df87bc: ;   {metadata(method data for {method} {0x0000023ad7436ad8} 'add' '(Ljava/lang/Object;[Ljava/lang/Object;I)V' in 'java/util/ArrayList')}
  0x0000023ac3df87bc: 48ba c8b5 | 06f2 3a02 | 0000 8b9a | cc00 0000 | 83c3 0289 | 9acc 0000 | 0081 e3fe | ff1f 0083 
  0x0000023ac3df87dc: fb00 0f84 | 9e22 0000 

  0x0000023ac3df87e4: ; implicit exception: dispatches to 0x0000023ac3dfaaa3
  0x0000023ac3df87e4: 418b 500c 

  0x0000023ac3df87e8: ;   {metadata(method data for {method} {0x0000023ad7436ad8} 'add' '(Ljava/lang/Object;[Ljava/lang/Object;I)V' in 'java/util/ArrayList')}
  0x0000023ac3df87e8: 3bfa 48ba | c8b5 06f2 | 3a02 0000 | 48bb 1001 | 0000 0000 | 0000 0f85 | 0a00 0000 | 48bb 2001 
  0x0000023ac3df8808: 0000 0000 | 0000 488b | 0c1a 488d | 4901 4889 | 0c1a 0f85 | 8e00 0000 | 4889 b424 | 7001 0000 
  0x0000023ac3df8828: ;   {metadata(method data for {method} {0x0000023ad7436ad8} 'add' '(Ljava/lang/Object;[Ljava/lang/Object;I)V' in 'java/util/ArrayList')}
  0x0000023ac3df8828: 4c8b c048 | bac8 b506 | f23a 0200 | 0048 8382 | 3001 0000 

  0x0000023ac3df883c: ;   {metadata(method data for {method} {0x0000023ad7436e48} 'grow' '()[Ljava/lang/Object;' in 'java/util/ArrayList')}
  0x0000023ac3df883c: 0149 b8c0 | b706 f23a | 0200 0041 | 8b90 cc00 | 0000 83c2 | 0241 8990 | cc00 0000 | 81e2 feff 
  0x0000023ac3df885c: 1f00 83fa | 000f 8441 | 2200 004c 

  0x0000023ac3df8868: ;   {metadata(method data for {method} {0x0000023ad7436e48} 'grow' '()[Ljava/lang/Object;' in 'java/util/ArrayList')}
  0x0000023ac3df8868: 8bc0 48ba | c0b7 06f2 | 3a02 0000 | 4883 8210 | 0100 0001 | 4c8b c741 | ffc0 488b | d089 bc24 
  0x0000023ac3df8888: 6801 0000 

  0x0000023ac3df888c: ;   {optimized virtual_call}
  0x0000023ac3df888c: 6666 90e8 

  0x0000023ac3df8890: ; ImmutableOopMap {[224]=Oop [344]=Oop [352]=Oop [368]=Oop [336]=Oop }
                      ;*invokevirtual grow {reexecute=0 rethrow=0 return_oop=0}
                      ; - java.util.ArrayList::grow@7 (line 244)
                      ; - java.util.ArrayList::add@7 (line 454)
                      ; - java.util.ArrayList::add@20 (line 467)
                      ; - org.jetbrains.kotlin.incremental.classpathDiff.ClasspathEntrySnapshotter::snapshot@396 (line 306)
  0x0000023ac3df8890: ec44 7103 | 4c8b c08b | bc24 6801 | 0000 488b | b424 7001 | 0000 488b | 8424 5001 | 0000 413b 
  0x0000023ac3df88b0: 780c 0f83 | 1b22 0000 | 4883 fe00 

  0x0000023ac3df88bc: ;   {metadata(method data for {method} {0x0000023ad7436ad8} 'add' '(Ljava/lang/Object;[Ljava/lang/Object;I)V' in 'java/util/ArrayList')}
  0x0000023ac3df88bc: 7516 48bb | c8b5 06f2 | 3a02 0000 | 808b 6101 | 0000 01e9 | 0001 0000 

  0x0000023ac3df88d4: ; implicit exception: dispatches to 0x0000023ac3dfaae1
  0x0000023ac3df88d4: 418b 5008 | 49ba 0000 | 00d7 3a02 | 0000 4903 | d28b 5e08 | 49ba 0000 | 00d7 3a02 | 0000 4903 
  0x0000023ac3df88f4: da48 8b92 | e000 0000 | 483b da0f | 8428 0000 | 008b 4a14 | 483b 140b | 0f84 1b00 | 0000 83f9 
  0x0000023ac3df8914: 200f 85a2 | 0000 0053 

  0x0000023ac3df891c: ;   {runtime_call slow_subtype_check Runtime1 stub}
  0x0000023ac3df891c: 52e8 5eec | 7b03 5b5a | 83fa 000f | 8490 0000 

  0x0000023ac3df892c: ;   {metadata(method data for {method} {0x0000023ad7436ad8} 'add' '(Ljava/lang/Object;[Ljava/lang/Object;I)V' in 'java/util/ArrayList')}
  0x0000023ac3df892c: 0048 bbc8 | b506 f23a | 0200 008b | 5608 49ba | 0000 00d7 | 3a02 0000 | 4903 d248 | 3b93 7801 
  0x0000023ac3df894c: 0000 750d | 4883 8380 | 0100 0001 | e977 0000 | 0048 3b93 | 8801 0000 | 750d 4883 | 8390 0100 
  0x0000023ac3df896c: 0001 e961 | 0000 0048 | 81bb 7801 | 0000 0000 | 0000 7517 | 4889 9378 | 0100 0048 | c783 8001 
  0x0000023ac3df898c: 0000 0100 | 0000 e93d | 0000 0048 | 81bb 8801 | 0000 0000 | 0000 7517 | 4889 9388 | 0100 0048 
  0x0000023ac3df89ac: c783 9001 | 0000 0100 | 0000 e919 | 0000 00eb 

  0x0000023ac3df89bc: ;   {metadata(method data for {method} {0x0000023ad7436ad8} 'add' '(Ljava/lang/Object;[Ljava/lang/Object;I)V' in 'java/util/ArrayList')}
  0x0000023ac3df89bc: 1748 bbc8 | b506 f23a | 0200 0048 | 83ab 6801 | 0000 01e9 | 1221 0000 | 4863 d749 | 8d54 9010 
  0x0000023ac3df89dc: 450f be47 | 3841 83f8 | 000f 8504 | 2100 004c | 8bd6 4489 | 124c 8bc2 | 4c33 c649 | c1e8 1449 
  0x0000023ac3df89fc: 83f8 000f | 8505 2100 | 00ff c789 

  0x0000023ac3df8a08: ;   {metadata(method data for {method} {0x0000023a8a2b7f90} 'snapshot' '(Ljava/io/File;Lorg/jetbrains/kotlin/buildtools/api/jvm/ClassSnapshotGranularity;Lorg/jetbrains/kotlin/build/report/metrics/BuildMetricsReporter;)Lorg/jetbrains/kotlin/incremental/classpathDiff/ClasspathEntrySnapshot;' in 'org/jetbrains/kotlin/incremental/classpathDiff/ClasspathEntrySnapshotter')}
  0x0000023ac3df8a08: 7810 48ba | 0080 778a | 3a02 0000 | 448b 82d0 | 0000 0041 | 83c0 0244 | 8982 d000 | 0000 4181 
  0x0000023ac3df8a28: e0fe 3f00 | 0041 83f8 | 000f 84eb | 2000 004d | 8b97 5003 

  0x0000023ac3df8a3c: ; ImmutableOopMap {[224]=Oop [344]=Oop [352]=Oop rax=Oop [336]=Oop }
                      ;*goto {reexecute=1 rethrow=0 return_oop=0}
                      ; - (reexecute) org.jetbrains.kotlin.incremental.classpathDiff.ClasspathEntrySnapshotter::snapshot@402 (line 306)
                      ;   {poll}
  0x0000023ac3df8a3c: 0000 4185 

  0x0000023ac3df8a40: ;   {metadata(method data for {method} {0x0000023a8a2b7f90} 'snapshot' '(Ljava/io/File;Lorg/jetbrains/kotlin/buildtools/api/jvm/ClassSnapshotGranularity;Lorg/jetbrains/kotlin/build/report/metrics/BuildMetricsReporter;)Lorg/jetbrains/kotlin/incremental/classpathDiff/ClasspathEntrySnapshot;' in 'org/jetbrains/kotlin/incremental/classpathDiff/ClasspathEntrySnapshotter')}
  0x0000023ac3df8a40: 0248 ba00 | 8077 8a3a | 0200 00ff | 82f8 0800 | 0048 8b84 | 2460 0100 | 00e9 9af9 | ffff 488b 
  0x0000023ac3df8a60: 8424 5001 | 0000 488b | bc24 5801 | 0000 4883 | ff00 7516 

  0x0000023ac3df8a74: ;   {metadata(method data for {method} {0x0000023a8a2b7f90} 'snapshot' '(Ljava/io/File;Lorg/jetbrains/kotlin/buildtools/api/jvm/ClassSnapshotGranularity;Lorg/jetbrains/kotlin/build/report/metrics/BuildMetricsReporter;)Lorg/jetbrains/kotlin/incremental/classpathDiff/ClasspathEntrySnapshot;' in 'org/jetbrains/kotlin/incremental/classpathDiff/ClasspathEntrySnapshotter')}
  0x0000023ac3df8a74: 48be 0080 | 778a 3a02 | 0000 808e | 7909 0000 | 01e9 f000 

  0x0000023ac3df8a88: ;   {metadata('java/lang/Iterable')}
  0x0000023ac3df8a88: 0000 49b8 | 48dc 07d7 | 3a02 0000 | 8b77 0849 | ba00 0000 | d73a 0200 | 0049 03f2 | 4c3b 4620 
  0x0000023ac3df8aa8: 0f84 1c00 | 0000 493b | f00f 8413 | 0000 0056 

  0x0000023ac3df8ab8: ;   {runtime_call slow_subtype_check Runtime1 stub}
  0x0000023ac3df8ab8: 4150 e8c1 | ea7b 035e | 5e83 fe00 | 0f84 9400 

  0x0000023ac3df8ac8: ;   {metadata(method data for {method} {0x0000023a8a2b7f90} 'snapshot' '(Ljava/io/File;Lorg/jetbrains/kotlin/buildtools/api/jvm/ClassSnapshotGranularity;Lorg/jetbrains/kotlin/build/report/metrics/BuildMetricsReporter;)Lorg/jetbrains/kotlin/incremental/classpathDiff/ClasspathEntrySnapshot;' in 'org/jetbrains/kotlin/incremental/classpathDiff/ClasspathEntrySnapshotter')}
  0x0000023ac3df8ac8: 0000 48be | 0080 778a | 3a02 0000 | 448b 4708 | 49ba 0000 | 00d7 3a02 | 0000 4d03 | c24c 3b86 
  0x0000023ac3df8ae8: 9009 0000 | 750d 4883 | 8698 0900 | 0001 e97f | 0000 004c | 3b86 a009 | 0000 750d | 4883 86a8 
  0x0000023ac3df8b08: 0900 0001 | e969 0000 | 0048 81be | 9009 0000 | 0000 0000 | 7517 4c89 | 8690 0900 | 0048 c786 
  0x0000023ac3df8b28: 9809 0000 | 0100 0000 | e945 0000 | 0048 81be | a009 0000 | 0000 0000 | 7517 4c89 | 86a0 0900 
  0x0000023ac3df8b48: 0048 c786 | a809 0000 | 0100 0000 | e921 0000 | 00e9 1c00 

  0x0000023ac3df8b5c: ;   {metadata(method data for {method} {0x0000023a8a2b7f90} 'snapshot' '(Ljava/io/File;Lorg/jetbrains/kotlin/buildtools/api/jvm/ClassSnapshotGranularity;Lorg/jetbrains/kotlin/build/report/metrics/BuildMetricsReporter;)Lorg/jetbrains/kotlin/incremental/classpathDiff/ClasspathEntrySnapshot;' in 'org/jetbrains/kotlin/incremental/classpathDiff/ClasspathEntrySnapshotter')}
  0x0000023ac3df8b5c: 0000 48be | 0080 778a | 3a02 0000 | 4883 ae80 | 0900 0001 | e9ce 1f00 | 00e9 0000 | 0000 4c8b 
  0x0000023ac3df8b7c: ;   {metadata(method data for {method} {0x0000023a8a2b7f90} 'snapshot' '(Ljava/io/File;Lorg/jetbrains/kotlin/buildtools/api/jvm/ClassSnapshotGranularity;Lorg/jetbrains/kotlin/build/report/metrics/BuildMetricsReporter;)Lorg/jetbrains/kotlin/incremental/classpathDiff/ClasspathEntrySnapshot;' in 'org/jetbrains/kotlin/incremental/classpathDiff/ClasspathEntrySnapshotter')}
  0x0000023ac3df8b7c: c748 ba00 | 8077 8a3a | 0200 0048 | 8382 b809 | 0000 0148 | 8bd0 0f1f 

  0x0000023ac3df8b94: ;   {static_call}
  0x0000023ac3df8b94: 4400 00e8 

  0x0000023ac3df8b98: ; ImmutableOopMap {[224]=Oop }
                      ;*invokestatic zip {reexecute=0 rethrow=0 return_oop=0}
                      ; - org.jetbrains.kotlin.incremental.classpathDiff.ClasspathEntrySnapshotter::snapshot@419 (line 60)
  0x0000023ac3df8b98: 444a 3805 | 4883 f800 

  0x0000023ac3df8ba0: ;   {metadata(method data for {method} {0x0000023a8a2b7f90} 'snapshot' '(Ljava/io/File;Lorg/jetbrains/kotlin/buildtools/api/jvm/ClassSnapshotGranularity;Lorg/jetbrains/kotlin/build/report/metrics/BuildMetricsReporter;)Lorg/jetbrains/kotlin/incremental/classpathDiff/ClasspathEntrySnapshot;' in 'org/jetbrains/kotlin/incremental/classpathDiff/ClasspathEntrySnapshotter')}
  0x0000023ac3df8ba0: 7516 48be | 0080 778a | 3a02 0000 | 808e c109 | 0000 01e9 | ee00 0000 

  0x0000023ac3df8bb8: ;   {metadata('java/lang/Iterable')}
  0x0000023ac3df8bb8: 48bf 48dc | 07d7 3a02 | 0000 8b70 | 0849 ba00 | 0000 d73a | 0200 0049 | 03f2 483b | 7e20 0f84 
  0x0000023ac3df8bd8: 1b00 0000 | 483b f70f | 8412 0000 

  0x0000023ac3df8be4: ;   {runtime_call slow_subtype_check Runtime1 stub}
  0x0000023ac3df8be4: 0056 57e8 | 94e9 7b03 | 5e5e 83fe | 000f 8493 

  0x0000023ac3df8bf4: ;   {metadata(method data for {method} {0x0000023a8a2b7f90} 'snapshot' '(Ljava/io/File;Lorg/jetbrains/kotlin/buildtools/api/jvm/ClassSnapshotGranularity;Lorg/jetbrains/kotlin/build/report/metrics/BuildMetricsReporter;)Lorg/jetbrains/kotlin/incremental/classpathDiff/ClasspathEntrySnapshot;' in 'org/jetbrains/kotlin/incremental/classpathDiff/ClasspathEntrySnapshotter')}
  0x0000023ac3df8bf4: 0000 0048 | be00 8077 | 8a3a 0200 | 008b 7808 | 49ba 0000 | 00d7 3a02 | 0000 4903 | fa48 3bbe 
  0x0000023ac3df8c14: d809 0000 | 750d 4883 | 86e0 0900 | 0001 e97f | 0000 0048 | 3bbe e809 | 0000 750d | 4883 86f0 
  0x0000023ac3df8c34: 0900 0001 | e969 0000 | 0048 81be | d809 0000 | 0000 0000 | 7517 4889 | bed8 0900 | 0048 c786 
  0x0000023ac3df8c54: e009 0000 | 0100 0000 | e945 0000 | 0048 81be | e809 0000 | 0000 0000 | 7517 4889 | bee8 0900 
  0x0000023ac3df8c74: 0048 c786 | f009 0000 | 0100 0000 | e921 0000 | 00e9 1c00 

  0x0000023ac3df8c88: ;   {metadata(method data for {method} {0x0000023a8a2b7f90} 'snapshot' '(Ljava/io/File;Lorg/jetbrains/kotlin/buildtools/api/jvm/ClassSnapshotGranularity;Lorg/jetbrains/kotlin/build/report/metrics/BuildMetricsReporter;)Lorg/jetbrains/kotlin/incremental/classpathDiff/ClasspathEntrySnapshot;' in 'org/jetbrains/kotlin/incremental/classpathDiff/ClasspathEntrySnapshotter')}
  0x0000023ac3df8c88: 0000 48be | 0080 778a | 3a02 0000 | 4883 aec8 | 0900 0001 | e9ab 1e00 | 00e9 0000 | 0000 4c8b 
  0x0000023ac3df8ca8: ;   {metadata('java/util/LinkedHashMap')}
  0x0000023ac3df8ca8: c048 ba08 | 810b d73a | 0200 0049 | 8b87 0801 | 0000 488d | 7838 493b | bf18 0100 | 000f 878a 
  0x0000023ac3df8cc8: 1e00 0049 | 89bf 0801 | 0000 48c7 | 0001 0000 | 0048 8bca | 49ba 0000 | 00d7 3a02 | 0000 492b 
  0x0000023ac3df8ce8: ca89 4808 | 4833 c989 | 480c 4833 | c948 bf05 | 0000 0000 | 0000 0048 | 894c f808 | 48ff cf75 
  0x0000023ac3df8d08: f648 8bd0 

  0x0000023ac3df8d0c: ;   {metadata(method data for {method} {0x0000023a8a2b7f90} 'snapshot' '(Ljava/io/File;Lorg/jetbrains/kotlin/buildtools/api/jvm/ClassSnapshotGranularity;Lorg/jetbrains/kotlin/build/report/metrics/BuildMetricsReporter;)Lorg/jetbrains/kotlin/incremental/classpathDiff/ClasspathEntrySnapshot;' in 'org/jetbrains/kotlin/incremental/classpathDiff/ClasspathEntrySnapshotter')}
  0x0000023ac3df8d0c: 48be 0080 | 778a 3a02 | 0000 4883 | 8600 0a00 

  0x0000023ac3df8d1c: ;   {metadata(method data for {method} {0x0000023ad73a3190} '<init>' '()V' in 'java/util/LinkedHashMap')}
  0x0000023ac3df8d1c: 0001 48ba | 306b 24f2 | 3a02 0000 | 8bb2 cc00 | 0000 83c6 | 0289 b2cc | 0000 0081 | e6fe ff1f 
  0x0000023ac3df8d3c: 0083 fe00 | 0f84 1c1e | 0000 488b 

  0x0000023ac3df8d48: ;   {metadata(method data for {method} {0x0000023ad73a3190} '<init>' '()V' in 'java/util/LinkedHashMap')}
  0x0000023ac3df8d48: d048 be30 | 6b24 f23a | 0200 0048 | 8386 1001 

  0x0000023ac3df8d58: ;   {metadata(method data for {method} {0x0000023ad73a1618} '<init>' '()V' in 'java/util/HashMap')}
  0x0000023ac3df8d58: 0000 0148 | baf0 0703 | f23a 0200 | 008b b2cc | 0000 0083 | c602 89b2 | cc00 0000 | 81e6 feff 
  0x0000023ac3df8d78: 1f00 83fe | 000f 8400 | 1e00 0048 

  0x0000023ac3df8d84: ;   {metadata(method data for {method} {0x0000023ad73a1618} '<init>' '()V' in 'java/util/HashMap')}
  0x0000023ac3df8d84: 8bd0 48be | f007 03f2 | 3a02 0000 | 4883 8610 | 0100 0001 

  0x0000023ac3df8d98: ;   {metadata(method data for {method} {0x0000023ad73c0b90} '<init>' '()V' in 'java/util/AbstractMap')}
  0x0000023ac3df8d98: 48ba 5802 | 03f2 3a02 | 0000 8bb2 | cc00 0000 | 83c6 0289 | b2cc 0000 | 0081 e6fe | ff1f 0083 
  0x0000023ac3df8db8: fe00 0f84 | e41d 0000 

  0x0000023ac3df8dc0: ;   {metadata(method data for {method} {0x0000023ad73c0b90} '<init>' '()V' in 'java/util/AbstractMap')}
  0x0000023ac3df8dc0: 488b d048 | be58 0203 | f23a 0200 | 0048 8386 | 1001 0000 

  0x0000023ac3df8dd4: ;   {metadata(method data for {method} {0x0000023ad7448c28} '<init>' '()V' in 'java/lang/Object')}
  0x0000023ac3df8dd4: 0148 ba10 | 7500 f23a | 0200 008b | b2cc 0000 | 0083 c602 | 89b2 cc00 | 0000 81e6 | feff 1f00 
  0x0000023ac3df8df4: 83fe 000f | 84c8 1d00 | 00c7 4020 | 0000 403f 

  0x0000023ac3df8e04: ;   {metadata(method data for {method} {0x0000023a8a2b7f90} 'snapshot' '(Ljava/io/File;Lorg/jetbrains/kotlin/buildtools/api/jvm/ClassSnapshotGranularity;Lorg/jetbrains/kotlin/build/report/metrics/BuildMetricsReporter;)Lorg/jetbrains/kotlin/incremental/classpathDiff/ClasspathEntrySnapshot;' in 'org/jetbrains/kotlin/incremental/classpathDiff/ClasspathEntrySnapshotter')}
  0x0000023ac3df8e04: 48ba 0080 | 778a 3a02 | 0000 4883 | 8248 0a00 | 0001 498b | d04c 8bc0 

  0x0000023ac3df8e1c: ;   {static_call}
  0x0000023ac3df8e1c: 6666 90e8 

  0x0000023ac3df8e20: ; ImmutableOopMap {[224]=Oop }
                      ;*invokestatic toMap {reexecute=0 rethrow=0 return_oop=0}
                      ; - org.jetbrains.kotlin.incremental.classpathDiff.ClasspathEntrySnapshotter::snapshot@435 (line 60)
  0x0000023ac3df8e20: 2125 0000 | 4883 f800 

  0x0000023ac3df8e28: ;   {metadata(method data for {method} {0x0000023a8a2b7f90} 'snapshot' '(Ljava/io/File;Lorg/jetbrains/kotlin/buildtools/api/jvm/ClassSnapshotGranularity;Lorg/jetbrains/kotlin/build/report/metrics/BuildMetricsReporter;)Lorg/jetbrains/kotlin/incremental/classpathDiff/ClasspathEntrySnapshot;' in 'org/jetbrains/kotlin/incremental/classpathDiff/ClasspathEntrySnapshotter')}
  0x0000023ac3df8e28: 7516 48be | 0080 778a | 3a02 0000 | 808e 510a | 0000 01e9 | d300 0000 

  0x0000023ac3df8e40: ;   {metadata('java/util/LinkedHashMap')}
  0x0000023ac3df8e40: 48bf 0881 | 0bd7 3a02 | 0000 8b70 | 0849 ba00 | 0000 d73a | 0200 0049 | 03f2 483b | 7e48 0f85 
  0x0000023ac3df8e60: 9300 0000 

  0x0000023ac3df8e64: ;   {metadata(method data for {method} {0x0000023a8a2b7f90} 'snapshot' '(Ljava/io/File;Lorg/jetbrains/kotlin/buildtools/api/jvm/ClassSnapshotGranularity;Lorg/jetbrains/kotlin/build/report/metrics/BuildMetricsReporter;)Lorg/jetbrains/kotlin/incremental/classpathDiff/ClasspathEntrySnapshot;' in 'org/jetbrains/kotlin/incremental/classpathDiff/ClasspathEntrySnapshotter')}
  0x0000023ac3df8e64: 48be 0080 | 778a 3a02 | 0000 8b78 | 0849 ba00 | 0000 d73a | 0200 0049 | 03fa 483b | be68 0a00 
  0x0000023ac3df8e84: 0075 0d48 | 8386 700a | 0000 01e9 | 7f00 0000 | 483b be78 | 0a00 0075 | 0d48 8386 | 800a 0000 
  0x0000023ac3df8ea4: 01e9 6900 | 0000 4881 | be68 0a00 | 0000 0000 | 0075 1748 | 89be 680a | 0000 48c7 | 8670 0a00 
  0x0000023ac3df8ec4: 0001 0000 | 00e9 4500 | 0000 4881 | be78 0a00 | 0000 0000 | 0075 1748 | 89be 780a | 0000 48c7 
  0x0000023ac3df8ee4: 8680 0a00 | 0001 0000 | 00e9 2100 | 0000 e91c 

  0x0000023ac3df8ef4: ;   {metadata(method data for {method} {0x0000023a8a2b7f90} 'snapshot' '(Ljava/io/File;Lorg/jetbrains/kotlin/buildtools/api/jvm/ClassSnapshotGranularity;Lorg/jetbrains/kotlin/build/report/metrics/BuildMetricsReporter;)Lorg/jetbrains/kotlin/incremental/classpathDiff/ClasspathEntrySnapshot;' in 'org/jetbrains/kotlin/incremental/classpathDiff/ClasspathEntrySnapshotter')}
  0x0000023ac3df8ef4: 0000 0048 | be00 8077 | 8a3a 0200 | 0048 83ae | 580a 0000 | 01e9 d81c | 0000 e900 | 0000 0048 
  0x0000023ac3df8f14: 8bd8 4889 | 9c24 8801 

  0x0000023ac3df8f1c: ;   {metadata('org/jetbrains/kotlin/incremental/classpathDiff/ClasspathEntrySnapshot')}
  0x0000023ac3df8f1c: 0000 48ba | 10b0 57d9 | 3a02 0000 | 498b 8708 | 0100 0048 | 8d78 1049 | 3bbf 1801 | 0000 0f87 
  0x0000023ac3df8f3c: af1c 0000 | 4989 bf08 | 0100 0048 | c700 0100 | 0000 488b | ca49 ba00 | 0000 d73a | 0200 0049 
  0x0000023ac3df8f5c: 2bca 8948 | 0848 33c9 | 8948 0c48 | 33c9 4889 | 8424 8001 | 0000 488b 

  0x0000023ac3df8f74: ;   {metadata(method data for {method} {0x0000023a8a2b7f90} 'snapshot' '(Ljava/io/File;Lorg/jetbrains/kotlin/buildtools/api/jvm/ClassSnapshotGranularity;Lorg/jetbrains/kotlin/build/report/metrics/BuildMetricsReporter;)Lorg/jetbrains/kotlin/incremental/classpathDiff/ClasspathEntrySnapshot;' in 'org/jetbrains/kotlin/incremental/classpathDiff/ClasspathEntrySnapshotter')}
  0x0000023ac3df8f74: d048 be00 | 8077 8a3a | 0200 0048 | 8386 900a 

  0x0000023ac3df8f84: ;   {metadata(method data for {method} {0x0000023a8a54d630} '<init>' '(Ljava/util/LinkedHashMap;)V' in 'org/jetbrains/kotlin/incremental/classpathDiff/ClasspathEntrySnapshot')}
  0x0000023ac3df8f84: 0000 0148 | ba88 9477 | 8a3a 0200 | 008b b2cc | 0000 0083 | c602 89b2 | cc00 0000 | 81e6 feff 
  0x0000023ac3df8fa4: 1f00 83fe | 000f 844d 

  0x0000023ac3df8fac: ;   {metadata(method data for {method} {0x0000023a8a54d630} '<init>' '(Ljava/util/LinkedHashMap;)V' in 'org/jetbrains/kotlin/incremental/classpathDiff/ClasspathEntrySnapshot')}
  0x0000023ac3df8fac: 1c00 0048 | ba88 9477 | 8a3a 0200 | 0048 8382 | 1001 0000 

  0x0000023ac3df8fc0: ;   {metadata(method data for {method} {0x0000023a8a2b4178} 'checkNotNullParameter' '(Ljava/lang/Object;Ljava/lang/String;)V' in 'kotlin/jvm/internal/Intrinsics')}
  0x0000023ac3df8fc0: 0148 ba00 | 003f 8a3a | 0200 008b | b2cc 0000 | 0083 c602 | 89b2 cc00 | 0000 81e6 | feff 1f00 
  0x0000023ac3df8fe0: 83fe 000f | 8434 1c00 | 0048 83fb 

  0x0000023ac3df8fec: ;   {metadata(method data for {method} {0x0000023a8a2b4178} 'checkNotNullParameter' '(Ljava/lang/Object;Ljava/lang/String;)V' in 'kotlin/jvm/internal/Intrinsics')}
  0x0000023ac3df8fec: 0048 ba00 | 003f 8a3a | 0200 0048 | be10 0100 | 0000 0000 | 000f 850a | 0000 0048 | be20 0100 
  0x0000023ac3df900c: 0000 0000 | 0048 8b3c | 3248 8d7f | 0148 893c | 320f 8509 

  0x0000023ac3df9020: ;   {metadata(method data for {method} {0x0000023a8a2b4178} 'checkNotNullParameter' '(Ljava/lang/Object;Ljava/lang/String;)V' in 'kotlin/jvm/internal/Intrinsics')}
  0x0000023ac3df9020: 0200 0048 | ba00 003f | 8a3a 0200 | 0048 8382 | 3001 0000 

  0x0000023ac3df9034: ;   {metadata(method data for {method} {0x0000023a8a2b42d8} 'throwParameterIsNullNPE' '(Ljava/lang/String;)V' in 'kotlin/jvm/internal/Intrinsics')}
  0x0000023ac3df9034: 0148 ba88 | 013f 8a3a | 0200 008b | b2cc 0000 | 0083 c602 | 89b2 cc00 | 0000 81e6 | feff 1f00 
  0x0000023ac3df9054: 83fe 000f | 84e1 1b00 | 0066 6690 

  0x0000023ac3df9060: ;   {no_reloc}
  0x0000023ac3df9060: e909 1c00 | 0000 0000 | 0000 498b | 8708 0100 | 0048 8d78 | 3049 3bbf | 1801 0000 | 0f87 f61b 
  0x0000023ac3df9080: 0000 4989 | bf08 0100 | 0048 c700 | 0100 0000 | 488b ca49 | ba00 0000 | d73a 0200 | 0049 2bca 
  0x0000023ac3df90a0: 8948 0848 | 33c9 8948 | 0c48 33c9 | 4889 4810 | 4889 4818 | 4889 4820 | 4889 4828 

  0x0000023ac3df90bc: ;   {metadata(method data for {method} {0x0000023a8a2b42d8} 'throwParameterIsNullNPE' '(Ljava/lang/String;)V' in 'kotlin/jvm/internal/Intrinsics')}
  0x0000023ac3df90bc: 48ba 8801 | 3f8a 3a02 | 0000 4883 | 8210 0100 

  0x0000023ac3df90cc: ;   {oop("classSnapshots"{0x00000000871d49b8})}
  0x0000023ac3df90cc: 0001 48ba | b849 1d87 | 0000 0000 | 4889 8424 | 7801 0000 | 0f1f 8000 

  0x0000023ac3df90e4: ;   {static_call}
  0x0000023ac3df90e4: 0000 00e8 

  0x0000023ac3df90e8: ; ImmutableOopMap {[224]=Oop [384]=Oop [392]=Oop [376]=Oop }
                      ;*invokestatic createParameterIsNullExceptionMessage {reexecute=0 rethrow=0 return_oop=0}
                      ; - kotlin.jvm.internal.Intrinsics::throwParameterIsNullNPE@5 (line 140)
                      ; - kotlin.jvm.internal.Intrinsics::checkNotNullParameter@5 (line 131)
                      ; - org.jetbrains.kotlin.incremental.classpathDiff.ClasspathEntrySnapshot::<init>@3
                      ; - org.jetbrains.kotlin.incremental.classpathDiff.ClasspathEntrySnapshotter::snapshot@449 (line 59)
  0x0000023ac3df90e8: 9442 7103 | 4c8b 8424 | 7801 0000 

  0x0000023ac3df90f4: ;   {metadata(method data for {method} {0x0000023a8a2b42d8} 'throwParameterIsNullNPE' '(Ljava/lang/String;)V' in 'kotlin/jvm/internal/Intrinsics')}
  0x0000023ac3df90f4: 48ba 8801 | 3f8a 3a02 | 0000 4883 | 8220 0100 | 0001 4c8b | c048 8b94 | 2478 0100 | 0066 0f1f 
  0x0000023ac3df9114: ;   {optimized virtual_call}
  0x0000023ac3df9114: 4400 00e8 

  0x0000023ac3df9118: ; ImmutableOopMap {[224]=Oop [384]=Oop [392]=Oop [376]=Oop }
                      ;*invokespecial <init> {reexecute=0 rethrow=0 return_oop=0}
                      ; - kotlin.jvm.internal.Intrinsics::throwParameterIsNullNPE@8 (line 140)
                      ; - kotlin.jvm.internal.Intrinsics::checkNotNullParameter@5 (line 131)
                      ; - org.jetbrains.kotlin.incremental.classpathDiff.ClasspathEntrySnapshot::<init>@3
                      ; - org.jetbrains.kotlin.incremental.classpathDiff.ClasspathEntrySnapshotter::snapshot@449 (line 59)
  0x0000023ac3df9118: 643c 7103 

  0x0000023ac3df911c: ;   {metadata(method data for {method} {0x0000023a8a2b42d8} 'throwParameterIsNullNPE' '(Ljava/lang/String;)V' in 'kotlin/jvm/internal/Intrinsics')}
  0x0000023ac3df911c: 48ba 8801 | 3f8a 3a02 | 0000 4883 | 8230 0100 

  0x0000023ac3df912c: ;   {metadata(method data for {method} {0x0000023a8a2b52a0} 'sanitizeStackTrace' '(Ljava/lang/Throwable;)Ljava/lang/Throwable;' in 'kotlin/jvm/internal/Intrinsics')}
  0x0000023ac3df912c: 0001 48ba | 6808 3f8a | 3a02 0000 | 8bb2 cc00 | 0000 83c6 | 0289 b2cc | 0000 0081 | e6fe ff1f 
  0x0000023ac3df914c: 0083 fe00 | 0f84 2f1b 

  0x0000023ac3df9154: ;   {oop(a 'java/lang/Class'{0x000000008b24b988} = 'kotlin/jvm/internal/Intrinsics')}
  0x0000023ac3df9154: 0000 48ba | 88b9 248b | 0000 0000 

  0x0000023ac3df9160: ;   {metadata(method data for {method} {0x0000023a8a2b52a0} 'sanitizeStackTrace' '(Ljava/lang/Throwable;)Ljava/lang/Throwable;' in 'kotlin/jvm/internal/Intrinsics')}
  0x0000023ac3df9160: 488b f248 | bf68 083f | 8a3a 0200 | 0048 8387 | 1001 0000 

  0x0000023ac3df9174: ;   {metadata(method data for {method} {0x0000023ad7445570} 'getName' '()Ljava/lang/String;' in 'java/lang/Class')}
  0x0000023ac3df9174: 0148 bef0 | 0b06 f23a | 0200 008b | becc 0000 | 0083 c702 | 89be cc00 | 0000 81e7 | feff 1f00 
  0x0000023ac3df9194: 83ff 000f | 8409 1b00 | 008b 522c | 4883 fa00 

  0x0000023ac3df91a4: ;   {metadata(method data for {method} {0x0000023ad7445570} 'getName' '()Ljava/lang/String;' in 'java/lang/Class')}
  0x0000023ac3df91a4: 48be f00b | 06f2 3a02 | 0000 48bf | 1001 0000 | 0000 0000 | 0f84 0a00 | 0000 48bf | 2001 0000 
  0x0000023ac3df91c4: 0000 0000 | 488b 1c3e | 488d 5b01 | 4889 1c3e | 0f84 1800 

  0x0000023ac3df91d8: ;   {metadata(method data for {method} {0x0000023ad7445570} 'getName' '()Ljava/lang/String;' in 'java/lang/Class')}
  0x0000023ac3df91d8: 0000 48be | f00b 06f2 | 3a02 0000 | ff86 3001 | 0000 488b | f2e9 2d00 

  0x0000023ac3df91f0: ;   {oop(a 'java/lang/Class'{0x000000008b24b988} = 'kotlin/jvm/internal/Intrinsics')}
  0x0000023ac3df91f0: 0000 48ba | 88b9 248b | 0000 0000 

  0x0000023ac3df91fc: ;   {metadata(method data for {method} {0x0000023ad7445570} 'getName' '()Ljava/lang/String;' in 'java/lang/Class')}
  0x0000023ac3df91fc: 488b f248 | bff0 0b06 | f23a 0200 | 0048 8387 | 4801 0000 | 0166 0f1f 

  0x0000023ac3df9214: ;   {optimized virtual_call}
  0x0000023ac3df9214: 4400 00e8 

  0x0000023ac3df9218: ; ImmutableOopMap {[224]=Oop [384]=Oop [392]=Oop [376]=Oop }
                      ;*invokevirtual initClassName {reexecute=0 rethrow=0 return_oop=0}
                      ; - java.lang.Class::getName@14 (line 863)
                      ; - kotlin.jvm.internal.Intrinsics::sanitizeStackTrace@3 (line 253)
                      ; - kotlin.jvm.internal.Intrinsics::throwParameterIsNullNPE@11 (line 140)
                      ; - kotlin.jvm.internal.Intrinsics::checkNotNullParameter@5 (line 131)
                      ; - org.jetbrains.kotlin.incremental.classpathDiff.ClasspathEntrySnapshot::<init>@3
                      ; - org.jetbrains.kotlin.incremental.classpathDiff.ClasspathEntrySnapshotter::snapshot@449 (line 59)
  0x0000023ac3df9218: 643b 7103 | 488b f048 | 8b84 2478 | 0100 00e9 | d602 0000 

  0x0000023ac3df922c: ;   {metadata(method data for {method} {0x0000023a8a54d630} '<init>' '(Ljava/util/LinkedHashMap;)V' in 'org/jetbrains/kotlin/incremental/classpathDiff/ClasspathEntrySnapshot')}
  0x0000023ac3df922c: 488b d048 | be88 9477 | 8a3a 0200 | 0048 8386 | 2001 0000 

  0x0000023ac3df9240: ;   {metadata(method data for {method} {0x0000023ad7448c28} '<init>' '()V' in 'java/lang/Object')}
  0x0000023ac3df9240: 0148 ba10 | 7500 f23a | 0200 008b | b2cc 0000 | 0083 c602 | 89b2 cc00 | 0000 81e6 | feff 1f00 
  0x0000023ac3df9260: 83fe 000f | 8463 1a00 | 0041 0fbe | 5738 83fa | 000f 8576 | 1a00 004c | 8bd3 4489 | 500c 488b 
  0x0000023ac3df9280: d048 33d3 | 48c1 ea14 | 4883 fa00 | 0f85 761a | 0000 488b | b424 e000 | 0000 4883 

  0x0000023ac3df929c: ;   {metadata(method data for {method} {0x0000023a8a2b7f90} 'snapshot' '(Ljava/io/File;Lorg/jetbrains/kotlin/buildtools/api/jvm/ClassSnapshotGranularity;Lorg/jetbrains/kotlin/build/report/metrics/BuildMetricsReporter;)Lorg/jetbrains/kotlin/incremental/classpathDiff/ClasspathEntrySnapshot;' in 'org/jetbrains/kotlin/incremental/classpathDiff/ClasspathEntrySnapshotter')}
  0x0000023ac3df929c: fe00 48ba | 0080 778a | 3a02 0000 | 48bf a00a | 0000 0000 | 0000 0f84 | 0a00 0000 | 48bf b00a 
  0x0000023ac3df92bc: 0000 0000 | 0000 488b | 1c3a 488d | 5b01 4889 | 1c3a 0f84 | 0002 0000 | e937 0100 | 0048 8bb4 
  0x0000023ac3df92dc: 24e0 0000 | 0048 8bbc | 24b8 0000 | 0049 8b87 | d803 0000 | 4d33 d24d | 8997 d803 | 0000 4d33 
  0x0000023ac3df92fc: d24d 8997 | e003 0000 | 4883 ff00 | 0f84 2800 

  0x0000023ac3df930c: ;   {metadata('org/jetbrains/kotlin/build/report/metrics/DoNothingBuildMetricsReporter')}
  0x0000023ac3df930c: 0000 49b8 | 009a 54d9 | 3a02 0000 | 8b5f 0849 | ba00 0000 | d73a 0200 | 0049 03da | 4c3b c30f 
  0x0000023ac3df932c: 85ef 1900 | 00e9 0000 | 0000 488b | d748 8bd7 

  0x0000023ac3df933c: ;   {metadata(method data for {method} {0x0000023a8a2b7f90} 'snapshot' '(Ljava/io/File;Lorg/jetbrains/kotlin/buildtools/api/jvm/ClassSnapshotGranularity;Lorg/jetbrains/kotlin/build/report/metrics/BuildMetricsReporter;)Lorg/jetbrains/kotlin/incremental/classpathDiff/ClasspathEntrySnapshot;' in 'org/jetbrains/kotlin/incremental/classpathDiff/ClasspathEntrySnapshotter')}
  0x0000023ac3df933c: 48bb 0080 | 778a 3a02 

  0x0000023ac3df9344: ;   {metadata('org/jetbrains/kotlin/build/report/metrics/DoNothingBuildMetricsReporter')}
  0x0000023ac3df9344: 0000 49ba | 009a 54d9 | 3a02 0000 | 4c89 9398 | 0600 0048 | 8383 a006 

  0x0000023ac3df935c: ;   {metadata(method data for {method} {0x0000023a8a2bb3c8} 'endMeasure' '(Lorg/jetbrains/kotlin/build/report/metrics/BuildTime;)V' in 'org/jetbrains/kotlin/build/report/metrics/DoNothingBuildMetricsReporter')}
  0x0000023ac3df935c: 0000 0148 | ba98 9758 | 8a3a 0200 | 008b 9acc | 0000 0083 | c302 899a | cc00 0000 | 81e3 feff 
  0x0000023ac3df937c: 1f00 83fb | 000f 849e 

  0x0000023ac3df9384: ;   {metadata(method data for {method} {0x0000023a8a2bb3c8} 'endMeasure' '(Lorg/jetbrains/kotlin/build/report/metrics/BuildTime;)V' in 'org/jetbrains/kotlin/build/report/metrics/DoNothingBuildMetricsReporter')}
  0x0000023ac3df9384: 1900 0048 | ba98 9758 | 8a3a 0200 | 0048 8382 | 4801 0000 

  0x0000023ac3df9398: ;   {metadata(method data for {method} {0x0000023a8a2babd0} 'endMeasure' '(Lorg/jetbrains/kotlin/build/report/metrics/GradleBuildTime;)V' in 'org/jetbrains/kotlin/build/report/metrics/DoNothingBuildMetricsReporter')}
  0x0000023ac3df9398: 0148 ba60 | 9958 8a3a | 0200 008b | bacc 0000 | 0083 c702 | 89ba cc00 | 0000 81e7 | feff 1f00 
  0x0000023ac3df93b8: 83ff 000f | 8485 1900 

  0x0000023ac3df93c0: ;   {metadata(method data for {method} {0x0000023a8a2babd0} 'endMeasure' '(Lorg/jetbrains/kotlin/build/report/metrics/GradleBuildTime;)V' in 'org/jetbrains/kotlin/build/report/metrics/DoNothingBuildMetricsReporter')}
  0x0000023ac3df93c0: 0048 ba60 | 9958 8a3a | 0200 0048 | 8382 1001 

  0x0000023ac3df93d0: ;   {metadata(method data for {method} {0x0000023a8a2b4178} 'checkNotNullParameter' '(Ljava/lang/Object;Ljava/lang/String;)V' in 'kotlin/jvm/internal/Intrinsics')}
  0x0000023ac3df93d0: 0000 0148 | ba00 003f | 8a3a 0200 | 008b bacc | 0000 0083 | c702 89ba | cc00 0000 | 81e7 feff 
  0x0000023ac3df93f0: 1f00 83ff | 000f 846c 

  0x0000023ac3df93f8: ;   {metadata(method data for {method} {0x0000023a8a2b4178} 'checkNotNullParameter' '(Ljava/lang/Object;Ljava/lang/String;)V' in 'kotlin/jvm/internal/Intrinsics')}
  0x0000023ac3df93f8: 1900 0048 | ba00 003f | 8a3a 0200 | 00ff 8210 | 0100 00e9 | e200 0000 

  0x0000023ac3df9410: ; implicit exception: dispatches to 0x0000023ac3dfad88
  0x0000023ac3df9410: 483b 0648 

  0x0000023ac3df9414: ;   {metadata(method data for {method} {0x0000023a8a2b7f90} 'snapshot' '(Ljava/io/File;Lorg/jetbrains/kotlin/buildtools/api/jvm/ClassSnapshotGranularity;Lorg/jetbrains/kotlin/build/report/metrics/BuildMetricsReporter;)Lorg/jetbrains/kotlin/incremental/classpathDiff/ClasspathEntrySnapshot;' in 'org/jetbrains/kotlin/incremental/classpathDiff/ClasspathEntrySnapshotter')}
  0x0000023ac3df9414: 8bd6 48bf | 0080 778a | 3a02 0000 | 8b52 0849 | ba00 0000 | d73a 0200 | 0049 03d2 | 483b 97d0 
  0x0000023ac3df9434: 0a00 0075 | 0d48 8387 | d80a 0000 | 01e9 6600 | 0000 483b | 97e0 0a00 | 0075 0d48 | 8387 e80a 
  0x0000023ac3df9454: 0000 01e9 | 5000 0000 | 4881 bfd0 | 0a00 0000 | 0000 0075 | 1748 8997 | d00a 0000 | 48c7 87d8 
  0x0000023ac3df9474: 0a00 0001 | 0000 00e9 | 2c00 0000 | 4881 bfe0 | 0a00 0000 | 0000 0075 | 1748 8997 | e00a 0000 
  0x0000023ac3df9494: 48c7 87e8 | 0a00 0001 | 0000 00e9 | 0800 0000 | 4883 87c0 | 0a00 0001 | 488b d666 | 0f1f 4400 
  0x0000023ac3df94b4: 0048 b8b0 | a069 fc3a 

  0x0000023ac3df94bc: ;   {virtual_call}
  0x0000023ac3df94bc: 0200 00e8 

  0x0000023ac3df94c0: ; ImmutableOopMap {[384]=Oop }
                      ;*invokeinterface close {reexecute=0 rethrow=0 return_oop=0}
                      ; - org.jetbrains.kotlin.incremental.classpathDiff.ClasspathEntrySnapshotter::snapshot@461 (line 309)
  0x0000023ac3df94c0: 6082 7103 

  0x0000023ac3df94c4: ;   {metadata(method data for {method} {0x0000023a8a2b7f90} 'snapshot' '(Ljava/io/File;Lorg/jetbrains/kotlin/buildtools/api/jvm/ClassSnapshotGranularity;Lorg/jetbrains/kotlin/build/report/metrics/BuildMetricsReporter;)Lorg/jetbrains/kotlin/incremental/classpathDiff/ClasspathEntrySnapshot;' in 'org/jetbrains/kotlin/incremental/classpathDiff/ClasspathEntrySnapshotter')}
  0x0000023ac3df94c4: 48b8 0080 | 778a 3a02 | 0000 ff80 | f80a 0000 | 488b 8424 | 8001 0000 | 4881 c4b0 | 0100 005d 
  0x0000023ac3df94e4: ;   {poll_return}
  0x0000023ac3df94e4: 493b a748 | 0300 000f | 879c 1800 

  0x0000023ac3df94f0: ; ImmutableOopMap {rsi=Oop [224]=Oop rax=Oop }
                      ;*athrow {reexecute=1 rethrow=0 return_oop=0}
                      ; - (reexecute) org.jetbrains.kotlin.incremental.classpathDiff.ClasspathEntrySnapshotter::snapshot@304 (line 303)
                      ;   {section_word}
  0x0000023ac3df94f0: 00c3 48ba | f294 dfc3 | 3a02 0000 

  0x0000023ac3df94fc: ;   {runtime_call handle_exception_nofpu Runtime1 stub}
  0x0000023ac3df94fc: e87f ce7b 

  0x0000023ac3df9500: ;   {metadata(method data for {method} {0x0000023a8a2b52a0} 'sanitizeStackTrace' '(Ljava/lang/Throwable;)Ljava/lang/Throwable;' in 'kotlin/jvm/internal/Intrinsics')}
  0x0000023ac3df9500: 0390 48ba | 6808 3f8a | 3a02 0000 | 4883 8248 | 0100 0001 | 488b d04c | 8bc6 0f1f 

  0x0000023ac3df951c: ;   {static_call}
  0x0000023ac3df951c: 4400 00e8 

  0x0000023ac3df9520: ; ImmutableOopMap {[384]=Oop [392]=Oop [224]=Oop }
                      ;*invokestatic sanitizeStackTrace {reexecute=0 rethrow=0 return_oop=0}
                      ; - kotlin.jvm.internal.Intrinsics::sanitizeStackTrace@6 (line 253)
                      ; - kotlin.jvm.internal.Intrinsics::throwParameterIsNullNPE@11 (line 140)
                      ; - kotlin.jvm.internal.Intrinsics::checkNotNullParameter@5 (line 131)
                      ; - org.jetbrains.kotlin.incremental.classpathDiff.ClasspathEntrySnapshot::<init>@3
                      ; - org.jetbrains.kotlin.incremental.classpathDiff.ClasspathEntrySnapshotter::snapshot@449 (line 59)
  0x0000023ac3df9520: 5c3e 7103 | 4c8b 8424 | 8001 0000 | 488b 9c24 | 8801 0000 | 4883 f800 

  0x0000023ac3df9538: ;   {metadata(method data for {method} {0x0000023a8a2b42d8} 'throwParameterIsNullNPE' '(Ljava/lang/String;)V' in 'kotlin/jvm/internal/Intrinsics')}
  0x0000023ac3df9538: 7516 48be | 8801 3f8a | 3a02 0000 | 808e 3901 | 0000 01e9 | d300 0000 

  0x0000023ac3df9550: ;   {metadata('java/lang/NullPointerException')}
  0x0000023ac3df9550: 48bf a0c4 | 08d7 3a02 | 0000 8b70 | 0849 ba00 | 0000 d73a | 0200 0049 | 03f2 483b | 7e50 0f85 
  0x0000023ac3df9570: 9300 0000 

  0x0000023ac3df9574: ;   {metadata(method data for {method} {0x0000023a8a2b42d8} 'throwParameterIsNullNPE' '(Ljava/lang/String;)V' in 'kotlin/jvm/internal/Intrinsics')}
  0x0000023ac3df9574: 48be 8801 | 3f8a 3a02 | 0000 8b78 | 0849 ba00 | 0000 d73a | 0200 0049 | 03fa 483b | be50 0100 
  0x0000023ac3df9594: 0075 0d48 | 8386 5801 | 0000 01e9 | 7f00 0000 | 483b be60 | 0100 0075 | 0d48 8386 | 6801 0000 
  0x0000023ac3df95b4: 01e9 6900 | 0000 4881 | be50 0100 | 0000 0000 | 0075 1748 | 89be 5001 | 0000 48c7 | 8658 0100 
  0x0000023ac3df95d4: 0001 0000 | 00e9 4500 | 0000 4881 | be60 0100 | 0000 0000 | 0075 1748 | 89be 6001 | 0000 48c7 
  0x0000023ac3df95f4: 8668 0100 | 0001 0000 | 00e9 2100 | 0000 e91c 

  0x0000023ac3df9604: ;   {metadata(method data for {method} {0x0000023a8a2b42d8} 'throwParameterIsNullNPE' '(Ljava/lang/String;)V' in 'kotlin/jvm/internal/Intrinsics')}
  0x0000023ac3df9604: 0000 0048 | be88 013f | 8a3a 0200 | 0048 83ae | 4001 0000 | 01e9 8517 | 0000 e900 | 0000 0048 
  0x0000023ac3df9624: ; ImmutableOopMap {[224]=Oop r8=Oop [384]=Oop rbx=Oop [392]=Oop rax=Oop }
                      ;*athrow {reexecute=1 rethrow=0 return_oop=0}
                      ; - (reexecute) kotlin.jvm.internal.Intrinsics::throwParameterIsNullNPE@17 (line 140)
                      ; - kotlin.jvm.internal.Intrinsics::checkNotNullParameter@5 (line 131)
                      ; - org.jetbrains.kotlin.incremental.classpathDiff.ClasspathEntrySnapshot::<init>@3
                      ; - org.jetbrains.kotlin.incremental.classpathDiff.ClasspathEntrySnapshotter::snapshot@449 (line 59)
                      ;   {section_word}
  0x0000023ac3df9624: 3b00 48ba | 2696 dfc3 | 3a02 0000 

  0x0000023ac3df9630: ;   {runtime_call handle_exception_nofpu Runtime1 stub}
  0x0000023ac3df9630: e84b cd7b 

  0x0000023ac3df9634: ;   {metadata(method data for {method} {0x0000023a8a2b52a0} 'sanitizeStackTrace' '(Ljava/lang/Throwable;)Ljava/lang/Throwable;' in 'kotlin/jvm/internal/Intrinsics')}
  0x0000023ac3df9634: 0390 48ba | 6808 3f8a | 3a02 0000 | 4883 8248 | 0100 0001 | 488b d04c 

  0x0000023ac3df964c: ;   {static_call}
  0x0000023ac3df964c: 8bc6 90e8 

  0x0000023ac3df9650: ; ImmutableOopMap {[224]=Oop [344]=Oop [336]=Oop [328]=Oop }
                      ;*invokestatic sanitizeStackTrace {reexecute=0 rethrow=0 return_oop=0}
                      ; - kotlin.jvm.internal.Intrinsics::sanitizeStackTrace@6 (line 253)
                      ; - kotlin.jvm.internal.Intrinsics::throwParameterIsNullNPE@11 (line 140)
                      ; - kotlin.jvm.internal.Intrinsics::checkNotNullParameter@5 (line 131)
                      ; - kotlin.collections.CollectionsKt__IterablesKt::collectionSizeOrDefault@3
                      ; - org.jetbrains.kotlin.incremental.classpathDiff.ClasspathEntrySnapshotter::snapshot@329 (line 304)
  0x0000023ac3df9650: 2c3d 7103 | 488b b424 | 5001 0000 | 488b 9c24 | 4801 0000 | 4c8b 8424 | 5801 0000 | 4883 f800 
  0x0000023ac3df9670: ;   {metadata(method data for {method} {0x0000023a8a2b42d8} 'throwParameterIsNullNPE' '(Ljava/lang/String;)V' in 'kotlin/jvm/internal/Intrinsics')}
  0x0000023ac3df9670: 7516 48bf | 8801 3f8a | 3a02 0000 | 808f 3901 | 0000 01e9 | d300 0000 

  0x0000023ac3df9688: ;   {metadata('java/lang/NullPointerException')}
  0x0000023ac3df9688: 48b9 a0c4 | 08d7 3a02 | 0000 8b78 | 0849 ba00 | 0000 d73a | 0200 0049 | 03fa 483b | 4f50 0f85 
  0x0000023ac3df96a8: 9300 0000 

  0x0000023ac3df96ac: ;   {metadata(method data for {method} {0x0000023a8a2b42d8} 'throwParameterIsNullNPE' '(Ljava/lang/String;)V' in 'kotlin/jvm/internal/Intrinsics')}
  0x0000023ac3df96ac: 48bf 8801 | 3f8a 3a02 | 0000 8b48 | 0849 ba00 | 0000 d73a | 0200 0049 | 03ca 483b | 8f50 0100 
  0x0000023ac3df96cc: 0075 0d48 | 8387 5801 | 0000 01e9 | 7f00 0000 | 483b 8f60 | 0100 0075 | 0d48 8387 | 6801 0000 
  0x0000023ac3df96ec: 01e9 6900 | 0000 4881 | bf50 0100 | 0000 0000 | 0075 1748 | 898f 5001 | 0000 48c7 | 8758 0100 
  0x0000023ac3df970c: 0001 0000 | 00e9 4500 | 0000 4881 | bf60 0100 | 0000 0000 | 0075 1748 | 898f 6001 | 0000 48c7 
  0x0000023ac3df972c: 8768 0100 | 0001 0000 | 00e9 2100 | 0000 e91c 

  0x0000023ac3df973c: ;   {metadata(method data for {method} {0x0000023a8a2b42d8} 'throwParameterIsNullNPE' '(Ljava/lang/String;)V' in 'kotlin/jvm/internal/Intrinsics')}
  0x0000023ac3df973c: 0000 0048 | bf88 013f | 8a3a 0200 | 0048 83af | 4001 0000 | 01e9 5b16 | 0000 e900 | 0000 0048 
  0x0000023ac3df975c: ; ImmutableOopMap {[224]=Oop rbx=Oop [328]=Oop r8=Oop [344]=Oop rsi=Oop [336]=Oop rax=Oop }
                      ;*athrow {reexecute=1 rethrow=0 return_oop=0}
                      ; - (reexecute) kotlin.jvm.internal.Intrinsics::throwParameterIsNullNPE@17 (line 140)
                      ; - kotlin.jvm.internal.Intrinsics::checkNotNullParameter@5 (line 131)
                      ; - kotlin.collections.CollectionsKt__IterablesKt::collectionSizeOrDefault@3
                      ; - org.jetbrains.kotlin.incremental.classpathDiff.ClasspathEntrySnapshotter::snapshot@329 (line 304)
                      ;   {section_word}
  0x0000023ac3df975c: 3b00 48ba | 5e97 dfc3 | 3a02 0000 

  0x0000023ac3df9768: ;   {runtime_call handle_exception_nofpu Runtime1 stub}
  0x0000023ac3df9768: e813 cc7b 

  0x0000023ac3df976c: ;   {metadata(method data for {method} {0x0000023a8a2b52a0} 'sanitizeStackTrace' '(Ljava/lang/Throwable;)Ljava/lang/Throwable;' in 'kotlin/jvm/internal/Intrinsics')}
  0x0000023ac3df976c: 0390 48ba | 6808 3f8a | 3a02 0000 | 4883 8248 | 0100 0001 | 488b d04c 

  0x0000023ac3df9784: ;   {static_call}
  0x0000023ac3df9784: 8bc6 90e8 

  0x0000023ac3df9788: ; ImmutableOopMap {[224]=Oop [256]=Oop [192]=Oop [216]=Oop [280]=Oop [304]=Oop [272]=Oop [176]=Oop [184]=Oop [248]=Oop }
                      ;*invokestatic sanitizeStackTrace {reexecute=0 rethrow=0 return_oop=0}
                      ; - kotlin.jvm.internal.Intrinsics::sanitizeStackTrace@6 (line 253)
                      ; - kotlin.jvm.internal.Intrinsics::throwParameterIsNullNPE@11 (line 140)
                      ; - kotlin.jvm.internal.Intrinsics::checkNotNullParameter@5 (line 131)
                      ; - org.jetbrains.kotlin.incremental.classpathDiff.ClassFileWithContentsProvider::<init>@9
                      ; - org.jetbrains.kotlin.incremental.classpathDiff.ClasspathEntrySnapshotter::snapshot@183 (line 50)
  0x0000023ac3df9788: f43b 7103 | 488b b424 | 3001 0000 | 488b bc24 | 1801 0000 | 4c8b 8424 | 1001 0000 | 488b 9c24 
  0x0000023ac3df97a8: 0001 0000 | 4883 f800 

  0x0000023ac3df97b0: ;   {metadata(method data for {method} {0x0000023a8a2b42d8} 'throwParameterIsNullNPE' '(Ljava/lang/String;)V' in 'kotlin/jvm/internal/Intrinsics')}
  0x0000023ac3df97b0: 7516 48b9 | 8801 3f8a | 3a02 0000 | 8089 3901 | 0000 01e9 | d400 0000 

  0x0000023ac3df97c8: ;   {metadata('java/lang/NullPointerException')}
  0x0000023ac3df97c8: 49b9 a0c4 | 08d7 3a02 | 0000 8b48 | 0849 ba00 | 0000 d73a | 0200 0049 | 03ca 4c3b | 4950 0f85 
  0x0000023ac3df97e8: 9400 0000 

  0x0000023ac3df97ec: ;   {metadata(method data for {method} {0x0000023a8a2b42d8} 'throwParameterIsNullNPE' '(Ljava/lang/String;)V' in 'kotlin/jvm/internal/Intrinsics')}
  0x0000023ac3df97ec: 48b9 8801 | 3f8a 3a02 | 0000 448b | 4808 49ba | 0000 00d7 | 3a02 0000 | 4d03 ca4c | 3b89 5001 
  0x0000023ac3df980c: 0000 750d | 4883 8158 | 0100 0001 | e97f 0000 | 004c 3b89 | 6001 0000 | 750d 4883 | 8168 0100 
  0x0000023ac3df982c: 0001 e969 | 0000 0048 | 81b9 5001 | 0000 0000 | 0000 7517 | 4c89 8950 | 0100 0048 | c781 5801 
  0x0000023ac3df984c: 0000 0100 | 0000 e945 | 0000 0048 | 81b9 6001 | 0000 0000 | 0000 7517 | 4c89 8960 | 0100 0048 
  0x0000023ac3df986c: c781 6801 | 0000 0100 | 0000 e921 | 0000 00e9 | 1c00 0000 

  0x0000023ac3df9880: ;   {metadata(method data for {method} {0x0000023a8a2b42d8} 'throwParameterIsNullNPE' '(Ljava/lang/String;)V' in 'kotlin/jvm/internal/Intrinsics')}
  0x0000023ac3df9880: 48b9 8801 | 3f8a 3a02 | 0000 4883 | a940 0100 | 0001 e928 | 1500 00e9 | 0000 0000 

  0x0000023ac3df989c: ; implicit exception: dispatches to 0x0000023ac3dfadc8
                      ; ImmutableOopMap {[224]=Oop [192]=Oop [216]=Oop [176]=Oop [184]=Oop [248]=Oop rbx=Oop [256]=Oop r8=Oop [272]=Oop rdi=Oop [280]=Oop rsi=Oop rax=Oop }
                      ;*athrow {reexecute=1 rethrow=0 return_oop=0}
                      ; - (reexecute) kotlin.jvm.internal.Intrinsics::throwParameterIsNullNPE@17 (line 140)
                      ; - kotlin.jvm.internal.Intrinsics::checkNotNullParameter@5 (line 131)
                      ; - org.jetbrains.kotlin.incremental.classpathDiff.ClassFileWithContentsProvider::<init>@9
                      ; - org.jetbrains.kotlin.incremental.classpathDiff.ClasspathEntrySnapshotter::snapshot@183 (line 50)
                      ;   {section_word}
  0x0000023ac3df989c: 483b 0048 | ba9f 98df | c33a 0200 

  0x0000023ac3df98a8: ;   {runtime_call handle_exception_nofpu Runtime1 stub}
  0x0000023ac3df98a8: 00e8 d2ca 

  0x0000023ac3df98ac: ;   {metadata(method data for {method} {0x0000023a8a2b52a0} 'sanitizeStackTrace' '(Ljava/lang/Throwable;)Ljava/lang/Throwable;' in 'kotlin/jvm/internal/Intrinsics')}
  0x0000023ac3df98ac: 7b03 9048 | ba68 083f | 8a3a 0200 | 0048 8382 | 4801 0000 | 0148 8bd0 

  0x0000023ac3df98c4: ;   {static_call}
  0x0000023ac3df98c4: 4c8b c6e8 

  0x0000023ac3df98c8: ; ImmutableOopMap {[224]=Oop [184]=Oop [248]=Oop [176]=Oop [216]=Oop [192]=Oop [240]=Oop }
                      ;*invokestatic sanitizeStackTrace {reexecute=0 rethrow=0 return_oop=0}
                      ; - kotlin.jvm.internal.Intrinsics::sanitizeStackTrace@6 (line 253)
                      ; - kotlin.jvm.internal.Intrinsics::throwParameterIsNullNPE@11 (line 140)
                      ; - kotlin.jvm.internal.Intrinsics::checkNotNullParameter@5 (line 131)
                      ; - kotlin.collections.CollectionsKt__IterablesKt::collectionSizeOrDefault@3
                      ; - org.jetbrains.kotlin.incremental.classpathDiff.ClasspathEntrySnapshotter::snapshot@104 (line 294)
  0x0000023ac3df98c8: b43a 7103 | 488b b424 | f800 0000 | 488b 9c24 | f000 0000 | 488b bc24 | d800 0000 | 4883 f800 
  0x0000023ac3df98e8: ;   {metadata(method data for {method} {0x0000023a8a2b42d8} 'throwParameterIsNullNPE' '(Ljava/lang/String;)V' in 'kotlin/jvm/internal/Intrinsics')}
  0x0000023ac3df98e8: 7516 48b9 | 8801 3f8a | 3a02 0000 | 8089 3901 | 0000 01e9 | d400 0000 

  0x0000023ac3df9900: ;   {metadata('java/lang/NullPointerException')}
  0x0000023ac3df9900: 49b8 a0c4 | 08d7 3a02 | 0000 8b48 | 0849 ba00 | 0000 d73a | 0200 0049 | 03ca 4c3b | 4150 0f85 
  0x0000023ac3df9920: 9400 0000 

  0x0000023ac3df9924: ;   {metadata(method data for {method} {0x0000023a8a2b42d8} 'throwParameterIsNullNPE' '(Ljava/lang/String;)V' in 'kotlin/jvm/internal/Intrinsics')}
  0x0000023ac3df9924: 48b9 8801 | 3f8a 3a02 | 0000 448b | 4008 49ba | 0000 00d7 | 3a02 0000 | 4d03 c24c | 3b81 5001 
  0x0000023ac3df9944: 0000 750d | 4883 8158 | 0100 0001 | e97f 0000 | 004c 3b81 | 6001 0000 | 750d 4883 | 8168 0100 
  0x0000023ac3df9964: 0001 e969 | 0000 0048 | 81b9 5001 | 0000 0000 | 0000 7517 | 4c89 8150 | 0100 0048 | c781 5801 
  0x0000023ac3df9984: 0000 0100 | 0000 e945 | 0000 0048 | 81b9 6001 | 0000 0000 | 0000 7517 | 4c89 8160 | 0100 0048 
  0x0000023ac3df99a4: c781 6801 | 0000 0100 | 0000 e921 | 0000 00e9 | 1c00 0000 

  0x0000023ac3df99b8: ;   {metadata(method data for {method} {0x0000023a8a2b42d8} 'throwParameterIsNullNPE' '(Ljava/lang/String;)V' in 'kotlin/jvm/internal/Intrinsics')}
  0x0000023ac3df99b8: 48b9 8801 | 3f8a 3a02 | 0000 4883 | a940 0100 | 0001 e9fe | 1300 00e9 | 0000 0000 

  0x0000023ac3df99d4: ; implicit exception: dispatches to 0x0000023ac3dfadd6
                      ; ImmutableOopMap {[224]=Oop [184]=Oop [176]=Oop [192]=Oop rsi=Oop [248]=Oop rbx=Oop [240]=Oop rdi=Oop [216]=Oop rax=Oop }
                      ;*athrow {reexecute=1 rethrow=0 return_oop=0}
                      ; - (reexecute) kotlin.jvm.internal.Intrinsics::throwParameterIsNullNPE@17 (line 140)
                      ; - kotlin.jvm.internal.Intrinsics::checkNotNullParameter@5 (line 131)
                      ; - kotlin.collections.CollectionsKt__IterablesKt::collectionSizeOrDefault@3
                      ; - org.jetbrains.kotlin.incremental.classpathDiff.ClasspathEntrySnapshotter::snapshot@104 (line 294)
                      ;   {section_word}
  0x0000023ac3df99d4: 483b 0048 | bad7 99df | c33a 0200 

  0x0000023ac3df99e0: ;   {runtime_call handle_exception_nofpu Runtime1 stub}
  0x0000023ac3df99e0: 00e8 9ac9 | 7b03 9049 | 8b87 d803 | 0000 4d33 | d24d 8997 | d803 0000 | 4d33 d24d | 8997 e003 
  0x0000023ac3df9a00: 0000 488b | bc24 b800 | 0000 4883 | ff00 0f84 | 2800 0000 

  0x0000023ac3df9a14: ;   {metadata('org/jetbrains/kotlin/build/report/metrics/DoNothingBuildMetricsReporter')}
  0x0000023ac3df9a14: 48b9 009a | 54d9 3a02 | 0000 8b77 | 0849 ba00 | 0000 d73a | 0200 0049 | 03f2 483b | ce0f 85a4 
  0x0000023ac3df9a34: 1300 00e9 | 0000 0000 | 488b d748 

  0x0000023ac3df9a40: ;   {metadata(method data for {method} {0x0000023a8a2b7f90} 'snapshot' '(Ljava/io/File;Lorg/jetbrains/kotlin/buildtools/api/jvm/ClassSnapshotGranularity;Lorg/jetbrains/kotlin/build/report/metrics/BuildMetricsReporter;)Lorg/jetbrains/kotlin/incremental/classpathDiff/ClasspathEntrySnapshot;' in 'org/jetbrains/kotlin/incremental/classpathDiff/ClasspathEntrySnapshotter')}
  0x0000023ac3df9a40: 8bd7 48be | 0080 778a | 3a02 0000 

  0x0000023ac3df9a4c: ;   {metadata('org/jetbrains/kotlin/build/report/metrics/DoNothingBuildMetricsReporter')}
  0x0000023ac3df9a4c: 49ba 009a | 54d9 3a02 | 0000 4c89 | 9668 0500 | 0048 8386 | 7005 0000 

  0x0000023ac3df9a64: ;   {metadata(method data for {method} {0x0000023a8a2bb3c8} 'endMeasure' '(Lorg/jetbrains/kotlin/build/report/metrics/BuildTime;)V' in 'org/jetbrains/kotlin/build/report/metrics/DoNothingBuildMetricsReporter')}
  0x0000023ac3df9a64: 0148 ba98 | 9758 8a3a | 0200 008b | b2cc 0000 | 0083 c602 | 89b2 cc00 | 0000 81e6 | feff 1f00 
  0x0000023ac3df9a84: 83fe 000f | 8453 1300 

  0x0000023ac3df9a8c: ;   {metadata(method data for {method} {0x0000023a8a2bb3c8} 'endMeasure' '(Lorg/jetbrains/kotlin/build/report/metrics/BuildTime;)V' in 'org/jetbrains/kotlin/build/report/metrics/DoNothingBuildMetricsReporter')}
  0x0000023ac3df9a8c: 0048 ba98 | 9758 8a3a | 0200 0048 | 8382 4801 

  0x0000023ac3df9a9c: ;   {metadata(method data for {method} {0x0000023a8a2babd0} 'endMeasure' '(Lorg/jetbrains/kotlin/build/report/metrics/GradleBuildTime;)V' in 'org/jetbrains/kotlin/build/report/metrics/DoNothingBuildMetricsReporter')}
  0x0000023ac3df9a9c: 0000 0148 | ba60 9958 | 8a3a 0200 | 008b b2cc | 0000 0083 | c602 89b2 | cc00 0000 | 81e6 feff 
  0x0000023ac3df9abc: 1f00 83fe | 000f 843a 

  0x0000023ac3df9ac4: ;   {metadata(method data for {method} {0x0000023a8a2babd0} 'endMeasure' '(Lorg/jetbrains/kotlin/build/report/metrics/GradleBuildTime;)V' in 'org/jetbrains/kotlin/build/report/metrics/DoNothingBuildMetricsReporter')}
  0x0000023ac3df9ac4: 1300 0048 | ba60 9958 | 8a3a 0200 | 0048 8382 | 1001 0000 

  0x0000023ac3df9ad8: ;   {metadata(method data for {method} {0x0000023a8a2b4178} 'checkNotNullParameter' '(Ljava/lang/Object;Ljava/lang/String;)V' in 'kotlin/jvm/internal/Intrinsics')}
  0x0000023ac3df9ad8: 0148 ba00 | 003f 8a3a | 0200 008b | b2cc 0000 | 0083 c602 | 89b2 cc00 | 0000 81e6 | feff 1f00 
  0x0000023ac3df9af8: 83fe 000f | 8421 1300 

  0x0000023ac3df9b00: ;   {metadata(method data for {method} {0x0000023a8a2b4178} 'checkNotNullParameter' '(Ljava/lang/Object;Ljava/lang/String;)V' in 'kotlin/jvm/internal/Intrinsics')}
  0x0000023ac3df9b00: 0048 ba00 | 003f 8a3a | 0200 00ff | 8210 0100 

  0x0000023ac3df9b10: ; ImmutableOopMap {[224]=Oop rax=Oop }
                      ;*athrow {reexecute=1 rethrow=0 return_oop=0}
                      ; - (reexecute) org.jetbrains.kotlin.incremental.classpathDiff.ClasspathEntrySnapshotter::snapshot@235 (line 298)
                      ;   {section_word}
  0x0000023ac3df9b10: 0048 ba11 | 9bdf c33a 

  0x0000023ac3df9b18: ;   {runtime_call handle_exception_nofpu Runtime1 stub}
  0x0000023ac3df9b18: 0200 00e8 | 60c8 7b03 | 9049 8b87 | d803 0000 | 4d33 d24d | 8997 d803 | 0000 4d33 | d24d 8997 
  0x0000023ac3df9b38: e003 0000 | 488b b424 | e000 0000 | 4883 fe00 

  0x0000023ac3df9b48: ;   {metadata(method data for {method} {0x0000023a8a2b7f90} 'snapshot' '(Ljava/io/File;Lorg/jetbrains/kotlin/buildtools/api/jvm/ClassSnapshotGranularity;Lorg/jetbrains/kotlin/build/report/metrics/BuildMetricsReporter;)Lorg/jetbrains/kotlin/incremental/classpathDiff/ClasspathEntrySnapshot;' in 'org/jetbrains/kotlin/incremental/classpathDiff/ClasspathEntrySnapshotter')}
  0x0000023ac3df9b48: 48ba 0080 | 778a 3a02 | 0000 48bf | 200b 0000 | 0000 0000 | 0f85 0a00 | 0000 48bf | 100b 0000 
  0x0000023ac3df9b68: 0000 0000 | 488b 1c3a | 488d 5b01 | 4889 1c3a | 0f85 1500 

  0x0000023ac3df9b7c: ;   {metadata(method data for {method} {0x0000023a8a2b7f90} 'snapshot' '(Ljava/io/File;Lorg/jetbrains/kotlin/buildtools/api/jvm/ClassSnapshotGranularity;Lorg/jetbrains/kotlin/build/report/metrics/BuildMetricsReporter;)Lorg/jetbrains/kotlin/incremental/classpathDiff/ClasspathEntrySnapshot;' in 'org/jetbrains/kotlin/incremental/classpathDiff/ClasspathEntrySnapshotter')}
  0x0000023ac3df9b7c: 0000 48ba | 0080 778a | 3a02 0000 | ff82 800b | 0000 e95b | 0400 0048 | 8984 2490 | 0100 0048 
  0x0000023ac3df9b9c: 3b06 488b 

  0x0000023ac3df9ba0: ;   {metadata(method data for {method} {0x0000023a8a2b7f90} 'snapshot' '(Ljava/io/File;Lorg/jetbrains/kotlin/buildtools/api/jvm/ClassSnapshotGranularity;Lorg/jetbrains/kotlin/build/report/metrics/BuildMetricsReporter;)Lorg/jetbrains/kotlin/incremental/classpathDiff/ClasspathEntrySnapshot;' in 'org/jetbrains/kotlin/incremental/classpathDiff/ClasspathEntrySnapshotter')}
  0x0000023ac3df9ba0: d648 bf00 | 8077 8a3a | 0200 008b | 5208 49ba | 0000 00d7 | 3a02 0000 | 4903 d248 | 3b97 400b 
  0x0000023ac3df9bc0: 0000 750d | 4883 8748 | 0b00 0001 | e966 0000 | 0048 3b97 | 500b 0000 | 750d 4883 | 8758 0b00 
  0x0000023ac3df9be0: 0001 e950 | 0000 0048 | 81bf 400b | 0000 0000 | 0000 7517 | 4889 9740 | 0b00 0048 | c787 480b 
  0x0000023ac3df9c00: 0000 0100 | 0000 e92c | 0000 0048 | 81bf 500b | 0000 0000 | 0000 7517 | 4889 9750 | 0b00 0048 
  0x0000023ac3df9c20: c787 580b | 0000 0100 | 0000 e908 | 0000 0048 | 8387 300b | 0000 0148 | 8bd6 6666 | 9048 b8ff 
  0x0000023ac3df9c40: ffff ffff 

  0x0000023ac3df9c44: ;   {virtual_call}
  0x0000023ac3df9c44: ffff ffe8 

  0x0000023ac3df9c48: ; ImmutableOopMap {[400]=Oop [224]=Oop }
                      ;*invokeinterface close {reexecute=0 rethrow=0 return_oop=0}
                      ; - org.jetbrains.kotlin.incremental.classpathDiff.ClasspathEntrySnapshotter::snapshot@485 (line 313)
  0x0000023ac3df9c48: 3434 7103 

  0x0000023ac3df9c4c: ;   {metadata(method data for {method} {0x0000023a8a2b7f90} 'snapshot' '(Ljava/io/File;Lorg/jetbrains/kotlin/buildtools/api/jvm/ClassSnapshotGranularity;Lorg/jetbrains/kotlin/build/report/metrics/BuildMetricsReporter;)Lorg/jetbrains/kotlin/incremental/classpathDiff/ClasspathEntrySnapshot;' in 'org/jetbrains/kotlin/incremental/classpathDiff/ClasspathEntrySnapshotter')}
  0x0000023ac3df9c4c: 48ba 0080 | 778a 3a02 | 0000 ff82 | 680b 0000 | 488b 8424 | 9001 0000 | e985 0300 

  0x0000023ac3df9c68: ;   {metadata(method data for {method} {0x0000023a8a2b52a0} 'sanitizeStackTrace' '(Ljava/lang/Throwable;)Ljava/lang/Throwable;' in 'kotlin/jvm/internal/Intrinsics')}
  0x0000023ac3df9c68: 0048 ba68 | 083f 8a3a | 0200 0048 | 8382 4801 | 0000 0148 | 8bd0 4c8b | c666 0f1f 

  0x0000023ac3df9c84: ;   {static_call}
  0x0000023ac3df9c84: 4400 00e8 

  0x0000023ac3df9c88: ; ImmutableOopMap {[176]=Oop [192]=Oop [184]=Oop }
                      ;*invokestatic sanitizeStackTrace {reexecute=0 rethrow=0 return_oop=0}
                      ; - kotlin.jvm.internal.Intrinsics::sanitizeStackTrace@6 (line 253)
                      ; - kotlin.jvm.internal.Intrinsics::throwParameterIsNullNPE@11 (line 140)
                      ; - kotlin.jvm.internal.Intrinsics::checkNotNullParameter@5 (line 131)
                      ; - org.jetbrains.kotlin.incremental.classpathDiff.ClasspathEntrySnapshotter::snapshot@15
  0x0000023ac3df9c88: f436 7103 | 4883 f800 

  0x0000023ac3df9c90: ;   {metadata(method data for {method} {0x0000023a8a2b42d8} 'throwParameterIsNullNPE' '(Ljava/lang/String;)V' in 'kotlin/jvm/internal/Intrinsics')}
  0x0000023ac3df9c90: 7517 49b8 | 8801 3f8a | 3a02 0000 | 4180 8839 | 0100 0001 | e9d4 0000 

  0x0000023ac3df9ca8: ;   {metadata('java/lang/NullPointerException')}
  0x0000023ac3df9ca8: 0048 bea0 | c408 d73a | 0200 0044 | 8b40 0849 | ba00 0000 | d73a 0200 | 004d 03c2 | 493b 7050 
  0x0000023ac3df9cc8: 0f85 9300 

  0x0000023ac3df9ccc: ;   {metadata(method data for {method} {0x0000023a8a2b42d8} 'throwParameterIsNullNPE' '(Ljava/lang/String;)V' in 'kotlin/jvm/internal/Intrinsics')}
  0x0000023ac3df9ccc: 0000 49b8 | 8801 3f8a | 3a02 0000 | 8b70 0849 | ba00 0000 | d73a 0200 | 0049 03f2 | 493b b050 
  0x0000023ac3df9cec: 0100 0075 | 0d49 8380 | 5801 0000 | 01e9 7f00 | 0000 493b | b060 0100 | 0075 0d49 | 8380 6801 
  0x0000023ac3df9d0c: 0000 01e9 | 6900 0000 | 4981 b850 | 0100 0000 | 0000 0075 | 1749 89b0 | 5001 0000 | 49c7 8058 
  0x0000023ac3df9d2c: 0100 0001 | 0000 00e9 | 4500 0000 | 4981 b860 | 0100 0000 | 0000 0075 | 1749 89b0 | 6001 0000 
  0x0000023ac3df9d4c: 49c7 8068 | 0100 0001 | 0000 00e9 | 2100 0000 | e91c 0000 

  0x0000023ac3df9d60: ;   {metadata(method data for {method} {0x0000023a8a2b42d8} 'throwParameterIsNullNPE' '(Ljava/lang/String;)V' in 'kotlin/jvm/internal/Intrinsics')}
  0x0000023ac3df9d60: 0049 b888 | 013f 8a3a | 0200 0049 | 83a8 4001 | 0000 01e9 | d010 0000 | e900 0000 | 0048 3b00 
  0x0000023ac3df9d80: e95f 1300 

  0x0000023ac3df9d84: ;   {metadata(method data for {method} {0x0000023a8a2b52a0} 'sanitizeStackTrace' '(Ljava/lang/Throwable;)Ljava/lang/Throwable;' in 'kotlin/jvm/internal/Intrinsics')}
  0x0000023ac3df9d84: 0048 ba68 | 083f 8a3a | 0200 0048 | 8382 4801 | 0000 0148 | 8bd0 4c8b 

  0x0000023ac3df9d9c: ;   {static_call}
  0x0000023ac3df9d9c: c666 90e8 

  0x0000023ac3df9da0: ; ImmutableOopMap {[184]=Oop [192]=Oop [176]=Oop }
                      ;*invokestatic sanitizeStackTrace {reexecute=0 rethrow=0 return_oop=0}
                      ; - kotlin.jvm.internal.Intrinsics::sanitizeStackTrace@6 (line 253)
                      ; - kotlin.jvm.internal.Intrinsics::throwParameterIsNullNPE@11 (line 140)
                      ; - kotlin.jvm.internal.Intrinsics::checkNotNullParameter@5 (line 131)
                      ; - org.jetbrains.kotlin.incremental.classpathDiff.ClasspathEntrySnapshotter::snapshot@9
  0x0000023ac3df9da0: dc35 7103 | 4883 f800 

  0x0000023ac3df9da8: ;   {metadata(method data for {method} {0x0000023a8a2b42d8} 'throwParameterIsNullNPE' '(Ljava/lang/String;)V' in 'kotlin/jvm/internal/Intrinsics')}
  0x0000023ac3df9da8: 7517 49b8 | 8801 3f8a | 3a02 0000 | 4180 8839 | 0100 0001 | e9d4 0000 

  0x0000023ac3df9dc0: ;   {metadata('java/lang/NullPointerException')}
  0x0000023ac3df9dc0: 0048 bea0 | c408 d73a | 0200 0044 | 8b40 0849 | ba00 0000 | d73a 0200 | 004d 03c2 | 493b 7050 
  0x0000023ac3df9de0: 0f85 9300 

  0x0000023ac3df9de4: ;   {metadata(method data for {method} {0x0000023a8a2b42d8} 'throwParameterIsNullNPE' '(Ljava/lang/String;)V' in 'kotlin/jvm/internal/Intrinsics')}
  0x0000023ac3df9de4: 0000 49b8 | 8801 3f8a | 3a02 0000 | 8b70 0849 | ba00 0000 | d73a 0200 | 0049 03f2 | 493b b050 
  0x0000023ac3df9e04: 0100 0075 | 0d49 8380 | 5801 0000 | 01e9 7f00 | 0000 493b | b060 0100 | 0075 0d49 | 8380 6801 
  0x0000023ac3df9e24: 0000 01e9 | 6900 0000 | 4981 b850 | 0100 0000 | 0000 0075 | 1749 89b0 | 5001 0000 | 49c7 8058 
  0x0000023ac3df9e44: 0100 0001 | 0000 00e9 | 4500 0000 | 4981 b860 | 0100 0000 | 0000 0075 | 1749 89b0 | 6001 0000 
  0x0000023ac3df9e64: 49c7 8068 | 0100 0001 | 0000 00e9 | 2100 0000 | e91c 0000 

  0x0000023ac3df9e78: ;   {metadata(method data for {method} {0x0000023a8a2b42d8} 'throwParameterIsNullNPE' '(Ljava/lang/String;)V' in 'kotlin/jvm/internal/Intrinsics')}
  0x0000023ac3df9e78: 0049 b888 | 013f 8a3a | 0200 0049 | 83a8 4001 | 0000 01e9 | c60f 0000 | e900 0000 | 0048 3b00 
  0x0000023ac3df9e98: e947 1200 

  0x0000023ac3df9e9c: ;   {metadata(method data for {method} {0x0000023a8a2b52a0} 'sanitizeStackTrace' '(Ljava/lang/Throwable;)Ljava/lang/Throwable;' in 'kotlin/jvm/internal/Intrinsics')}
  0x0000023ac3df9e9c: 0048 ba68 | 083f 8a3a | 0200 0048 | 8382 4801 | 0000 0148 | 8bd0 4c8b 

  0x0000023ac3df9eb4: ;   {static_call}
  0x0000023ac3df9eb4: c666 90e8 

  0x0000023ac3df9eb8: ; ImmutableOopMap {[176]=Oop [192]=Oop [184]=Oop }
                      ;*invokestatic sanitizeStackTrace {reexecute=0 rethrow=0 return_oop=0}
                      ; - kotlin.jvm.internal.Intrinsics::sanitizeStackTrace@6 (line 253)
                      ; - kotlin.jvm.internal.Intrinsics::throwParameterIsNullNPE@11 (line 140)
                      ; - kotlin.jvm.internal.Intrinsics::checkNotNullParameter@5 (line 131)
                      ; - org.jetbrains.kotlin.incremental.classpathDiff.ClasspathEntrySnapshotter::snapshot@3
  0x0000023ac3df9eb8: c434 7103 | 488b bc24 | b800 0000 | 4c8b 8c24 | b000 0000 | 4c8b 8424 | c000 0000 | 4883 f800 
  0x0000023ac3df9ed8: ;   {metadata(method data for {method} {0x0000023a8a2b42d8} 'throwParameterIsNullNPE' '(Ljava/lang/String;)V' in 'kotlin/jvm/internal/Intrinsics')}
  0x0000023ac3df9ed8: 7516 48be | 8801 3f8a | 3a02 0000 | 808e 3901 | 0000 01e9 | d300 0000 

  0x0000023ac3df9ef0: ;   {metadata('java/lang/NullPointerException')}
  0x0000023ac3df9ef0: 48bb a0c4 | 08d7 3a02 | 0000 8b70 | 0849 ba00 | 0000 d73a | 0200 0049 | 03f2 483b | 5e50 0f85 
  0x0000023ac3df9f10: 9300 0000 

  0x0000023ac3df9f14: ;   {metadata(method data for {method} {0x0000023a8a2b42d8} 'throwParameterIsNullNPE' '(Ljava/lang/String;)V' in 'kotlin/jvm/internal/Intrinsics')}
  0x0000023ac3df9f14: 48be 8801 | 3f8a 3a02 | 0000 8b58 | 0849 ba00 | 0000 d73a | 0200 0049 | 03da 483b | 9e50 0100 
  0x0000023ac3df9f34: 0075 0d48 | 8386 5801 | 0000 01e9 | 7f00 0000 | 483b 9e60 | 0100 0075 | 0d48 8386 | 6801 0000 
  0x0000023ac3df9f54: 01e9 6900 | 0000 4881 | be50 0100 | 0000 0000 | 0075 1748 | 899e 5001 | 0000 48c7 | 8658 0100 
  0x0000023ac3df9f74: 0001 0000 | 00e9 4500 | 0000 4881 | be60 0100 | 0000 0000 | 0075 1748 | 899e 6001 | 0000 48c7 
  0x0000023ac3df9f94: 8668 0100 | 0001 0000 | 00e9 2100 | 0000 e91c 

  0x0000023ac3df9fa4: ;   {metadata(method data for {method} {0x0000023a8a2b42d8} 'throwParameterIsNullNPE' '(Ljava/lang/String;)V' in 'kotlin/jvm/internal/Intrinsics')}
  0x0000023ac3df9fa4: 0000 0048 | be88 013f | 8a3a 0200 | 0048 83ae | 4001 0000 | 01e9 a60e | 0000 e900 | 0000 0048 
  0x0000023ac3df9fc4: 3b00 e919 | 1100 0049 | 8b87 d803 | 0000 4d33 | d24d 8997 | d803 0000 | 4d33 d24d | 8997 e003 
  0x0000023ac3df9fe4: 0000 488b | 8424 9001 

  0x0000023ac3df9fec: ; ImmutableOopMap {[224]=Oop rax=Oop }
                      ;*athrow {reexecute=1 rethrow=0 return_oop=0}
                      ; - (reexecute) org.jetbrains.kotlin.incremental.classpathDiff.ClasspathEntrySnapshotter::snapshot@501 (line 316)
                      ;   {section_word}
  0x0000023ac3df9fec: 0000 48ba | ee9f dfc3 | 3a02 0000 

  0x0000023ac3df9ff8: ;   {runtime_call handle_exception_nofpu Runtime1 stub}
  0x0000023ac3df9ff8: e883 c37b | 0390 498b | 87d8 0300 | 004d 33d2 | 4d89 97d8 | 0300 004d | 33d2 4d89 | 97e0 0300 
  0x0000023ac3dfa018: 0083 fa00 

  0x0000023ac3dfa01c: ;   {metadata(method data for {method} {0x0000023a8a2b7f90} 'snapshot' '(Ljava/io/File;Lorg/jetbrains/kotlin/buildtools/api/jvm/ClassSnapshotGranularity;Lorg/jetbrains/kotlin/build/report/metrics/BuildMetricsReporter;)Lorg/jetbrains/kotlin/incremental/classpathDiff/ClasspathEntrySnapshot;' in 'org/jetbrains/kotlin/incremental/classpathDiff/ClasspathEntrySnapshotter')}
  0x0000023ac3dfa01c: 48ba 0080 | 778a 3a02 | 0000 48be | 980b 0000 | 0000 0000 | 0f85 0a00 | 0000 48be | a80b 0000 
  0x0000023ac3dfa03c: 0000 0000 | 488b 3c32 | 488d 7f01 | 4889 3c32 | 0f85 1201 | 0000 488b | b424 e000 | 0000 4883 
  0x0000023ac3dfa05c: ;   {metadata(method data for {method} {0x0000023a8a2b7f90} 'snapshot' '(Ljava/io/File;Lorg/jetbrains/kotlin/buildtools/api/jvm/ClassSnapshotGranularity;Lorg/jetbrains/kotlin/build/report/metrics/BuildMetricsReporter;)Lorg/jetbrains/kotlin/incremental/classpathDiff/ClasspathEntrySnapshot;' in 'org/jetbrains/kotlin/incremental/classpathDiff/ClasspathEntrySnapshotter')}
  0x0000023ac3dfa05c: fe00 48ba | 0080 778a | 3a02 0000 | 48bf b80b | 0000 0000 | 0000 0f84 | 0a00 0000 | 48bf c80b 
  0x0000023ac3dfa07c: 0000 0000 | 0000 488b | 1c3a 488d | 5b01 4889 | 1c3a 0f84 | d000 0000 | 4889 8424 | 9801 0000 
  0x0000023ac3dfa09c: ; implicit exception: dispatches to 0x0000023ac3dfae72
  0x0000023ac3dfa09c: 483b 0648 

  0x0000023ac3dfa0a0: ;   {metadata(method data for {method} {0x0000023a8a2b7f90} 'snapshot' '(Ljava/io/File;Lorg/jetbrains/kotlin/buildtools/api/jvm/ClassSnapshotGranularity;Lorg/jetbrains/kotlin/build/report/metrics/BuildMetricsReporter;)Lorg/jetbrains/kotlin/incremental/classpathDiff/ClasspathEntrySnapshot;' in 'org/jetbrains/kotlin/incremental/classpathDiff/ClasspathEntrySnapshotter')}
  0x0000023ac3dfa0a0: 8bd6 48bf | 0080 778a | 3a02 0000 | 8b52 0849 | ba00 0000 | d73a 0200 | 0049 03d2 | 483b 97e8 
  0x0000023ac3dfa0c0: 0b00 0075 | 0d48 8387 | f00b 0000 | 01e9 6600 | 0000 483b | 97f8 0b00 | 0075 0d48 | 8387 000c 
  0x0000023ac3dfa0e0: 0000 01e9 | 5000 0000 | 4881 bfe8 | 0b00 0000 | 0000 0075 | 1748 8997 | e80b 0000 | 48c7 87f0 
  0x0000023ac3dfa100: 0b00 0001 | 0000 00e9 | 2c00 0000 | 4881 bff8 | 0b00 0000 | 0000 0075 | 1748 8997 | f80b 0000 
  0x0000023ac3dfa120: 48c7 8700 | 0c00 0001 | 0000 00e9 | 0800 0000 | 4883 87d8 | 0b00 0001 | 488b d666 | 9048 b8ff 
  0x0000023ac3dfa140: ffff ffff 

  0x0000023ac3dfa144: ;   {virtual_call}
  0x0000023ac3dfa144: ffff ffe8 

  0x0000023ac3dfa148: ; ImmutableOopMap {[408]=Oop }
                      ;*invokeinterface close {reexecute=0 rethrow=0 return_oop=0}
                      ; - org.jetbrains.kotlin.incremental.classpathDiff.ClasspathEntrySnapshotter::snapshot@515 (line 309)
  0x0000023ac3dfa148: 342f 7103 

  0x0000023ac3dfa14c: ;   {metadata(method data for {method} {0x0000023a8a2b7f90} 'snapshot' '(Ljava/io/File;Lorg/jetbrains/kotlin/buildtools/api/jvm/ClassSnapshotGranularity;Lorg/jetbrains/kotlin/build/report/metrics/BuildMetricsReporter;)Lorg/jetbrains/kotlin/incremental/classpathDiff/ClasspathEntrySnapshot;' in 'org/jetbrains/kotlin/incremental/classpathDiff/ClasspathEntrySnapshotter')}
  0x0000023ac3dfa14c: 48b8 0080 | 778a 3a02 | 0000 ff80 | 100c 0000 | 488b 8424 | 9801 0000 | e97b 0f00 

  0x0000023ac3dfa168: ;   {metadata({method} {0x0000023a8a2b7f90} 'snapshot' '(Ljava/io/File;Lorg/jetbrains/kotlin/buildtools/api/jvm/ClassSnapshotGranularity;Lorg/jetbrains/kotlin/build/report/metrics/BuildMetricsReporter;)Lorg/jetbrains/kotlin/incremental/classpathDiff/ClasspathEntrySnapshot;' in 'org/jetbrains/kotlin/incremental/classpathDiff/ClasspathEntrySnapshotter')}
  0x0000023ac3dfa168: 0049 ba88 | 7f2b 8a3a | 0200 004c | 8954 2408 | 48c7 0424 | ffff ffff 

  0x0000023ac3dfa180: ;   {runtime_call counter_overflow Runtime1 stub}
  0x0000023ac3dfa180: e8fb fa7b 

  0x0000023ac3dfa184: ; ImmutableOopMap {rdx=Oop r8=Oop [192]=Oop r9=Oop [176]=Oop rdi=Oop [184]=Oop }
                      ;*synchronization entry
                      ; - org.jetbrains.kotlin.incremental.classpathDiff.ClasspathEntrySnapshotter::snapshot@-1
  0x0000023ac3dfa184: 03e9 24b6 

  0x0000023ac3dfa188: ;   {metadata({method} {0x0000023a8a2b4178} 'checkNotNullParameter' '(Ljava/lang/Object;Ljava/lang/String;)V' in 'kotlin/jvm/internal/Intrinsics')}
  0x0000023ac3dfa188: ffff 49ba | 7041 2b8a | 3a02 0000 | 4c89 5424 | 0848 c704 | 24ff ffff 

  0x0000023ac3dfa1a0: ;   {runtime_call counter_overflow Runtime1 stub}
  0x0000023ac3dfa1a0: ffe8 dafa 

  0x0000023ac3dfa1a4: ; ImmutableOopMap {r8=Oop [192]=Oop r9=Oop [176]=Oop rdi=Oop [184]=Oop }
                      ;*synchronization entry
                      ; - kotlin.jvm.internal.Intrinsics::checkNotNullParameter@-1 (line 130)
                      ; - org.jetbrains.kotlin.incremental.classpathDiff.ClasspathEntrySnapshotter::snapshot@3
  0x0000023ac3dfa1a4: 7b03 e93d 

  0x0000023ac3dfa1a8: ;   {metadata({method} {0x0000023a8a2b42d8} 'throwParameterIsNullNPE' '(Ljava/lang/String;)V' in 'kotlin/jvm/internal/Intrinsics')}
  0x0000023ac3dfa1a8: b6ff ff49 | bad0 422b | 8a3a 0200 | 004c 8954 | 2408 48c7 | 0424 ffff 

  0x0000023ac3dfa1c0: ;   {runtime_call counter_overflow Runtime1 stub}
  0x0000023ac3dfa1c0: ffff e8b9 

  0x0000023ac3dfa1c4: ; ImmutableOopMap {[192]=Oop [184]=Oop [176]=Oop }
                      ;*synchronization entry
                      ; - kotlin.jvm.internal.Intrinsics::throwParameterIsNullNPE@-1 (line 140)
                      ; - kotlin.jvm.internal.Intrinsics::checkNotNullParameter@5 (line 131)
                      ; - org.jetbrains.kotlin.incremental.classpathDiff.ClasspathEntrySnapshotter::snapshot@3
  0x0000023ac3dfa1c4: fa7b 03e9 | 90b6 ffff 

  0x0000023ac3dfa1cc: ;   {metadata(NULL)}
  0x0000023ac3dfa1cc: 48ba 0000 | 0000 0000 | 0000 b800 

  0x0000023ac3dfa1d8: ;   {runtime_call load_klass_patching Runtime1 stub}
  0x0000023ac3dfa1d8: 0f05 0ae8 

  0x0000023ac3dfa1dc: ; ImmutableOopMap {[192]=Oop [184]=Oop [176]=Oop }
                      ;*new {reexecute=1 rethrow=0 return_oop=0}
                      ; - (reexecute) kotlin.jvm.internal.Intrinsics::throwParameterIsNullNPE@0 (line 140)
                      ; - kotlin.jvm.internal.Intrinsics::checkNotNullParameter@5 (line 131)
                      ; - org.jetbrains.kotlin.incremental.classpathDiff.ClasspathEntrySnapshotter::snapshot@3
  0x0000023ac3dfa1dc: 20ea 7b03 | e97b b6ff | ff48 8bd2 

  0x0000023ac3dfa1e8: ;   {runtime_call fast_new_instance Runtime1 stub}
  0x0000023ac3dfa1e8: e893 b27b 

  0x0000023ac3dfa1ec: ; ImmutableOopMap {[192]=Oop [176]=Oop [184]=Oop }
                      ;*new {reexecute=0 rethrow=0 return_oop=0}
                      ; - kotlin.jvm.internal.Intrinsics::throwParameterIsNullNPE@0 (line 140)
                      ; - kotlin.jvm.internal.Intrinsics::checkNotNullParameter@5 (line 131)
                      ; - org.jetbrains.kotlin.incremental.classpathDiff.ClasspathEntrySnapshotter::snapshot@3
  0x0000023ac3dfa1ec: 03e9 cab6 

  0x0000023ac3dfa1f0: ;   {metadata({method} {0x0000023a8a2b52a0} 'sanitizeStackTrace' '(Ljava/lang/Throwable;)Ljava/lang/Throwable;' in 'kotlin/jvm/internal/Intrinsics')}
  0x0000023ac3dfa1f0: ffff 49ba | 9852 2b8a | 3a02 0000 | 4c89 5424 | 0848 c704 | 24ff ffff 

  0x0000023ac3dfa208: ;   {runtime_call counter_overflow Runtime1 stub}
  0x0000023ac3dfa208: ffe8 72fa 

  0x0000023ac3dfa20c: ; ImmutableOopMap {[168]=Oop [184]=Oop [192]=Oop [176]=Oop }
                      ;*synchronization entry
                      ; - kotlin.jvm.internal.Intrinsics::sanitizeStackTrace@-1 (line 253)
                      ; - kotlin.jvm.internal.Intrinsics::throwParameterIsNullNPE@11 (line 140)
                      ; - kotlin.jvm.internal.Intrinsics::checkNotNullParameter@5 (line 131)
                      ; - org.jetbrains.kotlin.incremental.classpathDiff.ClasspathEntrySnapshotter::snapshot@3
  0x0000023ac3dfa20c: 7b03 e943 

  0x0000023ac3dfa210: ;   {metadata({method} {0x0000023ad7445570} 'getName' '()Ljava/lang/String;' in 'java/lang/Class')}
  0x0000023ac3dfa210: b7ff ff49 | ba68 5544 | d73a 0200 | 004c 8954 | 2408 48c7 | 0424 ffff 

  0x0000023ac3dfa228: ;   {runtime_call counter_overflow Runtime1 stub}
  0x0000023ac3dfa228: ffff e851 

  0x0000023ac3dfa22c: ; ImmutableOopMap {[168]=Oop [184]=Oop [192]=Oop [176]=Oop rdx=Oop }
                      ;*synchronization entry
                      ; - java.lang.Class::getName@-1 (line 862)
                      ; - kotlin.jvm.internal.Intrinsics::sanitizeStackTrace@3 (line 253)
                      ; - kotlin.jvm.internal.Intrinsics::throwParameterIsNullNPE@11 (line 140)
                      ; - kotlin.jvm.internal.Intrinsics::checkNotNullParameter@5 (line 131)
                      ; - org.jetbrains.kotlin.incremental.classpathDiff.ClasspathEntrySnapshotter::snapshot@3
  0x0000023ac3dfa22c: fa7b 03e9 | 69b7 ffff 

  0x0000023ac3dfa234: ;   {runtime_call throw_null_pointer_exception Runtime1 stub}
  0x0000023ac3dfa234: e867 a97b 

  0x0000023ac3dfa238: ; ImmutableOopMap {[168]=Oop [184]=Oop [192]=Oop [176]=Oop }
                      ;*getfield name {reexecute=1 rethrow=0 return_oop=0}
                      ; - (reexecute) java.lang.Class::getName@1 (line 862)
                      ; - kotlin.jvm.internal.Intrinsics::sanitizeStackTrace@3 (line 253)
                      ; - kotlin.jvm.internal.Intrinsics::throwParameterIsNullNPE@11 (line 140)
                      ; - kotlin.jvm.internal.Intrinsics::checkNotNullParameter@5 (line 131)
                      ; - org.jetbrains.kotlin.incremental.classpathDiff.ClasspathEntrySnapshotter::snapshot@3
                      ;   {metadata({method} {0x0000023a8a2b4178} 'checkNotNullParameter' '(Ljava/lang/Object;Ljava/lang/String;)V' in 'kotlin/jvm/internal/Intrinsics')}
  0x0000023ac3dfa238: 0349 ba70 | 412b 8a3a | 0200 004c | 8954 2408 | 48c7 0424 | ffff ffff 

  0x0000023ac3dfa250: ;   {runtime_call counter_overflow Runtime1 stub}
  0x0000023ac3dfa250: e82b fa7b 

  0x0000023ac3dfa254: ; ImmutableOopMap {[184]=Oop [192]=Oop r9=Oop [176]=Oop }
                      ;*synchronization entry
                      ; - kotlin.jvm.internal.Intrinsics::checkNotNullParameter@-1 (line 130)
                      ; - org.jetbrains.kotlin.incremental.classpathDiff.ClasspathEntrySnapshotter::snapshot@9
  0x0000023ac3dfa254: 03e9 0cb8 

  0x0000023ac3dfa258: ;   {metadata({method} {0x0000023a8a2b42d8} 'throwParameterIsNullNPE' '(Ljava/lang/String;)V' in 'kotlin/jvm/internal/Intrinsics')}
  0x0000023ac3dfa258: ffff 49ba | d042 2b8a | 3a02 0000 | 4c89 5424 | 0848 c704 | 24ff ffff 

  0x0000023ac3dfa270: ;   {runtime_call counter_overflow Runtime1 stub}
  0x0000023ac3dfa270: ffe8 0afa 

  0x0000023ac3dfa274: ; ImmutableOopMap {[184]=Oop [192]=Oop [176]=Oop }
                      ;*synchronization entry
                      ; - kotlin.jvm.internal.Intrinsics::throwParameterIsNullNPE@-1 (line 140)
                      ; - kotlin.jvm.internal.Intrinsics::checkNotNullParameter@5 (line 131)
                      ; - org.jetbrains.kotlin.incremental.classpathDiff.ClasspathEntrySnapshotter::snapshot@9
  0x0000023ac3dfa274: 7b03 e95f 

  0x0000023ac3dfa278: ;   {metadata(NULL)}
  0x0000023ac3dfa278: b8ff ff48 | ba00 0000 | 0000 0000 | 00b8 000f 

  0x0000023ac3dfa288: ;   {runtime_call load_klass_patching Runtime1 stub}
  0x0000023ac3dfa288: 050a e871 

  0x0000023ac3dfa28c: ; ImmutableOopMap {[184]=Oop [192]=Oop [176]=Oop }
                      ;*new {reexecute=1 rethrow=0 return_oop=0}
                      ; - (reexecute) kotlin.jvm.internal.Intrinsics::throwParameterIsNullNPE@0 (line 140)
                      ; - kotlin.jvm.internal.Intrinsics::checkNotNullParameter@5 (line 131)
                      ; - org.jetbrains.kotlin.incremental.classpathDiff.ClasspathEntrySnapshotter::snapshot@9
  0x0000023ac3dfa28c: e97b 03e9 | 4cb8 ffff 

  0x0000023ac3dfa294: ;   {runtime_call fast_new_instance Runtime1 stub}
  0x0000023ac3dfa294: 488b d2e8 

  0x0000023ac3dfa298: ; ImmutableOopMap {[184]=Oop [192]=Oop [176]=Oop }
                      ;*new {reexecute=0 rethrow=0 return_oop=0}
                      ; - kotlin.jvm.internal.Intrinsics::throwParameterIsNullNPE@0 (line 140)
                      ; - kotlin.jvm.internal.Intrinsics::checkNotNullParameter@5 (line 131)
                      ; - org.jetbrains.kotlin.incremental.classpathDiff.ClasspathEntrySnapshotter::snapshot@9
  0x0000023ac3dfa298: e4b1 7b03 | e99b b8ff 

  0x0000023ac3dfa2a0: ;   {metadata({method} {0x0000023a8a2b52a0} 'sanitizeStackTrace' '(Ljava/lang/Throwable;)Ljava/lang/Throwable;' in 'kotlin/jvm/internal/Intrinsics')}
  0x0000023ac3dfa2a0: ff49 ba98 | 522b 8a3a | 0200 004c | 8954 2408 | 48c7 0424 | ffff ffff 

  0x0000023ac3dfa2b8: ;   {runtime_call counter_overflow Runtime1 stub}
  0x0000023ac3dfa2b8: e8c3 f97b 

  0x0000023ac3dfa2bc: ; ImmutableOopMap {[184]=Oop [192]=Oop [200]=Oop [176]=Oop }
                      ;*synchronization entry
                      ; - kotlin.jvm.internal.Intrinsics::sanitizeStackTrace@-1 (line 253)
                      ; - kotlin.jvm.internal.Intrinsics::throwParameterIsNullNPE@11 (line 140)
                      ; - kotlin.jvm.internal.Intrinsics::checkNotNullParameter@5 (line 131)
                      ; - org.jetbrains.kotlin.incremental.classpathDiff.ClasspathEntrySnapshotter::snapshot@9
  0x0000023ac3dfa2bc: 03e9 14b9 

  0x0000023ac3dfa2c0: ;   {metadata({method} {0x0000023ad7445570} 'getName' '()Ljava/lang/String;' in 'java/lang/Class')}
  0x0000023ac3dfa2c0: ffff 49ba | 6855 44d7 | 3a02 0000 | 4c89 5424 | 0848 c704 | 24ff ffff 

  0x0000023ac3dfa2d8: ;   {runtime_call counter_overflow Runtime1 stub}
  0x0000023ac3dfa2d8: ffe8 a2f9 

  0x0000023ac3dfa2dc: ; ImmutableOopMap {[184]=Oop [192]=Oop [200]=Oop [176]=Oop rdx=Oop }
                      ;*synchronization entry
                      ; - java.lang.Class::getName@-1 (line 862)
                      ; - kotlin.jvm.internal.Intrinsics::sanitizeStackTrace@3 (line 253)
                      ; - kotlin.jvm.internal.Intrinsics::throwParameterIsNullNPE@11 (line 140)
                      ; - kotlin.jvm.internal.Intrinsics::checkNotNullParameter@5 (line 131)
                      ; - org.jetbrains.kotlin.incremental.classpathDiff.ClasspathEntrySnapshotter::snapshot@9
  0x0000023ac3dfa2dc: 7b03 e93a 

  0x0000023ac3dfa2e0: ;   {runtime_call throw_null_pointer_exception Runtime1 stub}
  0x0000023ac3dfa2e0: b9ff ffe8 

  0x0000023ac3dfa2e4: ; ImmutableOopMap {[184]=Oop [192]=Oop [200]=Oop [176]=Oop }
                      ;*getfield name {reexecute=1 rethrow=0 return_oop=0}
                      ; - (reexecute) java.lang.Class::getName@1 (line 862)
                      ; - kotlin.jvm.internal.Intrinsics::sanitizeStackTrace@3 (line 253)
                      ; - kotlin.jvm.internal.Intrinsics::throwParameterIsNullNPE@11 (line 140)
                      ; - kotlin.jvm.internal.Intrinsics::checkNotNullParameter@5 (line 131)
                      ; - org.jetbrains.kotlin.incremental.classpathDiff.ClasspathEntrySnapshotter::snapshot@9
  0x0000023ac3dfa2e4: b8a8 7b03 

  0x0000023ac3dfa2e8: ;   {metadata({method} {0x0000023a8a2b4178} 'checkNotNullParameter' '(Ljava/lang/Object;Ljava/lang/String;)V' in 'kotlin/jvm/internal/Intrinsics')}
  0x0000023ac3dfa2e8: 49ba 7041 | 2b8a 3a02 | 0000 4c89 | 5424 0848 | c704 24ff 

  0x0000023ac3dfa2fc: ;   {runtime_call counter_overflow Runtime1 stub}
  0x0000023ac3dfa2fc: ffff ffe8 

  0x0000023ac3dfa300: ; ImmutableOopMap {[192]=Oop [176]=Oop rdi=Oop [184]=Oop }
                      ;*synchronization entry
                      ; - kotlin.jvm.internal.Intrinsics::checkNotNullParameter@-1 (line 130)
                      ; - org.jetbrains.kotlin.incremental.classpathDiff.ClasspathEntrySnapshotter::snapshot@15
  0x0000023ac3dfa300: 7cf9 7b03 | e9e5 b9ff 

  0x0000023ac3dfa308: ;   {metadata({method} {0x0000023a8a2b42d8} 'throwParameterIsNullNPE' '(Ljava/lang/String;)V' in 'kotlin/jvm/internal/Intrinsics')}
  0x0000023ac3dfa308: ff49 bad0 | 422b 8a3a | 0200 004c | 8954 2408 | 48c7 0424 | ffff ffff 

  0x0000023ac3dfa320: ;   {runtime_call counter_overflow Runtime1 stub}
  0x0000023ac3dfa320: e85b f97b 

  0x0000023ac3dfa324: ; ImmutableOopMap {[192]=Oop [176]=Oop [184]=Oop }
                      ;*synchronization entry
                      ; - kotlin.jvm.internal.Intrinsics::throwParameterIsNullNPE@-1 (line 140)
                      ; - kotlin.jvm.internal.Intrinsics::checkNotNullParameter@5 (line 131)
                      ; - org.jetbrains.kotlin.incremental.classpathDiff.ClasspathEntrySnapshotter::snapshot@15
  0x0000023ac3dfa324: 03e9 38ba 

  0x0000023ac3dfa328: ;   {metadata(NULL)}
  0x0000023ac3dfa328: ffff 48ba | 0000 0000 | 0000 0000 | b800 0f05 

  0x0000023ac3dfa338: ;   {runtime_call load_klass_patching Runtime1 stub}
  0x0000023ac3dfa338: 0ae8 c2e8 

  0x0000023ac3dfa33c: ; ImmutableOopMap {[192]=Oop [176]=Oop [184]=Oop }
                      ;*new {reexecute=1 rethrow=0 return_oop=0}
                      ; - (reexecute) kotlin.jvm.internal.Intrinsics::throwParameterIsNullNPE@0 (line 140)
                      ; - kotlin.jvm.internal.Intrinsics::checkNotNullParameter@5 (line 131)
                      ; - org.jetbrains.kotlin.incremental.classpathDiff.ClasspathEntrySnapshotter::snapshot@15
  0x0000023ac3dfa33c: 7b03 e925 | baff ff48 

  0x0000023ac3dfa344: ;   {runtime_call fast_new_instance Runtime1 stub}
  0x0000023ac3dfa344: 8bd2 e835 

  0x0000023ac3dfa348: ; ImmutableOopMap {[192]=Oop [176]=Oop [184]=Oop }
                      ;*new {reexecute=0 rethrow=0 return_oop=0}
                      ; - kotlin.jvm.internal.Intrinsics::throwParameterIsNullNPE@0 (line 140)
                      ; - kotlin.jvm.internal.Intrinsics::checkNotNullParameter@5 (line 131)
                      ; - org.jetbrains.kotlin.incremental.classpathDiff.ClasspathEntrySnapshotter::snapshot@15
  0x0000023ac3dfa348: b17b 03e9 | 74ba ffff 

  0x0000023ac3dfa350: ;   {metadata({method} {0x0000023a8a2b52a0} 'sanitizeStackTrace' '(Ljava/lang/Throwable;)Ljava/lang/Throwable;' in 'kotlin/jvm/internal/Intrinsics')}
  0x0000023ac3dfa350: 49ba 9852 | 2b8a 3a02 | 0000 4c89 | 5424 0848 | c704 24ff 

  0x0000023ac3dfa364: ;   {runtime_call counter_overflow Runtime1 stub}
  0x0000023ac3dfa364: ffff ffe8 

  0x0000023ac3dfa368: ; ImmutableOopMap {[192]=Oop [176]=Oop [184]=Oop [208]=Oop }
                      ;*synchronization entry
                      ; - kotlin.jvm.internal.Intrinsics::sanitizeStackTrace@-1 (line 253)
                      ; - kotlin.jvm.internal.Intrinsics::throwParameterIsNullNPE@11 (line 140)
                      ; - kotlin.jvm.internal.Intrinsics::checkNotNullParameter@5 (line 131)
                      ; - org.jetbrains.kotlin.incremental.classpathDiff.ClasspathEntrySnapshotter::snapshot@15
  0x0000023ac3dfa368: 14f9 7b03 | e9ed baff 

  0x0000023ac3dfa370: ;   {metadata({method} {0x0000023ad7445570} 'getName' '()Ljava/lang/String;' in 'java/lang/Class')}
  0x0000023ac3dfa370: ff49 ba68 | 5544 d73a | 0200 004c | 8954 2408 | 48c7 0424 | ffff ffff 

  0x0000023ac3dfa388: ;   {runtime_call counter_overflow Runtime1 stub}
  0x0000023ac3dfa388: e8f3 f87b 

  0x0000023ac3dfa38c: ; ImmutableOopMap {[192]=Oop [176]=Oop [184]=Oop [208]=Oop rdx=Oop }
                      ;*synchronization entry
                      ; - java.lang.Class::getName@-1 (line 862)
                      ; - kotlin.jvm.internal.Intrinsics::sanitizeStackTrace@3 (line 253)
                      ; - kotlin.jvm.internal.Intrinsics::throwParameterIsNullNPE@11 (line 140)
                      ; - kotlin.jvm.internal.Intrinsics::checkNotNullParameter@5 (line 131)
                      ; - org.jetbrains.kotlin.incremental.classpathDiff.ClasspathEntrySnapshotter::snapshot@15
  0x0000023ac3dfa38c: 03e9 13bb 

  0x0000023ac3dfa390: ;   {runtime_call throw_null_pointer_exception Runtime1 stub}
  0x0000023ac3dfa390: ffff e809 

  0x0000023ac3dfa394: ; ImmutableOopMap {[192]=Oop [176]=Oop [184]=Oop [208]=Oop }
                      ;*getfield name {reexecute=1 rethrow=0 return_oop=0}
                      ; - (reexecute) java.lang.Class::getName@1 (line 862)
                      ; - kotlin.jvm.internal.Intrinsics::sanitizeStackTrace@3 (line 253)
                      ; - kotlin.jvm.internal.Intrinsics::throwParameterIsNullNPE@11 (line 140)
                      ; - kotlin.jvm.internal.Intrinsics::checkNotNullParameter@5 (line 131)
                      ; - org.jetbrains.kotlin.incremental.classpathDiff.ClasspathEntrySnapshotter::snapshot@15
  0x0000023ac3dfa394: a87b 0348 

  0x0000023ac3dfa398: ;   {runtime_call throw_class_cast_exception Runtime1 stub}
  0x0000023ac3dfa398: 8904 24e8 

  0x0000023ac3dfa39c: ; ImmutableOopMap {[192]=Oop [176]=Oop [184]=Oop }
                      ;*checkcast {reexecute=0 rethrow=0 return_oop=0}
                      ; - org.jetbrains.kotlin.incremental.classpathDiff.ClasspathEntrySnapshotter::snapshot@25 (line 47)
  0x0000023ac3dfa39c: 00cc 7b03 | 4889 3424 

  0x0000023ac3dfa3a4: ;   {runtime_call throw_class_cast_exception Runtime1 stub}
  0x0000023ac3dfa3a4: e8f7 cb7b 

  0x0000023ac3dfa3a8: ; ImmutableOopMap {[192]=Oop [176]=Oop rsi=Oop [224]=Oop rdi=Oop [184]=Oop }
                      ;*checkcast {reexecute=0 rethrow=0 return_oop=0}
                      ; - org.jetbrains.kotlin.incremental.classpathDiff.ClasspathEntrySnapshotter::snapshot@39 (line 290)
                      ;   {runtime_call throw_incompatible_class_change_error Runtime1 stub}
  0x0000023ac3dfa3a8: 03e8 f2ce 

  0x0000023ac3dfa3ac: ; ImmutableOopMap {[192]=Oop [176]=Oop rsi=Oop [224]=Oop rdi=Oop [184]=Oop rbx=Oop [216]=Oop }
                      ;*invokeinterface startMeasure {reexecute=0 rethrow=0 return_oop=0}
                      ; - org.jetbrains.kotlin.incremental.classpathDiff.ClasspathEntrySnapshotter::snapshot@65 (line 291)
                      ;   {runtime_call throw_null_pointer_exception Runtime1 stub}
  0x0000023ac3dfa3ac: 7b03 e8ed 

  0x0000023ac3dfa3b0: ; ImmutableOopMap {[192]=Oop [176]=Oop rsi=Oop [224]=Oop rdi=Oop [184]=Oop rbx=Oop [216]=Oop }
                      ;*invokeinterface startMeasure {reexecute=0 rethrow=0 return_oop=0}
                      ; - org.jetbrains.kotlin.incremental.classpathDiff.ClasspathEntrySnapshotter::snapshot@65 (line 291)
                      ;   {metadata({method} {0x0000023a8a2bb318} 'startMeasure' '(Lorg/jetbrains/kotlin/build/report/metrics/BuildTime;)V' in 'org/jetbrains/kotlin/build/report/metrics/DoNothingBuildMetricsReporter')}
  0x0000023ac3dfa3b0: a77b 0349 | ba10 b32b | 8a3a 0200 | 004c 8954 | 2408 48c7 | 0424 ffff 

  0x0000023ac3dfa3c8: ;   {runtime_call counter_overflow Runtime1 stub}
  0x0000023ac3dfa3c8: ffff e8b1 

  0x0000023ac3dfa3cc: ; ImmutableOopMap {[192]=Oop [176]=Oop rsi=Oop [224]=Oop rdi=Oop [184]=Oop rbx=Oop [216]=Oop }
                      ;*synchronization entry
                      ; - org.jetbrains.kotlin.build.report.metrics.DoNothingBuildMetricsReporter::startMeasure@-1 (line 8)
                      ; - org.jetbrains.kotlin.incremental.classpathDiff.ClasspathEntrySnapshotter::snapshot@65 (line 291)
  0x0000023ac3dfa3cc: f87b 03e9 | 39be ffff 

  0x0000023ac3dfa3d4: ;   {metadata({method} {0x0000023a8a2bab20} 'startMeasure' '(Lorg/jetbrains/kotlin/build/report/metrics/GradleBuildTime;)V' in 'org/jetbrains/kotlin/build/report/metrics/DoNothingBuildMetricsReporter')}
  0x0000023ac3dfa3d4: 49ba 18ab | 2b8a 3a02 | 0000 4c89 | 5424 0848 | c704 24ff 

  0x0000023ac3dfa3e8: ;   {runtime_call counter_overflow Runtime1 stub}
  0x0000023ac3dfa3e8: ffff ffe8 

  0x0000023ac3dfa3ec: ; ImmutableOopMap {[192]=Oop [176]=Oop rsi=Oop [224]=Oop rdi=Oop [184]=Oop rbx=Oop [216]=Oop }
                      ;*synchronization entry
                      ; - org.jetbrains.kotlin.build.report.metrics.DoNothingBuildMetricsReporter::startMeasure@-1
                      ; - org.jetbrains.kotlin.build.report.metrics.DoNothingBuildMetricsReporter::startMeasure@5 (line 8)
                      ; - org.jetbrains.kotlin.incremental.classpathDiff.ClasspathEntrySnapshotter::snapshot@65 (line 291)
  0x0000023ac3dfa3ec: 90f8 7b03 | e957 beff 

  0x0000023ac3dfa3f4: ;   {metadata({method} {0x0000023a8a2b4178} 'checkNotNullParameter' '(Ljava/lang/Object;Ljava/lang/String;)V' in 'kotlin/jvm/internal/Intrinsics')}
  0x0000023ac3dfa3f4: ff49 ba70 | 412b 8a3a | 0200 004c | 8954 2408 | 48c7 0424 | ffff ffff 

  0x0000023ac3dfa40c: ;   {runtime_call counter_overflow Runtime1 stub}
  0x0000023ac3dfa40c: e86f f87b 

  0x0000023ac3dfa410: ; ImmutableOopMap {[192]=Oop [176]=Oop rsi=Oop [224]=Oop rdi=Oop [184]=Oop rbx=Oop [216]=Oop }
                      ;*synchronization entry
                      ; - kotlin.jvm.internal.Intrinsics::checkNotNullParameter@-1 (line 130)
                      ; - org.jetbrains.kotlin.build.report.metrics.DoNothingBuildMetricsReporter::startMeasure@3
                      ; - org.jetbrains.kotlin.build.report.metrics.DoNothingBuildMetricsReporter::startMeasure@5 (line 8)
                      ; - org.jetbrains.kotlin.incremental.classpathDiff.ClasspathEntrySnapshotter::snapshot@65 (line 291)
  0x0000023ac3dfa410: 03e9 72be 

  0x0000023ac3dfa414: ;   {runtime_call throw_incompatible_class_change_error Runtime1 stub}
  0x0000023ac3dfa414: ffff e885 

  0x0000023ac3dfa418: ; ImmutableOopMap {[192]=Oop [176]=Oop rbx=Oop [216]=Oop [224]=Oop [184]=Oop }
                      ;*invokeinterface getUnixStyleRelativePaths {reexecute=0 rethrow=0 return_oop=0}
                      ; - org.jetbrains.kotlin.incremental.classpathDiff.ClasspathEntrySnapshotter::snapshot@79 (line 49)
                      ;   {runtime_call throw_null_pointer_exception Runtime1 stub}
  0x0000023ac3dfa418: ce7b 03e8 

  0x0000023ac3dfa41c: ; ImmutableOopMap {[192]=Oop [176]=Oop rbx=Oop [216]=Oop [224]=Oop [184]=Oop }
                      ;*invokeinterface getUnixStyleRelativePaths {reexecute=0 rethrow=0 return_oop=0}
                      ; - org.jetbrains.kotlin.incremental.classpathDiff.ClasspathEntrySnapshotter::snapshot@79 (line 49)
  0x0000023ac3dfa41c: 80a7 7b03 | 4889 0424 

  0x0000023ac3dfa424: ;   {runtime_call throw_class_cast_exception Runtime1 stub}
  0x0000023ac3dfa424: e877 cb7b 

  0x0000023ac3dfa428: ; ImmutableOopMap {[192]=Oop [176]=Oop [216]=Oop [184]=Oop [224]=Oop }
                      ;*checkcast {reexecute=0 rethrow=0 return_oop=0}
                      ; - org.jetbrains.kotlin.incremental.classpathDiff.ClasspathEntrySnapshotter::snapshot@84 (line 49)
  0x0000023ac3dfa428: 0348 8bd2 

  0x0000023ac3dfa42c: ;   {runtime_call fast_new_instance Runtime1 stub}
  0x0000023ac3dfa42c: e84f b07b 

  0x0000023ac3dfa430: ; ImmutableOopMap {[192]=Oop [176]=Oop [216]=Oop [184]=Oop [224]=Oop rbx=Oop [240]=Oop }
                      ;*new {reexecute=0 rethrow=0 return_oop=0}
                      ; - org.jetbrains.kotlin.incremental.classpathDiff.ClasspathEntrySnapshotter::snapshot@96 (line 294)
  0x0000023ac3dfa430: 03e9 2bc0 

  0x0000023ac3dfa434: ;   {metadata({method} {0x0000023a8a323cc8} 'collectionSizeOrDefault' '(Ljava/lang/Iterable;I)I' in 'kotlin/collections/CollectionsKt__IterablesKt')}
  0x0000023ac3dfa434: ffff 49ba | c03c 328a | 3a02 0000 | 4c89 5424 | 0848 c704 | 24ff ffff 

  0x0000023ac3dfa44c: ;   {runtime_call counter_overflow Runtime1 stub}
  0x0000023ac3dfa44c: ffe8 2ef8 

  0x0000023ac3dfa450: ; ImmutableOopMap {[192]=Oop [176]=Oop [216]=Oop [184]=Oop [224]=Oop rbx=Oop [240]=Oop rax=Oop [248]=Oop }
                      ;*synchronization entry
                      ; - kotlin.collections.CollectionsKt__IterablesKt::collectionSizeOrDefault@-1
                      ; - org.jetbrains.kotlin.incremental.classpathDiff.ClasspathEntrySnapshotter::snapshot@104 (line 294)
  0x0000023ac3dfa450: 7b03 e94c 

  0x0000023ac3dfa454: ;   {metadata({method} {0x0000023a8a2b4178} 'checkNotNullParameter' '(Ljava/lang/Object;Ljava/lang/String;)V' in 'kotlin/jvm/internal/Intrinsics')}
  0x0000023ac3dfa454: c0ff ff49 | ba70 412b | 8a3a 0200 | 004c 8954 | 2408 48c7 | 0424 ffff 

  0x0000023ac3dfa46c: ;   {runtime_call counter_overflow Runtime1 stub}
  0x0000023ac3dfa46c: ffff e80d 

  0x0000023ac3dfa470: ; ImmutableOopMap {[192]=Oop [176]=Oop [216]=Oop [184]=Oop [224]=Oop rbx=Oop [240]=Oop rax=Oop [248]=Oop }
                      ;*synchronization entry
                      ; - kotlin.jvm.internal.Intrinsics::checkNotNullParameter@-1 (line 130)
                      ; - kotlin.collections.CollectionsKt__IterablesKt::collectionSizeOrDefault@3
                      ; - org.jetbrains.kotlin.incremental.classpathDiff.ClasspathEntrySnapshotter::snapshot@104 (line 294)
  0x0000023ac3dfa470: f87b 03e9 | 65c0 ffff 

  0x0000023ac3dfa478: ;   {metadata({method} {0x0000023a8a2b42d8} 'throwParameterIsNullNPE' '(Ljava/lang/String;)V' in 'kotlin/jvm/internal/Intrinsics')}
  0x0000023ac3dfa478: 49ba d042 | 2b8a 3a02 | 0000 4c89 | 5424 0848 | c704 24ff 

  0x0000023ac3dfa48c: ;   {runtime_call counter_overflow Runtime1 stub}
  0x0000023ac3dfa48c: ffff ffe8 

  0x0000023ac3dfa490: ; ImmutableOopMap {[192]=Oop [176]=Oop [216]=Oop [184]=Oop [224]=Oop [240]=Oop [248]=Oop }
                      ;*synchronization entry
                      ; - kotlin.jvm.internal.Intrinsics::throwParameterIsNullNPE@-1 (line 140)
                      ; - kotlin.jvm.internal.Intrinsics::checkNotNullParameter@5 (line 131)
                      ; - kotlin.collections.CollectionsKt__IterablesKt::collectionSizeOrDefault@3
                      ; - org.jetbrains.kotlin.incremental.classpathDiff.ClasspathEntrySnapshotter::snapshot@104 (line 294)
  0x0000023ac3dfa490: ecf7 7b03 | e9b8 c0ff 

  0x0000023ac3dfa498: ;   {metadata(NULL)}
  0x0000023ac3dfa498: ff48 ba00 | 0000 0000 | 0000 00b8 | 000f 050a 

  0x0000023ac3dfa4a8: ;   {runtime_call load_klass_patching Runtime1 stub}
  0x0000023ac3dfa4a8: e853 e77b 

  0x0000023ac3dfa4ac: ; ImmutableOopMap {[192]=Oop [176]=Oop [216]=Oop [184]=Oop [224]=Oop [240]=Oop [248]=Oop }
                      ;*new {reexecute=1 rethrow=0 return_oop=0}
                      ; - (reexecute) kotlin.jvm.internal.Intrinsics::throwParameterIsNullNPE@0 (line 140)
                      ; - kotlin.jvm.internal.Intrinsics::checkNotNullParameter@5 (line 131)
                      ; - kotlin.collections.CollectionsKt__IterablesKt::collectionSizeOrDefault@3
                      ; - org.jetbrains.kotlin.incremental.classpathDiff.ClasspathEntrySnapshotter::snapshot@104 (line 294)
  0x0000023ac3dfa4ac: 03e9 a6c0 | ffff 488b 

  0x0000023ac3dfa4b4: ;   {runtime_call fast_new_instance Runtime1 stub}
  0x0000023ac3dfa4b4: d2e8 c6af 

  0x0000023ac3dfa4b8: ; ImmutableOopMap {[192]=Oop [176]=Oop [216]=Oop [184]=Oop [224]=Oop [240]=Oop [248]=Oop }
                      ;*new {reexecute=0 rethrow=0 return_oop=0}
                      ; - kotlin.jvm.internal.Intrinsics::throwParameterIsNullNPE@0 (line 140)
                      ; - kotlin.jvm.internal.Intrinsics::checkNotNullParameter@5 (line 131)
                      ; - kotlin.collections.CollectionsKt__IterablesKt::collectionSizeOrDefault@3
                      ; - org.jetbrains.kotlin.incremental.classpathDiff.ClasspathEntrySnapshotter::snapshot@104 (line 294)
  0x0000023ac3dfa4b8: 7b03 e9f5 

  0x0000023ac3dfa4bc: ;   {metadata({method} {0x0000023a8a2b52a0} 'sanitizeStackTrace' '(Ljava/lang/Throwable;)Ljava/lang/Throwable;' in 'kotlin/jvm/internal/Intrinsics')}
  0x0000023ac3dfa4bc: c0ff ff49 | ba98 522b | 8a3a 0200 | 004c 8954 | 2408 48c7 | 0424 ffff 

  0x0000023ac3dfa4d4: ;   {runtime_call counter_overflow Runtime1 stub}
  0x0000023ac3dfa4d4: ffff e8a5 

  0x0000023ac3dfa4d8: ; ImmutableOopMap {[192]=Oop [176]=Oop [216]=Oop [184]=Oop [224]=Oop [240]=Oop [248]=Oop [232]=Oop }
                      ;*synchronization entry
                      ; - kotlin.jvm.internal.Intrinsics::sanitizeStackTrace@-1 (line 253)
                      ; - kotlin.jvm.internal.Intrinsics::throwParameterIsNullNPE@11 (line 140)
                      ; - kotlin.jvm.internal.Intrinsics::checkNotNullParameter@5 (line 131)
                      ; - kotlin.collections.CollectionsKt__IterablesKt::collectionSizeOrDefault@3
                      ; - org.jetbrains.kotlin.incremental.classpathDiff.ClasspathEntrySnapshotter::snapshot@104 (line 294)
  0x0000023ac3dfa4d8: f77b 03e9 | 6ec1 ffff 

  0x0000023ac3dfa4e0: ;   {metadata({method} {0x0000023ad7445570} 'getName' '()Ljava/lang/String;' in 'java/lang/Class')}
  0x0000023ac3dfa4e0: 49ba 6855 | 44d7 3a02 | 0000 4c89 | 5424 0848 | c704 24ff 

  0x0000023ac3dfa4f4: ;   {runtime_call counter_overflow Runtime1 stub}
  0x0000023ac3dfa4f4: ffff ffe8 

  0x0000023ac3dfa4f8: ; ImmutableOopMap {[192]=Oop [176]=Oop [216]=Oop [184]=Oop [224]=Oop [240]=Oop [248]=Oop [232]=Oop rdx=Oop }
                      ;*synchronization entry
                      ; - java.lang.Class::getName@-1 (line 862)
                      ; - kotlin.jvm.internal.Intrinsics::sanitizeStackTrace@3 (line 253)
                      ; - kotlin.jvm.internal.Intrinsics::throwParameterIsNullNPE@11 (line 140)
                      ; - kotlin.jvm.internal.Intrinsics::checkNotNullParameter@5 (line 131)
                      ; - kotlin.collections.CollectionsKt__IterablesKt::collectionSizeOrDefault@3
                      ; - org.jetbrains.kotlin.incremental.classpathDiff.ClasspathEntrySnapshotter::snapshot@104 (line 294)
  0x0000023ac3dfa4f8: 84f7 7b03 | e994 c1ff 

  0x0000023ac3dfa500: ;   {runtime_call throw_null_pointer_exception Runtime1 stub}
  0x0000023ac3dfa500: ffe8 9aa6 

  0x0000023ac3dfa504: ; ImmutableOopMap {[192]=Oop [176]=Oop [216]=Oop [184]=Oop [224]=Oop [240]=Oop [248]=Oop [232]=Oop }
                      ;*getfield name {reexecute=1 rethrow=0 return_oop=0}
                      ; - (reexecute) java.lang.Class::getName@1 (line 862)
                      ; - kotlin.jvm.internal.Intrinsics::sanitizeStackTrace@3 (line 253)
                      ; - kotlin.jvm.internal.Intrinsics::throwParameterIsNullNPE@11 (line 140)
                      ; - kotlin.jvm.internal.Intrinsics::checkNotNullParameter@5 (line 131)
                      ; - kotlin.collections.CollectionsKt__IterablesKt::collectionSizeOrDefault@3
                      ; - org.jetbrains.kotlin.incremental.classpathDiff.ClasspathEntrySnapshotter::snapshot@104 (line 294)
  0x0000023ac3dfa504: 7b03 4889 

  0x0000023ac3dfa508: ;   {runtime_call throw_class_cast_exception Runtime1 stub}
  0x0000023ac3dfa508: 1c24 e891 

  0x0000023ac3dfa50c: ; ImmutableOopMap {[192]=Oop [176]=Oop [216]=Oop [184]=Oop [224]=Oop [248]=Oop rbx=Oop [240]=Oop }
                      ;*checkcast {reexecute=0 rethrow=0 return_oop=0}
                      ; - kotlin.collections.CollectionsKt__IterablesKt::collectionSizeOrDefault@14 (line 39)
                      ; - org.jetbrains.kotlin.incremental.classpathDiff.ClasspathEntrySnapshotter::snapshot@104 (line 294)
                      ;   {runtime_call throw_null_pointer_exception Runtime1 stub}
  0x0000023ac3dfa50c: ca7b 03e8 

  0x0000023ac3dfa510: ; ImmutableOopMap {[192]=Oop [176]=Oop [216]=Oop [184]=Oop [224]=Oop [248]=Oop rbx=Oop [240]=Oop rdx=Oop }
                      ;*invokeinterface size {reexecute=0 rethrow=0 return_oop=0}
                      ; - kotlin.collections.CollectionsKt__IterablesKt::collectionSizeOrDefault@17 (line 39)
                      ; - org.jetbrains.kotlin.incremental.classpathDiff.ClasspathEntrySnapshotter::snapshot@104 (line 294)
  0x0000023ac3dfa510: 8ca6 7b03 

  0x0000023ac3dfa514: ;   {runtime_call throw_null_pointer_exception Runtime1 stub}
  0x0000023ac3dfa514: e887 a67b 

  0x0000023ac3dfa518: ; ImmutableOopMap {[192]=Oop [176]=Oop [216]=Oop [184]=Oop [224]=Oop [248]=Oop rbx=Oop [240]=Oop }
                      ;*invokeinterface iterator {reexecute=0 rethrow=0 return_oop=0}
                      ; - org.jetbrains.kotlin.incremental.classpathDiff.ClasspathEntrySnapshotter::snapshot@120 (line 295)
                      ;   {runtime_call throw_null_pointer_exception Runtime1 stub}
  0x0000023ac3dfa518: 03e8 82a6 

  0x0000023ac3dfa51c: ; ImmutableOopMap {[176]=Oop [184]=Oop [224]=Oop rax=Oop [256]=Oop [192]=Oop [216]=Oop [248]=Oop }
                      ;*invokeinterface hasNext {reexecute=0 rethrow=0 return_oop=0}
                      ; - org.jetbrains.kotlin.incremental.classpathDiff.ClasspathEntrySnapshotter::snapshot@129 (line 295)
  0x0000023ac3dfa51c: 7b03 4889 

  0x0000023ac3dfa520: ;   {runtime_call throw_class_cast_exception Runtime1 stub}
  0x0000023ac3dfa520: 0424 e879 

  0x0000023ac3dfa524: ; ImmutableOopMap {[176]=Oop [184]=Oop [224]=Oop [256]=Oop [192]=Oop [248]=Oop [216]=Oop }
                      ;*checkcast {reexecute=0 rethrow=0 return_oop=0}
                      ; - org.jetbrains.kotlin.incremental.classpathDiff.ClasspathEntrySnapshotter::snapshot@150 (line 296)
  0x0000023ac3dfa524: ca7b 0348 

  0x0000023ac3dfa528: ;   {runtime_call fast_new_instance Runtime1 stub}
  0x0000023ac3dfa528: 8bd2 e851 

  0x0000023ac3dfa52c: ; ImmutableOopMap {[176]=Oop [184]=Oop [224]=Oop [256]=Oop [192]=Oop [248]=Oop [216]=Oop rbx=Oop [264]=Oop }
                      ;*new {reexecute=0 rethrow=0 return_oop=0}
                      ; - org.jetbrains.kotlin.incremental.classpathDiff.ClasspathEntrySnapshotter::snapshot@160 (line 50)
  0x0000023ac3dfa52c: af7b 03e9 | f9c8 ffff 

  0x0000023ac3dfa534: ;   {runtime_call fast_new_instance Runtime1 stub}
  0x0000023ac3dfa534: 488b d2e8 

  0x0000023ac3dfa538: ; ImmutableOopMap {[176]=Oop [184]=Oop [224]=Oop [256]=Oop [192]=Oop [248]=Oop [216]=Oop rbx=Oop [264]=Oop [272]=Oop }
                      ;*new {reexecute=0 rethrow=0 return_oop=0}
                      ; - org.jetbrains.kotlin.incremental.classpathDiff.ClasspathEntrySnapshotter::snapshot@164 (line 51)
  0x0000023ac3dfa538: 44af 7b03 | e944 c9ff 

  0x0000023ac3dfa540: ;   {metadata({method} {0x0000023ad70e1508} 'linkToTargetMethod' '(Ljava/lang/Object;Ljava/lang/Object;Ljava/lang/Object;)Ljava/lang/Object;' in 'java/lang/invoke/Invokers$Holder')}
  0x0000023ac3dfa540: ff49 ba00 | 150e d73a | 0200 004c | 8954 2408 | 48c7 0424 | ffff ffff 

  0x0000023ac3dfa558: ;   {runtime_call counter_overflow Runtime1 stub}
  0x0000023ac3dfa558: e823 f77b 

  0x0000023ac3dfa55c: ; ImmutableOopMap {[176]=Oop [184]=Oop [224]=Oop [256]=Oop [192]=Oop [248]=Oop [280]=Oop [272]=Oop rbx=Oop [216]=Oop rsi=Oop [264]=Oop }
                      ;*synchronization entry
                      ; - java.lang.invoke.Invokers$Holder::linkToTargetMethod@-1
                      ; - org.jetbrains.kotlin.incremental.classpathDiff.ClasspathEntrySnapshotter::snapshot@178 (line 52)
  0x0000023ac3dfa55c: 03e9 f3c9 

  0x0000023ac3dfa560: ;   {metadata({method} {0x0000023ad70e0d00} 'newInvokeSpecial' '(Ljava/lang/Object;Ljava/lang/Object;Ljava/lang/Object;)Ljava/lang/Object;' in 'java/lang/invoke/DirectMethodHandle$Holder')}
  0x0000023ac3dfa560: ffff 49ba | f80c 0ed7 | 3a02 0000 | 4c89 5424 | 0848 c704 | 24ff ffff 

  0x0000023ac3dfa578: ;   {runtime_call counter_overflow Runtime1 stub}
  0x0000023ac3dfa578: ffe8 02f7 

  0x0000023ac3dfa57c: ; ImmutableOopMap {[176]=Oop [184]=Oop [224]=Oop [256]=Oop [192]=Oop [248]=Oop [280]=Oop [272]=Oop rbx=Oop [216]=Oop rsi=Oop [264]=Oop rdi=Oop }
                      ;*synchronization entry
                      ; - java.lang.invoke.DirectMethodHandle$Holder::newInvokeSpecial@-1
                      ; - java.lang.invoke.Invokers$Holder::linkToTargetMethod@6
                      ; - org.jetbrains.kotlin.incremental.classpathDiff.ClasspathEntrySnapshotter::snapshot@178 (line 52)
  0x0000023ac3dfa57c: 7b03 e939 

  0x0000023ac3dfa580: ;   {metadata({method} {0x0000023ad739dc10} 'allocateInstance' '(Ljava/lang/Object;)Ljava/lang/Object;' in 'java/lang/invoke/DirectMethodHandle')}
  0x0000023ac3dfa580: caff ff49 | ba08 dc39 | d73a 0200 | 004c 8954 | 2408 48c7 | 0424 ffff 

  0x0000023ac3dfa598: ;   {runtime_call counter_overflow Runtime1 stub}
  0x0000023ac3dfa598: ffff e8e1 

  0x0000023ac3dfa59c: ; ImmutableOopMap {[176]=Oop [184]=Oop [224]=Oop [256]=Oop [192]=Oop [248]=Oop [280]=Oop [272]=Oop rbx=Oop [216]=Oop rsi=Oop [264]=Oop rdi=Oop }
                      ;*synchronization entry
                      ; - java.lang.invoke.DirectMethodHandle::allocateInstance@-1 (line 519)
                      ; - java.lang.invoke.DirectMethodHandle$Holder::newInvokeSpecial@1
                      ; - java.lang.invoke.Invokers$Holder::linkToTargetMethod@6
                      ; - org.jetbrains.kotlin.incremental.classpathDiff.ClasspathEntrySnapshotter::snapshot@178 (line 52)
  0x0000023ac3dfa59c: f67b 03e9 | 77ca ffff 

  0x0000023ac3dfa5a4: ;   {metadata({method} {0x0000023ad739e6b8} 'constructorMethod' '(Ljava/lang/Object;)Ljava/lang/Object;' in 'java/lang/invoke/DirectMethodHandle')}
  0x0000023ac3dfa5a4: 49ba b0e6 | 39d7 3a02 | 0000 4c89 | 5424 0848 | c704 24ff 

  0x0000023ac3dfa5b8: ;   {runtime_call counter_overflow Runtime1 stub}
  0x0000023ac3dfa5b8: ffff ffe8 

  0x0000023ac3dfa5bc: ; ImmutableOopMap {[176]=Oop [184]=Oop [224]=Oop [256]=Oop [192]=Oop [248]=Oop [280]=Oop [272]=Oop [216]=Oop [264]=Oop rax=Oop }
                      ;*synchronization entry
                      ; - java.lang.invoke.DirectMethodHandle::constructorMethod@-1 (line 513)
                      ; - java.lang.invoke.DirectMethodHandle$Holder::newInvokeSpecial@6
                      ; - java.lang.invoke.Invokers$Holder::linkToTargetMethod@6
                      ; - org.jetbrains.kotlin.incremental.classpathDiff.ClasspathEntrySnapshotter::snapshot@178 (line 52)
  0x0000023ac3dfa5bc: c0f6 7b03 | e917 cbff 

  0x0000023ac3dfa5c4: ;   {runtime_call throw_null_pointer_exception Runtime1 stub}
  0x0000023ac3dfa5c4: ffe8 d6a5 

  0x0000023ac3dfa5c8: ; ImmutableOopMap {[176]=Oop [184]=Oop [224]=Oop [256]=Oop [192]=Oop [248]=Oop [280]=Oop [272]=Oop [216]=Oop [264]=Oop rax=Oop }
                      ;*invokestatic linkToSpecial {reexecute=0 rethrow=0 return_oop=0}
                      ; - java.lang.invoke.DirectMethodHandle$Holder::newInvokeSpecial@19
                      ; - java.lang.invoke.Invokers$Holder::linkToTargetMethod@6
                      ; - org.jetbrains.kotlin.incremental.classpathDiff.ClasspathEntrySnapshotter::snapshot@178 (line 52)
                      ;   {metadata({method} {0x0000023a8a4024b0} '<init>' '(Lorg/jetbrains/kotlin/incremental/classpathDiff/DirectoryOrJarReader;Ljava/lang/String;)V' in 'org/jetbrains/kotlin/incremental/classpathDiff/ClasspathEntrySnapshotter$$Lambda$3828+0x0000023ad9559360')}
  0x0000023ac3dfa5c8: 7b03 49ba | a824 408a | 3a02 0000 | 4c89 5424 | 0848 c704 | 24ff ffff 

  0x0000023ac3dfa5e0: ;   {runtime_call counter_overflow Runtime1 stub}
  0x0000023ac3dfa5e0: ffe8 9af6 

  0x0000023ac3dfa5e4: ; ImmutableOopMap {[176]=Oop [184]=Oop [224]=Oop [256]=Oop [192]=Oop [248]=Oop [280]=Oop [272]=Oop [216]=Oop [264]=Oop rax=Oop }
                      ;*synchronization entry
                      ; - org.jetbrains.kotlin.incremental.classpathDiff.ClasspathEntrySnapshotter$$Lambda$3828/0x0000023ad9559360::<init>@-1
                      ; - java.lang.invoke.DirectMethodHandle$Holder::newInvokeSpecial@19
                      ; - java.lang.invoke.Invokers$Holder::linkToTargetMethod@6
                      ; - org.jetbrains.kotlin.incremental.classpathDiff.ClasspathEntrySnapshotter::snapshot@178 (line 52)
  0x0000023ac3dfa5e4: 7b03 e95e 

  0x0000023ac3dfa5e8: ;   {metadata({method} {0x0000023ad7448c28} '<init>' '()V' in 'java/lang/Object')}
  0x0000023ac3dfa5e8: cbff ff49 | ba20 8c44 | d73a 0200 | 004c 8954 | 2408 48c7 | 0424 ffff 

  0x0000023ac3dfa600: ;   {runtime_call counter_overflow Runtime1 stub}
  0x0000023ac3dfa600: ffff e879 

  0x0000023ac3dfa604: ; ImmutableOopMap {[176]=Oop [184]=Oop [224]=Oop [256]=Oop [192]=Oop [248]=Oop [280]=Oop [272]=Oop [216]=Oop [264]=Oop rax=Oop }
                      ;*synchronization entry
                      ; - java.lang.Object::<init>@-1 (line 44)
                      ; - org.jetbrains.kotlin.incremental.classpathDiff.ClasspathEntrySnapshotter$$Lambda$3828/0x0000023ad9559360::<init>@1
                      ; - java.lang.invoke.DirectMethodHandle$Holder::newInvokeSpecial@19
                      ; - java.lang.invoke.Invokers$Holder::linkToTargetMethod@6
                      ; - org.jetbrains.kotlin.incremental.classpathDiff.ClasspathEntrySnapshotter::snapshot@178 (line 52)
  0x0000023ac3dfa604: f67b 03e9 | 7ccb ffff | 448b 400c | 4983 f800 | 0f84 7dcb | ffff 4c89 

  0x0000023ac3dfa61c: ;   {runtime_call g1_pre_barrier_slow}
  0x0000023ac3dfa61c: 0424 e85d | fc7b 03e9 | 6fcb ffff | 4883 fb00 | 0f84 88cb | ffff 4889 

  0x0000023ac3dfa634: ;   {runtime_call g1_post_barrier_slow}
  0x0000023ac3dfa634: 0424 e845 | ff7b 03e9 | 7acb ffff | 448b 4010 | 4983 f800 | 0f84 7bcb | ffff 4c89 

  0x0000023ac3dfa650: ;   {runtime_call g1_pre_barrier_slow}
  0x0000023ac3dfa650: 0424 e829 | fc7b 03e9 | 6dcb ffff | 4983 f800 | 0f84 86cb | ffff 4889 

  0x0000023ac3dfa668: ;   {runtime_call g1_post_barrier_slow}
  0x0000023ac3dfa668: 0424 e811 | ff7b 03e9 | 78cb ffff 

  0x0000023ac3dfa674: ;   {metadata({method} {0x0000023a8a3f5060} '<init>' '(Lorg/jetbrains/kotlin/incremental/classpathDiff/ClassFile;Lkotlin/jvm/functions/Function0;)V' in 'org/jetbrains/kotlin/incremental/classpathDiff/ClassFileWithContentsProvider')}
  0x0000023ac3dfa674: 49ba 5850 | 3f8a 3a02 | 0000 4c89 | 5424 0848 | c704 24ff 

  0x0000023ac3dfa688: ;   {runtime_call counter_overflow Runtime1 stub}
  0x0000023ac3dfa688: ffff ffe8 

  0x0000023ac3dfa68c: ; ImmutableOopMap {[176]=Oop [184]=Oop [224]=Oop [256]=Oop [192]=Oop [248]=Oop [280]=Oop [272]=Oop rax=Oop rbx=Oop [216]=Oop }
                      ;*synchronization entry
                      ; - org.jetbrains.kotlin.incremental.classpathDiff.ClassFileWithContentsProvider::<init>@-1
                      ; - org.jetbrains.kotlin.incremental.classpathDiff.ClasspathEntrySnapshotter::snapshot@183 (line 50)
  0x0000023ac3dfa68c: f0f5 7b03 | e907 ccff 

  0x0000023ac3dfa694: ;   {metadata({method} {0x0000023a8a2b4178} 'checkNotNullParameter' '(Ljava/lang/Object;Ljava/lang/String;)V' in 'kotlin/jvm/internal/Intrinsics')}
  0x0000023ac3dfa694: ff49 ba70 | 412b 8a3a | 0200 004c | 8954 2408 | 48c7 0424 | ffff ffff 

  0x0000023ac3dfa6ac: ;   {runtime_call counter_overflow Runtime1 stub}
  0x0000023ac3dfa6ac: e8cf f57b 

  0x0000023ac3dfa6b0: ; ImmutableOopMap {[176]=Oop [184]=Oop [224]=Oop [256]=Oop [192]=Oop [248]=Oop [280]=Oop [272]=Oop rax=Oop rbx=Oop [216]=Oop }
                      ;*synchronization entry
                      ; - kotlin.jvm.internal.Intrinsics::checkNotNullParameter@-1 (line 130)
                      ; - org.jetbrains.kotlin.incremental.classpathDiff.ClassFileWithContentsProvider::<init>@3
                      ; - org.jetbrains.kotlin.incremental.classpathDiff.ClasspathEntrySnapshotter::snapshot@183 (line 50)
  0x0000023ac3dfa6b0: 03e9 22cc 

  0x0000023ac3dfa6b4: ;   {metadata({method} {0x0000023a8a2b4178} 'checkNotNullParameter' '(Ljava/lang/Object;Ljava/lang/String;)V' in 'kotlin/jvm/internal/Intrinsics')}
  0x0000023ac3dfa6b4: ffff 49ba | 7041 2b8a | 3a02 0000 | 4c89 5424 | 0848 c704 | 24ff ffff 

  0x0000023ac3dfa6cc: ;   {runtime_call counter_overflow Runtime1 stub}
  0x0000023ac3dfa6cc: ffe8 aef5 

  0x0000023ac3dfa6d0: ; ImmutableOopMap {[176]=Oop [184]=Oop [224]=Oop [256]=Oop [192]=Oop [248]=Oop [280]=Oop [272]=Oop rax=Oop rbx=Oop [216]=Oop }
                      ;*synchronization entry
                      ; - kotlin.jvm.internal.Intrinsics::checkNotNullParameter@-1 (line 130)
                      ; - org.jetbrains.kotlin.incremental.classpathDiff.ClassFileWithContentsProvider::<init>@9
                      ; - org.jetbrains.kotlin.incremental.classpathDiff.ClasspathEntrySnapshotter::snapshot@183 (line 50)
  0x0000023ac3dfa6d0: 7b03 e94e 

  0x0000023ac3dfa6d4: ;   {metadata({method} {0x0000023ad7448c28} '<init>' '()V' in 'java/lang/Object')}
  0x0000023ac3dfa6d4: ccff ff49 | ba20 8c44 | d73a 0200 | 004c 8954 | 2408 48c7 | 0424 ffff 

  0x0000023ac3dfa6ec: ;   {runtime_call counter_overflow Runtime1 stub}
  0x0000023ac3dfa6ec: ffff e88d 

  0x0000023ac3dfa6f0: ; ImmutableOopMap {[176]=Oop [184]=Oop [224]=Oop [256]=Oop [192]=Oop [248]=Oop rax=Oop rbx=Oop [216]=Oop r8=Oop [272]=Oop r9=Oop [280]=Oop }
                      ;*synchronization entry
                      ; - java.lang.Object::<init>@-1 (line 44)
                      ; - org.jetbrains.kotlin.incremental.classpathDiff.ClassFileWithContentsProvider::<init>@13 (line 33)
                      ; - org.jetbrains.kotlin.incremental.classpathDiff.ClasspathEntrySnapshotter::snapshot@183 (line 50)
  0x0000023ac3dfa6f0: f57b 03e9 | b4cc ffff | 418b 500c | 4883 fa00 | 0f84 b4cc | ffff 4889 

  0x0000023ac3dfa708: ;   {runtime_call g1_pre_barrier_slow}
  0x0000023ac3dfa708: 1424 e871 | fb7b 03e9 | a6cc ffff | 4983 f900 | 0f84 b7cc | ffff 4c89 

  0x0000023ac3dfa720: ;   {runtime_call g1_post_barrier_slow}
  0x0000023ac3dfa720: 0424 e859 | fe7b 03e9 | a9cc ffff | 418b 5010 | 4883 fa00 | 0f84 a9cc | ffff 4889 

  0x0000023ac3dfa73c: ;   {runtime_call g1_pre_barrier_slow}
  0x0000023ac3dfa73c: 1424 e83d | fb7b 03e9 | 9bcc ffff | 4883 f800 | 0f84 accc | ffff 4c89 

  0x0000023ac3dfa754: ;   {runtime_call g1_post_barrier_slow}
  0x0000023ac3dfa754: 0424 e825 | fe7b 03e9 | 9ecc ffff 

  0x0000023ac3dfa760: ;   {metadata({method} {0x0000023a8a2b7f90} 'snapshot' '(Ljava/io/File;Lorg/jetbrains/kotlin/buildtools/api/jvm/ClassSnapshotGranularity;Lorg/jetbrains/kotlin/build/report/metrics/BuildMetricsReporter;)Lorg/jetbrains/kotlin/incremental/classpathDiff/ClasspathEntrySnapshot;' in 'org/jetbrains/kotlin/incremental/classpathDiff/ClasspathEntrySnapshotter')}
  0x0000023ac3dfa760: 49ba 887f | 2b8a 3a02 | 0000 4c89 | 5424 0848 | c704 24c4 

  0x0000023ac3dfa774: ;   {runtime_call counter_overflow Runtime1 stub}
  0x0000023ac3dfa774: 0000 00e8 

  0x0000023ac3dfa778: ; ImmutableOopMap {[176]=Oop [184]=Oop [224]=Oop [256]=Oop [192]=Oop [248]=Oop [216]=Oop }
                      ;*goto {reexecute=1 rethrow=0 return_oop=0}
                      ; - (reexecute) org.jetbrains.kotlin.incremental.classpathDiff.ClasspathEntrySnapshotter::snapshot@196 (line 296)
  0x0000023ac3dfa778: 04f5 7b03 | e95b cdff 

  0x0000023ac3dfa780: ;   {metadata({method} {0x0000023a8a2b42d8} 'throwParameterIsNullNPE' '(Ljava/lang/String;)V' in 'kotlin/jvm/internal/Intrinsics')}
  0x0000023ac3dfa780: ff49 bad0 | 422b 8a3a | 0200 004c | 8954 2408 | 48c7 0424 | ffff ffff 

  0x0000023ac3dfa798: ;   {runtime_call counter_overflow Runtime1 stub}
  0x0000023ac3dfa798: e8e3 f47b 

  0x0000023ac3dfa79c: ; ImmutableOopMap {[176]=Oop [184]=Oop [224]=Oop [256]=Oop [192]=Oop [248]=Oop [216]=Oop [280]=Oop [304]=Oop [272]=Oop }
                      ;*synchronization entry
                      ; - kotlin.jvm.internal.Intrinsics::throwParameterIsNullNPE@-1 (line 140)
                      ; - kotlin.jvm.internal.Intrinsics::checkNotNullParameter@5 (line 131)
                      ; - org.jetbrains.kotlin.incremental.classpathDiff.ClassFileWithContentsProvider::<init>@9
                      ; - org.jetbrains.kotlin.incremental.classpathDiff.ClasspathEntrySnapshotter::snapshot@183 (line 50)
  0x0000023ac3dfa79c: 03e9 a3cd 

  0x0000023ac3dfa7a0: ;   {metadata(NULL)}
  0x0000023ac3dfa7a0: ffff 48ba | 0000 0000 | 0000 0000 | b800 0f05 

  0x0000023ac3dfa7b0: ;   {runtime_call load_klass_patching Runtime1 stub}
  0x0000023ac3dfa7b0: 0ae8 4ae4 

  0x0000023ac3dfa7b4: ; ImmutableOopMap {[176]=Oop [184]=Oop [224]=Oop [256]=Oop [192]=Oop [248]=Oop [216]=Oop [280]=Oop [304]=Oop [272]=Oop }
                      ;*new {reexecute=1 rethrow=0 return_oop=0}
                      ; - (reexecute) kotlin.jvm.internal.Intrinsics::throwParameterIsNullNPE@0 (line 140)
                      ; - kotlin.jvm.internal.Intrinsics::checkNotNullParameter@5 (line 131)
                      ; - org.jetbrains.kotlin.incremental.classpathDiff.ClassFileWithContentsProvider::<init>@9
                      ; - org.jetbrains.kotlin.incremental.classpathDiff.ClasspathEntrySnapshotter::snapshot@183 (line 50)
  0x0000023ac3dfa7b4: 7b03 e98d | cdff ff48 

  0x0000023ac3dfa7bc: ;   {runtime_call fast_new_instance Runtime1 stub}
  0x0000023ac3dfa7bc: 8bd2 e8bd 

  0x0000023ac3dfa7c0: ; ImmutableOopMap {[176]=Oop [184]=Oop [224]=Oop [256]=Oop [192]=Oop [248]=Oop [216]=Oop [304]=Oop [272]=Oop [280]=Oop }
                      ;*new {reexecute=0 rethrow=0 return_oop=0}
                      ; - kotlin.jvm.internal.Intrinsics::throwParameterIsNullNPE@0 (line 140)
                      ; - kotlin.jvm.internal.Intrinsics::checkNotNullParameter@5 (line 131)
                      ; - org.jetbrains.kotlin.incremental.classpathDiff.ClassFileWithContentsProvider::<init>@9
                      ; - org.jetbrains.kotlin.incremental.classpathDiff.ClasspathEntrySnapshotter::snapshot@183 (line 50)
  0x0000023ac3dfa7c0: ac7b 03e9 | dccd ffff 

  0x0000023ac3dfa7c8: ;   {metadata({method} {0x0000023a8a2b52a0} 'sanitizeStackTrace' '(Ljava/lang/Throwable;)Ljava/lang/Throwable;' in 'kotlin/jvm/internal/Intrinsics')}
  0x0000023ac3dfa7c8: 49ba 9852 | 2b8a 3a02 | 0000 4c89 | 5424 0848 | c704 24ff 

  0x0000023ac3dfa7dc: ;   {runtime_call counter_overflow Runtime1 stub}
  0x0000023ac3dfa7dc: ffff ffe8 

  0x0000023ac3dfa7e0: ; ImmutableOopMap {[176]=Oop [184]=Oop [224]=Oop [256]=Oop [192]=Oop [248]=Oop [216]=Oop [296]=Oop [280]=Oop [304]=Oop [272]=Oop }
                      ;*synchronization entry
                      ; - kotlin.jvm.internal.Intrinsics::sanitizeStackTrace@-1 (line 253)
                      ; - kotlin.jvm.internal.Intrinsics::throwParameterIsNullNPE@11 (line 140)
                      ; - kotlin.jvm.internal.Intrinsics::checkNotNullParameter@5 (line 131)
                      ; - org.jetbrains.kotlin.incremental.classpathDiff.ClassFileWithContentsProvider::<init>@9
                      ; - org.jetbrains.kotlin.incremental.classpathDiff.ClasspathEntrySnapshotter::snapshot@183 (line 50)
  0x0000023ac3dfa7e0: 9cf4 7b03 | e955 ceff 

  0x0000023ac3dfa7e8: ;   {metadata({method} {0x0000023ad7445570} 'getName' '()Ljava/lang/String;' in 'java/lang/Class')}
  0x0000023ac3dfa7e8: ff49 ba68 | 5544 d73a | 0200 004c | 8954 2408 | 48c7 0424 | ffff ffff 

  0x0000023ac3dfa800: ;   {runtime_call counter_overflow Runtime1 stub}
  0x0000023ac3dfa800: e87b f47b 

  0x0000023ac3dfa804: ; ImmutableOopMap {[176]=Oop [184]=Oop [224]=Oop [256]=Oop [192]=Oop [248]=Oop [216]=Oop [296]=Oop [280]=Oop [304]=Oop [272]=Oop rdx=Oop }
                      ;*synchronization entry
                      ; - java.lang.Class::getName@-1 (line 862)
                      ; - kotlin.jvm.internal.Intrinsics::sanitizeStackTrace@3 (line 253)
                      ; - kotlin.jvm.internal.Intrinsics::throwParameterIsNullNPE@11 (line 140)
                      ; - kotlin.jvm.internal.Intrinsics::checkNotNullParameter@5 (line 131)
                      ; - org.jetbrains.kotlin.incremental.classpathDiff.ClassFileWithContentsProvider::<init>@9
                      ; - org.jetbrains.kotlin.incremental.classpathDiff.ClasspathEntrySnapshotter::snapshot@183 (line 50)
  0x0000023ac3dfa804: 03e9 7bce 

  0x0000023ac3dfa808: ;   {runtime_call throw_null_pointer_exception Runtime1 stub}
  0x0000023ac3dfa808: ffff e891 

  0x0000023ac3dfa80c: ; ImmutableOopMap {[176]=Oop [184]=Oop [224]=Oop [256]=Oop [192]=Oop [248]=Oop [216]=Oop [296]=Oop [280]=Oop [304]=Oop [272]=Oop }
                      ;*getfield name {reexecute=1 rethrow=0 return_oop=0}
                      ; - (reexecute) java.lang.Class::getName@1 (line 862)
                      ; - kotlin.jvm.internal.Intrinsics::sanitizeStackTrace@3 (line 253)
                      ; - kotlin.jvm.internal.Intrinsics::throwParameterIsNullNPE@11 (line 140)
                      ; - kotlin.jvm.internal.Intrinsics::checkNotNullParameter@5 (line 131)
                      ; - org.jetbrains.kotlin.incremental.classpathDiff.ClassFileWithContentsProvider::<init>@9
                      ; - org.jetbrains.kotlin.incremental.classpathDiff.ClasspathEntrySnapshotter::snapshot@183 (line 50)
  0x0000023ac3dfa80c: a37b 0348 

  0x0000023ac3dfa810: ;   {runtime_call throw_class_cast_exception Runtime1 stub}
  0x0000023ac3dfa810: 8904 24e8 

  0x0000023ac3dfa814: ; ImmutableOopMap {[176]=Oop [184]=Oop [224]=Oop }
                      ;*checkcast {reexecute=0 rethrow=0 return_oop=0}
                      ; - org.jetbrains.kotlin.incremental.classpathDiff.ClasspathEntrySnapshotter::snapshot@201 (line 297)
  0x0000023ac3dfa814: 88c7 7b03 

  0x0000023ac3dfa818: ;   {runtime_call throw_incompatible_class_change_error Runtime1 stub}
  0x0000023ac3dfa818: e883 ca7b 

  0x0000023ac3dfa81c: ; ImmutableOopMap {[176]=Oop [224]=Oop rsi=Oop rdi=Oop [184]=Oop }
                      ;*invokeinterface endMeasure {reexecute=0 rethrow=0 return_oop=0}
                      ; - org.jetbrains.kotlin.incremental.classpathDiff.ClasspathEntrySnapshotter::snapshot@212 (line 298)
                      ;   {metadata({method} {0x0000023a8a2bb3c8} 'endMeasure' '(Lorg/jetbrains/kotlin/build/report/metrics/BuildTime;)V' in 'org/jetbrains/kotlin/build/report/metrics/DoNothingBuildMetricsReporter')}
  0x0000023ac3dfa81c: 0349 bac0 | b32b 8a3a | 0200 004c | 8954 2408 | 48c7 0424 | ffff ffff 

  0x0000023ac3dfa834: ;   {runtime_call counter_overflow Runtime1 stub}
  0x0000023ac3dfa834: e847 f47b 

  0x0000023ac3dfa838: ; ImmutableOopMap {[176]=Oop [224]=Oop rsi=Oop rdi=Oop [184]=Oop }
                      ;*synchronization entry
                      ; - org.jetbrains.kotlin.build.report.metrics.DoNothingBuildMetricsReporter::endMeasure@-1 (line 8)
                      ; - org.jetbrains.kotlin.incremental.classpathDiff.ClasspathEntrySnapshotter::snapshot@212 (line 298)
  0x0000023ac3dfa838: 03e9 71d0 

  0x0000023ac3dfa83c: ;   {metadata({method} {0x0000023a8a2babd0} 'endMeasure' '(Lorg/jetbrains/kotlin/build/report/metrics/GradleBuildTime;)V' in 'org/jetbrains/kotlin/build/report/metrics/DoNothingBuildMetricsReporter')}
  0x0000023ac3dfa83c: ffff 49ba | c8ab 2b8a | 3a02 0000 | 4c89 5424 | 0848 c704 | 24ff ffff 

  0x0000023ac3dfa854: ;   {runtime_call counter_overflow Runtime1 stub}
  0x0000023ac3dfa854: ffe8 26f4 

  0x0000023ac3dfa858: ; ImmutableOopMap {[176]=Oop [224]=Oop rsi=Oop rdi=Oop [184]=Oop }
                      ;*synchronization entry
                      ; - org.jetbrains.kotlin.build.report.metrics.DoNothingBuildMetricsReporter::endMeasure@-1
                      ; - org.jetbrains.kotlin.build.report.metrics.DoNothingBuildMetricsReporter::endMeasure@5 (line 8)
                      ; - org.jetbrains.kotlin.incremental.classpathDiff.ClasspathEntrySnapshotter::snapshot@212 (line 298)
  0x0000023ac3dfa858: 7b03 e992 

  0x0000023ac3dfa85c: ;   {metadata({method} {0x0000023a8a2b4178} 'checkNotNullParameter' '(Ljava/lang/Object;Ljava/lang/String;)V' in 'kotlin/jvm/internal/Intrinsics')}
  0x0000023ac3dfa85c: d0ff ff49 | ba70 412b | 8a3a 0200 | 004c 8954 | 2408 48c7 | 0424 ffff 

  0x0000023ac3dfa874: ;   {runtime_call counter_overflow Runtime1 stub}
  0x0000023ac3dfa874: ffff e805 

  0x0000023ac3dfa878: ; ImmutableOopMap {[176]=Oop [224]=Oop rsi=Oop rdi=Oop [184]=Oop }
                      ;*synchronization entry
                      ; - kotlin.jvm.internal.Intrinsics::checkNotNullParameter@-1 (line 130)
                      ; - org.jetbrains.kotlin.build.report.metrics.DoNothingBuildMetricsReporter::endMeasure@3
                      ; - org.jetbrains.kotlin.build.report.metrics.DoNothingBuildMetricsReporter::endMeasure@5 (line 8)
                      ; - org.jetbrains.kotlin.incremental.classpathDiff.ClasspathEntrySnapshotter::snapshot@212 (line 298)
  0x0000023ac3dfa878: f47b 03e9 | b0d0 ffff 

  0x0000023ac3dfa880: ;   {runtime_call throw_incompatible_class_change_error Runtime1 stub}
  0x0000023ac3dfa880: e81b ca7b 

  0x0000023ac3dfa884: ; ImmutableOopMap {[176]=Oop [224]=Oop rsi=Oop rdi=Oop [184]=Oop }
                      ;*invokeinterface startMeasure {reexecute=0 rethrow=0 return_oop=0}
                      ; - org.jetbrains.kotlin.incremental.classpathDiff.ClasspathEntrySnapshotter::snapshot@256 (line 299)
                      ;   {metadata({method} {0x0000023a8a2bb318} 'startMeasure' '(Lorg/jetbrains/kotlin/build/report/metrics/BuildTime;)V' in 'org/jetbrains/kotlin/build/report/metrics/DoNothingBuildMetricsReporter')}
  0x0000023ac3dfa884: 0349 ba10 | b32b 8a3a | 0200 004c | 8954 2408 | 48c7 0424 | ffff ffff 

  0x0000023ac3dfa89c: ;   {runtime_call counter_overflow Runtime1 stub}
  0x0000023ac3dfa89c: e8df f37b 

  0x0000023ac3dfa8a0: ; ImmutableOopMap {[176]=Oop [224]=Oop rsi=Oop rdi=Oop [184]=Oop }
                      ;*synchronization entry
                      ; - org.jetbrains.kotlin.build.report.metrics.DoNothingBuildMetricsReporter::startMeasure@-1 (line 8)
                      ; - org.jetbrains.kotlin.incremental.classpathDiff.ClasspathEntrySnapshotter::snapshot@256 (line 299)
  0x0000023ac3dfa8a0: 03e9 24d1 

  0x0000023ac3dfa8a4: ;   {metadata({method} {0x0000023a8a2bab20} 'startMeasure' '(Lorg/jetbrains/kotlin/build/report/metrics/GradleBuildTime;)V' in 'org/jetbrains/kotlin/build/report/metrics/DoNothingBuildMetricsReporter')}
  0x0000023ac3dfa8a4: ffff 49ba | 18ab 2b8a | 3a02 0000 | 4c89 5424 | 0848 c704 | 24ff ffff 

  0x0000023ac3dfa8bc: ;   {runtime_call counter_overflow Runtime1 stub}
  0x0000023ac3dfa8bc: ffe8 bef3 

  0x0000023ac3dfa8c0: ; ImmutableOopMap {[176]=Oop [224]=Oop rsi=Oop rdi=Oop [184]=Oop }
                      ;*synchronization entry
                      ; - org.jetbrains.kotlin.build.report.metrics.DoNothingBuildMetricsReporter::startMeasure@-1
                      ; - org.jetbrains.kotlin.build.report.metrics.DoNothingBuildMetricsReporter::startMeasure@5 (line 8)
                      ; - org.jetbrains.kotlin.incremental.classpathDiff.ClasspathEntrySnapshotter::snapshot@256 (line 299)
  0x0000023ac3dfa8c0: 7b03 e945 

  0x0000023ac3dfa8c4: ;   {metadata({method} {0x0000023a8a2b4178} 'checkNotNullParameter' '(Ljava/lang/Object;Ljava/lang/String;)V' in 'kotlin/jvm/internal/Intrinsics')}
  0x0000023ac3dfa8c4: d1ff ff49 | ba70 412b | 8a3a 0200 | 004c 8954 | 2408 48c7 | 0424 ffff 

  0x0000023ac3dfa8dc: ;   {runtime_call counter_overflow Runtime1 stub}
  0x0000023ac3dfa8dc: ffff e89d 

  0x0000023ac3dfa8e0: ; ImmutableOopMap {[176]=Oop [224]=Oop rsi=Oop rdi=Oop [184]=Oop }
                      ;*synchronization entry
                      ; - kotlin.jvm.internal.Intrinsics::checkNotNullParameter@-1 (line 130)
                      ; - org.jetbrains.kotlin.build.report.metrics.DoNothingBuildMetricsReporter::startMeasure@3
                      ; - org.jetbrains.kotlin.build.report.metrics.DoNothingBuildMetricsReporter::startMeasure@5 (line 8)
                      ; - org.jetbrains.kotlin.incremental.classpathDiff.ClasspathEntrySnapshotter::snapshot@256 (line 299)
  0x0000023ac3dfa8e0: f37b 03e9 | 63d1 ffff 

  0x0000023ac3dfa8e8: ;   {runtime_call throw_incompatible_class_change_error Runtime1 stub}
  0x0000023ac3dfa8e8: e8b3 c97b 

  0x0000023ac3dfa8ec: ; ImmutableOopMap {[224]=Oop [312]=Oop rax=Oop [344]=Oop rdi=Oop [184]=Oop }
                      ;*invokeinterface endMeasure {reexecute=0 rethrow=0 return_oop=0}
                      ; - org.jetbrains.kotlin.incremental.classpathDiff.ClasspathEntrySnapshotter::snapshot@281 (line 303)
                      ;   {metadata({method} {0x0000023a8a2bb3c8} 'endMeasure' '(Lorg/jetbrains/kotlin/build/report/metrics/BuildTime;)V' in 'org/jetbrains/kotlin/build/report/metrics/DoNothingBuildMetricsReporter')}
  0x0000023ac3dfa8ec: 0349 bac0 | b32b 8a3a | 0200 004c | 8954 2408 | 48c7 0424 | ffff ffff 

  0x0000023ac3dfa904: ;   {runtime_call counter_overflow Runtime1 stub}
  0x0000023ac3dfa904: e877 f37b 

  0x0000023ac3dfa908: ; ImmutableOopMap {[224]=Oop [312]=Oop rax=Oop [344]=Oop rdi=Oop [184]=Oop }
                      ;*synchronization entry
                      ; - org.jetbrains.kotlin.build.report.metrics.DoNothingBuildMetricsReporter::endMeasure@-1 (line 8)
                      ; - org.jetbrains.kotlin.incremental.classpathDiff.ClasspathEntrySnapshotter::snapshot@281 (line 303)
  0x0000023ac3dfa908: 03e9 10d2 

  0x0000023ac3dfa90c: ;   {metadata({method} {0x0000023a8a2babd0} 'endMeasure' '(Lorg/jetbrains/kotlin/build/report/metrics/GradleBuildTime;)V' in 'org/jetbrains/kotlin/build/report/metrics/DoNothingBuildMetricsReporter')}
  0x0000023ac3dfa90c: ffff 49ba | c8ab 2b8a | 3a02 0000 | 4c89 5424 | 0848 c704 | 24ff ffff 

  0x0000023ac3dfa924: ;   {runtime_call counter_overflow Runtime1 stub}
  0x0000023ac3dfa924: ffe8 56f3 

  0x0000023ac3dfa928: ; ImmutableOopMap {[224]=Oop [312]=Oop rax=Oop [344]=Oop }
                      ;*synchronization entry
                      ; - org.jetbrains.kotlin.build.report.metrics.DoNothingBuildMetricsReporter::endMeasure@-1
                      ; - org.jetbrains.kotlin.build.report.metrics.DoNothingBuildMetricsReporter::endMeasure@5 (line 8)
                      ; - org.jetbrains.kotlin.incremental.classpathDiff.ClasspathEntrySnapshotter::snapshot@281 (line 303)
  0x0000023ac3dfa928: 7b03 e929 

  0x0000023ac3dfa92c: ;   {metadata({method} {0x0000023a8a2b4178} 'checkNotNullParameter' '(Ljava/lang/Object;Ljava/lang/String;)V' in 'kotlin/jvm/internal/Intrinsics')}
  0x0000023ac3dfa92c: d2ff ff49 | ba70 412b | 8a3a 0200 | 004c 8954 | 2408 48c7 | 0424 ffff 

  0x0000023ac3dfa944: ;   {runtime_call counter_overflow Runtime1 stub}
  0x0000023ac3dfa944: ffff e835 

  0x0000023ac3dfa948: ; ImmutableOopMap {[224]=Oop [312]=Oop rax=Oop [344]=Oop }
                      ;*synchronization entry
                      ; - kotlin.jvm.internal.Intrinsics::checkNotNullParameter@-1 (line 130)
                      ; - org.jetbrains.kotlin.build.report.metrics.DoNothingBuildMetricsReporter::endMeasure@3
                      ; - org.jetbrains.kotlin.build.report.metrics.DoNothingBuildMetricsReporter::endMeasure@5 (line 8)
                      ; - org.jetbrains.kotlin.incremental.classpathDiff.ClasspathEntrySnapshotter::snapshot@281 (line 303)
  0x0000023ac3dfa948: f37b 03e9 | 42d2 ffff | 4889 3424 

  0x0000023ac3dfa954: ;   {runtime_call throw_class_cast_exception Runtime1 stub}
  0x0000023ac3dfa954: e847 c67b 

  0x0000023ac3dfa958: ; ImmutableOopMap {[224]=Oop [344]=Oop }
                      ;*checkcast {reexecute=0 rethrow=0 return_oop=0}
                      ; - org.jetbrains.kotlin.incremental.classpathDiff.ClasspathEntrySnapshotter::snapshot@309 (line 60)
  0x0000023ac3dfa958: 0348 8bd2 

  0x0000023ac3dfa95c: ;   {runtime_call fast_new_instance Runtime1 stub}
  0x0000023ac3dfa95c: e81f ab7b 

  0x0000023ac3dfa960: ; ImmutableOopMap {[224]=Oop rbx=Oop [328]=Oop [344]=Oop }
                      ;*new {reexecute=0 rethrow=0 return_oop=0}
                      ; - org.jetbrains.kotlin.incremental.classpathDiff.ClasspathEntrySnapshotter::snapshot@321 (line 304)
  0x0000023ac3dfa960: 03e9 b9d3 

  0x0000023ac3dfa964: ;   {metadata({method} {0x0000023a8a323cc8} 'collectionSizeOrDefault' '(Ljava/lang/Iterable;I)I' in 'kotlin/collections/CollectionsKt__IterablesKt')}
  0x0000023ac3dfa964: ffff 49ba | c03c 328a | 3a02 0000 | 4c89 5424 | 0848 c704 | 24ff ffff 

  0x0000023ac3dfa97c: ;   {runtime_call counter_overflow Runtime1 stub}
  0x0000023ac3dfa97c: ffe8 fef2 

  0x0000023ac3dfa980: ; ImmutableOopMap {[224]=Oop rbx=Oop [328]=Oop [344]=Oop rax=Oop [336]=Oop }
                      ;*synchronization entry
                      ; - kotlin.collections.CollectionsKt__IterablesKt::collectionSizeOrDefault@-1
                      ; - org.jetbrains.kotlin.incremental.classpathDiff.ClasspathEntrySnapshotter::snapshot@329 (line 304)
  0x0000023ac3dfa980: 7b03 e9da 

  0x0000023ac3dfa984: ;   {metadata({method} {0x0000023a8a2b4178} 'checkNotNullParameter' '(Ljava/lang/Object;Ljava/lang/String;)V' in 'kotlin/jvm/internal/Intrinsics')}
  0x0000023ac3dfa984: d3ff ff49 | ba70 412b | 8a3a 0200 | 004c 8954 | 2408 48c7 | 0424 ffff 

  0x0000023ac3dfa99c: ;   {runtime_call counter_overflow Runtime1 stub}
  0x0000023ac3dfa99c: ffff e8dd 

  0x0000023ac3dfa9a0: ; ImmutableOopMap {[224]=Oop rbx=Oop [328]=Oop [344]=Oop rax=Oop [336]=Oop }
                      ;*synchronization entry
                      ; - kotlin.jvm.internal.Intrinsics::checkNotNullParameter@-1 (line 130)
                      ; - kotlin.collections.CollectionsKt__IterablesKt::collectionSizeOrDefault@3
                      ; - org.jetbrains.kotlin.incremental.classpathDiff.ClasspathEntrySnapshotter::snapshot@329 (line 304)
  0x0000023ac3dfa9a0: f27b 03e9 | f3d3 ffff 

  0x0000023ac3dfa9a8: ;   {metadata({method} {0x0000023a8a2b42d8} 'throwParameterIsNullNPE' '(Ljava/lang/String;)V' in 'kotlin/jvm/internal/Intrinsics')}
  0x0000023ac3dfa9a8: 49ba d042 | 2b8a 3a02 | 0000 4c89 | 5424 0848 | c704 24ff 

  0x0000023ac3dfa9bc: ;   {runtime_call counter_overflow Runtime1 stub}
  0x0000023ac3dfa9bc: ffff ffe8 

  0x0000023ac3dfa9c0: ; ImmutableOopMap {[224]=Oop [336]=Oop [344]=Oop [328]=Oop }
                      ;*synchronization entry
                      ; - kotlin.jvm.internal.Intrinsics::throwParameterIsNullNPE@-1 (line 140)
                      ; - kotlin.jvm.internal.Intrinsics::checkNotNullParameter@5 (line 131)
                      ; - kotlin.collections.CollectionsKt__IterablesKt::collectionSizeOrDefault@3
                      ; - org.jetbrains.kotlin.incremental.classpathDiff.ClasspathEntrySnapshotter::snapshot@329 (line 304)
  0x0000023ac3dfa9c0: bcf2 7b03 | e946 d4ff 

  0x0000023ac3dfa9c8: ;   {metadata(NULL)}
  0x0000023ac3dfa9c8: ff48 ba00 | 0000 0000 | 0000 00b8 | 000f 050a 

  0x0000023ac3dfa9d8: ;   {runtime_call load_klass_patching Runtime1 stub}
  0x0000023ac3dfa9d8: e823 e27b 

  0x0000023ac3dfa9dc: ; ImmutableOopMap {[224]=Oop [336]=Oop [344]=Oop [328]=Oop }
                      ;*new {reexecute=1 rethrow=0 return_oop=0}
                      ; - (reexecute) kotlin.jvm.internal.Intrinsics::throwParameterIsNullNPE@0 (line 140)
                      ; - kotlin.jvm.internal.Intrinsics::checkNotNullParameter@5 (line 131)
                      ; - kotlin.collections.CollectionsKt__IterablesKt::collectionSizeOrDefault@3
                      ; - org.jetbrains.kotlin.incremental.classpathDiff.ClasspathEntrySnapshotter::snapshot@329 (line 304)
  0x0000023ac3dfa9dc: 03e9 2ed4 | ffff 488b 

  0x0000023ac3dfa9e4: ;   {runtime_call fast_new_instance Runtime1 stub}
  0x0000023ac3dfa9e4: d2e8 96aa 

  0x0000023ac3dfa9e8: ; ImmutableOopMap {[224]=Oop [344]=Oop [328]=Oop [336]=Oop }
                      ;*new {reexecute=0 rethrow=0 return_oop=0}
                      ; - kotlin.jvm.internal.Intrinsics::throwParameterIsNullNPE@0 (line 140)
                      ; - kotlin.jvm.internal.Intrinsics::checkNotNullParameter@5 (line 131)
                      ; - kotlin.collections.CollectionsKt__IterablesKt::collectionSizeOrDefault@3
                      ; - org.jetbrains.kotlin.incremental.classpathDiff.ClasspathEntrySnapshotter::snapshot@329 (line 304)
  0x0000023ac3dfa9e8: 7b03 e97d 

  0x0000023ac3dfa9ec: ;   {metadata({method} {0x0000023a8a2b52a0} 'sanitizeStackTrace' '(Ljava/lang/Throwable;)Ljava/lang/Throwable;' in 'kotlin/jvm/internal/Intrinsics')}
  0x0000023ac3dfa9ec: d4ff ff49 | ba98 522b | 8a3a 0200 | 004c 8954 | 2408 48c7 | 0424 ffff 

  0x0000023ac3dfaa04: ;   {runtime_call counter_overflow Runtime1 stub}
  0x0000023ac3dfaa04: ffff e875 

  0x0000023ac3dfaa08: ; ImmutableOopMap {[224]=Oop [320]=Oop [344]=Oop [336]=Oop [328]=Oop }
                      ;*synchronization entry
                      ; - kotlin.jvm.internal.Intrinsics::sanitizeStackTrace@-1 (line 253)
                      ; - kotlin.jvm.internal.Intrinsics::throwParameterIsNullNPE@11 (line 140)
                      ; - kotlin.jvm.internal.Intrinsics::checkNotNullParameter@5 (line 131)
                      ; - kotlin.collections.CollectionsKt__IterablesKt::collectionSizeOrDefault@3
                      ; - org.jetbrains.kotlin.incremental.classpathDiff.ClasspathEntrySnapshotter::snapshot@329 (line 304)
  0x0000023ac3dfaa08: f27b 03e9 | f6d4 ffff 

  0x0000023ac3dfaa10: ;   {metadata({method} {0x0000023ad7445570} 'getName' '()Ljava/lang/String;' in 'java/lang/Class')}
  0x0000023ac3dfaa10: 49ba 6855 | 44d7 3a02 | 0000 4c89 | 5424 0848 | c704 24ff 

  0x0000023ac3dfaa24: ;   {runtime_call counter_overflow Runtime1 stub}
  0x0000023ac3dfaa24: ffff ffe8 

  0x0000023ac3dfaa28: ; ImmutableOopMap {[224]=Oop [320]=Oop [344]=Oop [336]=Oop [328]=Oop rdx=Oop }
                      ;*synchronization entry
                      ; - java.lang.Class::getName@-1 (line 862)
                      ; - kotlin.jvm.internal.Intrinsics::sanitizeStackTrace@3 (line 253)
                      ; - kotlin.jvm.internal.Intrinsics::throwParameterIsNullNPE@11 (line 140)
                      ; - kotlin.jvm.internal.Intrinsics::checkNotNullParameter@5 (line 131)
                      ; - kotlin.collections.CollectionsKt__IterablesKt::collectionSizeOrDefault@3
                      ; - org.jetbrains.kotlin.incremental.classpathDiff.ClasspathEntrySnapshotter::snapshot@329 (line 304)
  0x0000023ac3dfaa28: 54f2 7b03 | e91c d5ff 

  0x0000023ac3dfaa30: ;   {runtime_call throw_null_pointer_exception Runtime1 stub}
  0x0000023ac3dfaa30: ffe8 6aa1 

  0x0000023ac3dfaa34: ; ImmutableOopMap {[224]=Oop [320]=Oop [344]=Oop [336]=Oop [328]=Oop }
                      ;*getfield name {reexecute=1 rethrow=0 return_oop=0}
                      ; - (reexecute) java.lang.Class::getName@1 (line 862)
                      ; - kotlin.jvm.internal.Intrinsics::sanitizeStackTrace@3 (line 253)
                      ; - kotlin.jvm.internal.Intrinsics::throwParameterIsNullNPE@11 (line 140)
                      ; - kotlin.jvm.internal.Intrinsics::checkNotNullParameter@5 (line 131)
                      ; - kotlin.collections.CollectionsKt__IterablesKt::collectionSizeOrDefault@3
                      ; - org.jetbrains.kotlin.incremental.classpathDiff.ClasspathEntrySnapshotter::snapshot@329 (line 304)
  0x0000023ac3dfaa34: 7b03 4889 

  0x0000023ac3dfaa38: ;   {runtime_call throw_class_cast_exception Runtime1 stub}
  0x0000023ac3dfaa38: 1c24 e861 

  0x0000023ac3dfaa3c: ; ImmutableOopMap {[224]=Oop [344]=Oop [336]=Oop rbx=Oop [328]=Oop }
                      ;*checkcast {reexecute=0 rethrow=0 return_oop=0}
                      ; - kotlin.collections.CollectionsKt__IterablesKt::collectionSizeOrDefault@14 (line 39)
                      ; - org.jetbrains.kotlin.incremental.classpathDiff.ClasspathEntrySnapshotter::snapshot@329 (line 304)
                      ;   {runtime_call throw_null_pointer_exception Runtime1 stub}
  0x0000023ac3dfaa3c: c57b 03e8 

  0x0000023ac3dfaa40: ; ImmutableOopMap {[224]=Oop [344]=Oop [336]=Oop rbx=Oop [328]=Oop rdx=Oop }
                      ;*invokeinterface size {reexecute=0 rethrow=0 return_oop=0}
                      ; - kotlin.collections.CollectionsKt__IterablesKt::collectionSizeOrDefault@17 (line 39)
                      ; - org.jetbrains.kotlin.incremental.classpathDiff.ClasspathEntrySnapshotter::snapshot@329 (line 304)
  0x0000023ac3dfaa40: 5ca1 7b03 

  0x0000023ac3dfaa44: ;   {runtime_call throw_null_pointer_exception Runtime1 stub}
  0x0000023ac3dfaa44: e857 a17b 

  0x0000023ac3dfaa48: ; ImmutableOopMap {[224]=Oop [344]=Oop [336]=Oop rbx=Oop [328]=Oop }
                      ;*invokeinterface iterator {reexecute=0 rethrow=0 return_oop=0}
                      ; - org.jetbrains.kotlin.incremental.classpathDiff.ClasspathEntrySnapshotter::snapshot@345 (line 305)
                      ;   {runtime_call throw_null_pointer_exception Runtime1 stub}
  0x0000023ac3dfaa48: 03e8 52a1 

  0x0000023ac3dfaa4c: ; ImmutableOopMap {[224]=Oop [344]=Oop rax=Oop [352]=Oop [336]=Oop }
                      ;*invokeinterface hasNext {reexecute=0 rethrow=0 return_oop=0}
                      ; - org.jetbrains.kotlin.incremental.classpathDiff.ClasspathEntrySnapshotter::snapshot@354 (line 305)
  0x0000023ac3dfaa4c: 7b03 4889 

  0x0000023ac3dfaa50: ;   {runtime_call throw_class_cast_exception Runtime1 stub}
  0x0000023ac3dfaa50: 0424 e849 

  0x0000023ac3dfaa54: ; ImmutableOopMap {[224]=Oop [344]=Oop [352]=Oop [336]=Oop }
                      ;*checkcast {reexecute=0 rethrow=0 return_oop=0}
                      ; - org.jetbrains.kotlin.incremental.classpathDiff.ClasspathEntrySnapshotter::snapshot@375 (line 306)
                      ;   {runtime_call throw_null_pointer_exception Runtime1 stub}
  0x0000023ac3dfaa54: c57b 03e8 

  0x0000023ac3dfaa58: ; ImmutableOopMap {[224]=Oop [344]=Oop [352]=Oop [336]=Oop r8=Oop }
                      ;*invokevirtual getClassFile {reexecute=0 rethrow=0 return_oop=0}
                      ; - org.jetbrains.kotlin.incremental.classpathDiff.ClasspathEntrySnapshotter::snapshot@387 (line 60)
  0x0000023ac3dfaa58: 44a1 7b03 

  0x0000023ac3dfaa5c: ;   {runtime_call throw_null_pointer_exception Runtime1 stub}
  0x0000023ac3dfaa5c: e83f a17b 

  0x0000023ac3dfaa60: ; ImmutableOopMap {[224]=Oop [344]=Oop [352]=Oop [336]=Oop r8=Oop }
                      ;*invokevirtual getUnixStyleRelativePath {reexecute=0 rethrow=0 return_oop=0}
                      ; - org.jetbrains.kotlin.incremental.classpathDiff.ClasspathEntrySnapshotter::snapshot@390 (line 60)
                      ;   {metadata({method} {0x0000023ad74367c8} 'add' '(Ljava/lang/Object;)Z' in 'java/util/ArrayList')}
  0x0000023ac3dfaa60: 0349 bac0 | 6743 d73a | 0200 004c | 8954 2408 | 48c7 0424 | ffff ffff 

  0x0000023ac3dfaa78: ;   {runtime_call counter_overflow Runtime1 stub}
  0x0000023ac3dfaa78: e803 f27b 

  0x0000023ac3dfaa7c: ; ImmutableOopMap {[224]=Oop [344]=Oop [352]=Oop [336]=Oop rsi=Oop }
                      ;*synchronization entry
                      ; - java.util.ArrayList::add@-1 (line 466)
                      ; - org.jetbrains.kotlin.incremental.classpathDiff.ClasspathEntrySnapshotter::snapshot@396 (line 306)
  0x0000023ac3dfaa7c: 03e9 0bdd 

  0x0000023ac3dfaa80: ;   {metadata({method} {0x0000023ad7436ad8} 'add' '(Ljava/lang/Object;[Ljava/lang/Object;I)V' in 'java/util/ArrayList')}
  0x0000023ac3dfaa80: ffff 49ba | d06a 43d7 | 3a02 0000 | 4c89 5424 | 0848 c704 | 24ff ffff 

  0x0000023ac3dfaa98: ;   {runtime_call counter_overflow Runtime1 stub}
  0x0000023ac3dfaa98: ffe8 e2f1 

  0x0000023ac3dfaa9c: ; ImmutableOopMap {[224]=Oop [344]=Oop [352]=Oop rsi=Oop rax=Oop [336]=Oop r8=Oop }
                      ;*synchronization entry
                      ; - java.util.ArrayList::add@-1 (line 453)
                      ; - java.util.ArrayList::add@20 (line 467)
                      ; - org.jetbrains.kotlin.incremental.classpathDiff.ClasspathEntrySnapshotter::snapshot@396 (line 306)
  0x0000023ac3dfaa9c: 7b03 e941 

  0x0000023ac3dfaaa0: ;   {runtime_call throw_null_pointer_exception Runtime1 stub}
  0x0000023ac3dfaaa0: ddff ffe8 

  0x0000023ac3dfaaa4: ; ImmutableOopMap {[224]=Oop [344]=Oop [352]=Oop rsi=Oop rax=Oop [336]=Oop r8=Oop }
                      ;*arraylength {reexecute=0 rethrow=0 return_oop=0}
                      ; - java.util.ArrayList::add@2 (line 453)
                      ; - java.util.ArrayList::add@20 (line 467)
                      ; - org.jetbrains.kotlin.incremental.classpathDiff.ClasspathEntrySnapshotter::snapshot@396 (line 306)
  0x0000023ac3dfaaa4: f8a0 7b03 

  0x0000023ac3dfaaa8: ;   {metadata({method} {0x0000023ad7436e48} 'grow' '()[Ljava/lang/Object;' in 'java/util/ArrayList')}
  0x0000023ac3dfaaa8: 49ba 406e | 43d7 3a02 | 0000 4c89 | 5424 0848 | c704 24ff 

  0x0000023ac3dfaabc: ;   {runtime_call counter_overflow Runtime1 stub}
  0x0000023ac3dfaabc: ffff ffe8 

  0x0000023ac3dfaac0: ; ImmutableOopMap {[224]=Oop [344]=Oop [352]=Oop rax=Oop [336]=Oop [368]=Oop }
                      ;*synchronization entry
                      ; - java.util.ArrayList::grow@-1 (line 244)
                      ; - java.util.ArrayList::add@7 (line 454)
                      ; - java.util.ArrayList::add@20 (line 467)
                      ; - org.jetbrains.kotlin.incremental.classpathDiff.ClasspathEntrySnapshotter::snapshot@396 (line 306)
  0x0000023ac3dfaac0: bcf1 7b03 | e99e ddff 

  0x0000023ac3dfaac8: ;   {runtime_call throw_null_pointer_exception Runtime1 stub}
  0x0000023ac3dfaac8: ffe8 d2a0 

  0x0000023ac3dfaacc: ; ImmutableOopMap {[224]=Oop [344]=Oop [352]=Oop r8=Oop rax=Oop [336]=Oop rsi=Oop }
                      ;*aastore {reexecute=1 rethrow=0 return_oop=0}
                      ; - (reexecute) java.util.ArrayList::add@14 (line 455)
                      ; - java.util.ArrayList::add@20 (line 467)
                      ; - org.jetbrains.kotlin.incremental.classpathDiff.ClasspathEntrySnapshotter::snapshot@396 (line 306)
                      ;   {runtime_call throw_null_pointer_exception Runtime1 stub}
  0x0000023ac3dfaacc: 7b03 e8cd 

  0x0000023ac3dfaad0: ; ImmutableOopMap {[224]=Oop [344]=Oop [352]=Oop r8=Oop rax=Oop [336]=Oop rsi=Oop }
                      ;*aastore {reexecute=1 rethrow=0 return_oop=0}
                      ; - (reexecute) java.util.ArrayList::add@14 (line 455)
                      ; - java.util.ArrayList::add@20 (line 467)
                      ; - org.jetbrains.kotlin.incremental.classpathDiff.ClasspathEntrySnapshotter::snapshot@396 (line 306)
  0x0000023ac3dfaad0: a07b 0348 | 893c 244c | 8944 2408 

  0x0000023ac3dfaadc: ;   {runtime_call throw_range_check_failed Runtime1 stub}
  0x0000023ac3dfaadc: e8bf 977b 

  0x0000023ac3dfaae0: ; ImmutableOopMap {[224]=Oop [344]=Oop [352]=Oop r8=Oop rax=Oop [336]=Oop rsi=Oop }
                      ;*aastore {reexecute=1 rethrow=0 return_oop=0}
                      ; - (reexecute) java.util.ArrayList::add@14 (line 455)
                      ; - java.util.ArrayList::add@20 (line 467)
                      ; - org.jetbrains.kotlin.incremental.classpathDiff.ClasspathEntrySnapshotter::snapshot@396 (line 306)
                      ;   {runtime_call throw_null_pointer_exception Runtime1 stub}
  0x0000023ac3dfaae0: 03e8 baa0 

  0x0000023ac3dfaae4: ; ImmutableOopMap {[224]=Oop [344]=Oop [352]=Oop r8=Oop rax=Oop [336]=Oop rsi=Oop }
                      ;*aastore {reexecute=1 rethrow=0 return_oop=0}
                      ; - (reexecute) java.util.ArrayList::add@14 (line 455)
                      ; - java.util.ArrayList::add@20 (line 467)
                      ; - org.jetbrains.kotlin.incremental.classpathDiff.ClasspathEntrySnapshotter::snapshot@396 (line 306)
  0x0000023ac3dfaae4: 7b03 4889 

  0x0000023ac3dfaae8: ;   {runtime_call throw_array_store_exception Runtime1 stub}
  0x0000023ac3dfaae8: 3424 e8b1 

  0x0000023ac3dfaaec: ; ImmutableOopMap {[224]=Oop [344]=Oop [352]=Oop r8=Oop rax=Oop [336]=Oop rsi=Oop }
                      ;*aastore {reexecute=1 rethrow=0 return_oop=0}
                      ; - (reexecute) java.util.ArrayList::add@14 (line 455)
                      ; - java.util.ArrayList::add@20 (line 467)
                      ; - org.jetbrains.kotlin.incremental.classpathDiff.ClasspathEntrySnapshotter::snapshot@396 (line 306)
  0x0000023ac3dfaaec: c17b 0344 | 8b02 4983 | f800 0f84 | efde ffff | 4c89 0424 

  0x0000023ac3dfab00: ;   {runtime_call g1_pre_barrier_slow}
  0x0000023ac3dfab00: e87b f77b | 03e9 e1de | ffff 4883 | fe00 0f84 | f1de ffff | 4889 1424 

  0x0000023ac3dfab18: ;   {runtime_call g1_post_barrier_slow}
  0x0000023ac3dfab18: e863 fa7b | 03e9 e3de 

  0x0000023ac3dfab20: ;   {metadata({method} {0x0000023a8a2b7f90} 'snapshot' '(Ljava/io/File;Lorg/jetbrains/kotlin/buildtools/api/jvm/ClassSnapshotGranularity;Lorg/jetbrains/kotlin/build/report/metrics/BuildMetricsReporter;)Lorg/jetbrains/kotlin/incremental/classpathDiff/ClasspathEntrySnapshot;' in 'org/jetbrains/kotlin/incremental/classpathDiff/ClasspathEntrySnapshotter')}
  0x0000023ac3dfab20: ffff 49ba | 887f 2b8a | 3a02 0000 | 4c89 5424 | 0848 c704 | 2492 0100 

  0x0000023ac3dfab38: ;   {runtime_call counter_overflow Runtime1 stub}
  0x0000023ac3dfab38: 00e8 42f1 

  0x0000023ac3dfab3c: ; ImmutableOopMap {[224]=Oop [344]=Oop [352]=Oop rax=Oop [336]=Oop }
                      ;*goto {reexecute=1 rethrow=0 return_oop=0}
                      ; - (reexecute) org.jetbrains.kotlin.incremental.classpathDiff.ClasspathEntrySnapshotter::snapshot@402 (line 306)
  0x0000023ac3dfab3c: 7b03 e9f4 | deff ff48 

  0x0000023ac3dfab44: ;   {runtime_call throw_class_cast_exception Runtime1 stub}
  0x0000023ac3dfab44: 893c 24e8 

  0x0000023ac3dfab48: ; ImmutableOopMap {[224]=Oop rax=Oop [336]=Oop }
                      ;*checkcast {reexecute=0 rethrow=0 return_oop=0}
                      ; - org.jetbrains.kotlin.incremental.classpathDiff.ClasspathEntrySnapshotter::snapshot@416 (line 60)
  0x0000023ac3dfab48: 54c4 7b03 | 4889 0424 

  0x0000023ac3dfab50: ;   {runtime_call throw_class_cast_exception Runtime1 stub}
  0x0000023ac3dfab50: e84b c47b 

  0x0000023ac3dfab54: ; ImmutableOopMap {[224]=Oop }
                      ;*checkcast {reexecute=0 rethrow=0 return_oop=0}
                      ; - org.jetbrains.kotlin.incremental.classpathDiff.ClasspathEntrySnapshotter::snapshot@422 (line 60)
  0x0000023ac3dfab54: 0348 8bd2 

  0x0000023ac3dfab58: ;   {runtime_call fast_new_instance Runtime1 stub}
  0x0000023ac3dfab58: e823 a97b 

  0x0000023ac3dfab5c: ; ImmutableOopMap {[224]=Oop r8=Oop }
                      ;*new {reexecute=0 rethrow=0 return_oop=0}
                      ; - org.jetbrains.kotlin.incremental.classpathDiff.ClasspathEntrySnapshotter::snapshot@425 (line 60)
  0x0000023ac3dfab5c: 03e9 a7e1 

  0x0000023ac3dfab60: ;   {metadata({method} {0x0000023ad73a3190} '<init>' '()V' in 'java/util/LinkedHashMap')}
  0x0000023ac3dfab60: ffff 49ba | 8831 3ad7 | 3a02 0000 | 4c89 5424 | 0848 c704 | 24ff ffff 

  0x0000023ac3dfab78: ;   {runtime_call counter_overflow Runtime1 stub}
  0x0000023ac3dfab78: ffe8 02f1 

  0x0000023ac3dfab7c: ; ImmutableOopMap {[224]=Oop r8=Oop rax=Oop }
                      ;*synchronization entry
                      ; - java.util.LinkedHashMap::<init>@-1 (line 369)
                      ; - org.jetbrains.kotlin.incremental.classpathDiff.ClasspathEntrySnapshotter::snapshot@429 (line 60)
  0x0000023ac3dfab7c: 7b03 e9c3 

  0x0000023ac3dfab80: ;   {metadata({method} {0x0000023ad73a1618} '<init>' '()V' in 'java/util/HashMap')}
  0x0000023ac3dfab80: e1ff ff49 | ba10 163a | d73a 0200 | 004c 8954 | 2408 48c7 | 0424 ffff 

  0x0000023ac3dfab98: ;   {runtime_call counter_overflow Runtime1 stub}
  0x0000023ac3dfab98: ffff e8e1 

  0x0000023ac3dfab9c: ; ImmutableOopMap {[224]=Oop r8=Oop rax=Oop }
                      ;*synchronization entry
                      ; - java.util.HashMap::<init>@-1 (line 469)
                      ; - java.util.LinkedHashMap::<init>@1 (line 369)
                      ; - org.jetbrains.kotlin.incremental.classpathDiff.ClasspathEntrySnapshotter::snapshot@429 (line 60)
  0x0000023ac3dfab9c: f07b 03e9 | dfe1 ffff 

  0x0000023ac3dfaba4: ;   {metadata({method} {0x0000023ad73c0b90} '<init>' '()V' in 'java/util/AbstractMap')}
  0x0000023ac3dfaba4: 49ba 880b | 3cd7 3a02 | 0000 4c89 | 5424 0848 | c704 24ff 

  0x0000023ac3dfabb8: ;   {runtime_call counter_overflow Runtime1 stub}
  0x0000023ac3dfabb8: ffff ffe8 

  0x0000023ac3dfabbc: ; ImmutableOopMap {[224]=Oop r8=Oop rax=Oop }
                      ;*synchronization entry
                      ; - java.util.AbstractMap::<init>@-1 (line 73)
                      ; - java.util.HashMap::<init>@1 (line 469)
                      ; - java.util.LinkedHashMap::<init>@1 (line 369)
                      ; - org.jetbrains.kotlin.incremental.classpathDiff.ClasspathEntrySnapshotter::snapshot@429 (line 60)
  0x0000023ac3dfabbc: c0f0 7b03 | e9fb e1ff 

  0x0000023ac3dfabc4: ;   {metadata({method} {0x0000023ad7448c28} '<init>' '()V' in 'java/lang/Object')}
  0x0000023ac3dfabc4: ff49 ba20 | 8c44 d73a | 0200 004c | 8954 2408 | 48c7 0424 | ffff ffff 

  0x0000023ac3dfabdc: ;   {runtime_call counter_overflow Runtime1 stub}
  0x0000023ac3dfabdc: e89f f07b 

  0x0000023ac3dfabe0: ; ImmutableOopMap {[224]=Oop r8=Oop rax=Oop }
                      ;*synchronization entry
                      ; - java.lang.Object::<init>@-1 (line 44)
                      ; - java.util.AbstractMap::<init>@1 (line 73)
                      ; - java.util.HashMap::<init>@1 (line 469)
                      ; - java.util.LinkedHashMap::<init>@1 (line 369)
                      ; - org.jetbrains.kotlin.incremental.classpathDiff.ClasspathEntrySnapshotter::snapshot@429 (line 60)
  0x0000023ac3dfabe0: 03e9 17e2 | ffff 4889 

  0x0000023ac3dfabe8: ;   {runtime_call throw_class_cast_exception Runtime1 stub}
  0x0000023ac3dfabe8: 0424 e8b1 

  0x0000023ac3dfabec: ; ImmutableOopMap {[224]=Oop }
                      ;*checkcast {reexecute=0 rethrow=0 return_oop=0}
                      ; - org.jetbrains.kotlin.incremental.classpathDiff.ClasspathEntrySnapshotter::snapshot@438 (line 60)
  0x0000023ac3dfabec: c37b 0348 

  0x0000023ac3dfabf0: ;   {runtime_call fast_new_instance Runtime1 stub}
  0x0000023ac3dfabf0: 8bd2 e889 

  0x0000023ac3dfabf4: ; ImmutableOopMap {[224]=Oop rbx=Oop [392]=Oop }
                      ;*new {reexecute=0 rethrow=0 return_oop=0}
                      ; - org.jetbrains.kotlin.incremental.classpathDiff.ClasspathEntrySnapshotter::snapshot@443 (line 59)
  0x0000023ac3dfabf4: a87b 03e9 | 6ee3 ffff 

  0x0000023ac3dfabfc: ;   {metadata({method} {0x0000023a8a54d630} '<init>' '(Ljava/util/LinkedHashMap;)V' in 'org/jetbrains/kotlin/incremental/classpathDiff/ClasspathEntrySnapshot')}
  0x0000023ac3dfabfc: 49ba 28d6 | 548a 3a02 | 0000 4c89 | 5424 0848 | c704 24ff 

  0x0000023ac3dfac10: ;   {runtime_call counter_overflow Runtime1 stub}
  0x0000023ac3dfac10: ffff ffe8 

  0x0000023ac3dfac14: ; ImmutableOopMap {[224]=Oop rbx=Oop [392]=Oop rax=Oop [384]=Oop }
                      ;*synchronization entry
                      ; - org.jetbrains.kotlin.incremental.classpathDiff.ClasspathEntrySnapshot::<init>@-1
                      ; - org.jetbrains.kotlin.incremental.classpathDiff.ClasspathEntrySnapshotter::snapshot@449 (line 59)
  0x0000023ac3dfac14: 68f0 7b03 | e992 e3ff 

  0x0000023ac3dfac1c: ;   {metadata({method} {0x0000023a8a2b4178} 'checkNotNullParameter' '(Ljava/lang/Object;Ljava/lang/String;)V' in 'kotlin/jvm/internal/Intrinsics')}
  0x0000023ac3dfac1c: ff49 ba70 | 412b 8a3a | 0200 004c | 8954 2408 | 48c7 0424 | ffff ffff 

  0x0000023ac3dfac34: ;   {runtime_call counter_overflow Runtime1 stub}
  0x0000023ac3dfac34: e847 f07b 

  0x0000023ac3dfac38: ; ImmutableOopMap {[224]=Oop rbx=Oop [392]=Oop rax=Oop [384]=Oop }
                      ;*synchronization entry
                      ; - kotlin.jvm.internal.Intrinsics::checkNotNullParameter@-1 (line 130)
                      ; - org.jetbrains.kotlin.incremental.classpathDiff.ClasspathEntrySnapshot::<init>@3
                      ; - org.jetbrains.kotlin.incremental.classpathDiff.ClasspathEntrySnapshotter::snapshot@449 (line 59)
  0x0000023ac3dfac38: 03e9 abe3 

  0x0000023ac3dfac3c: ;   {metadata({method} {0x0000023a8a2b42d8} 'throwParameterIsNullNPE' '(Ljava/lang/String;)V' in 'kotlin/jvm/internal/Intrinsics')}
  0x0000023ac3dfac3c: ffff 49ba | d042 2b8a | 3a02 0000 | 4c89 5424 | 0848 c704 | 24ff ffff 

  0x0000023ac3dfac54: ;   {runtime_call counter_overflow Runtime1 stub}
  0x0000023ac3dfac54: ffe8 26f0 

  0x0000023ac3dfac58: ; ImmutableOopMap {[224]=Oop [384]=Oop [392]=Oop }
                      ;*synchronization entry
                      ; - kotlin.jvm.internal.Intrinsics::throwParameterIsNullNPE@-1 (line 140)
                      ; - kotlin.jvm.internal.Intrinsics::checkNotNullParameter@5 (line 131)
                      ; - org.jetbrains.kotlin.incremental.classpathDiff.ClasspathEntrySnapshot::<init>@3
                      ; - org.jetbrains.kotlin.incremental.classpathDiff.ClasspathEntrySnapshotter::snapshot@449 (line 59)
  0x0000023ac3dfac58: 7b03 e9fe 

  0x0000023ac3dfac5c: ;   {metadata(NULL)}
  0x0000023ac3dfac5c: e3ff ff48 | ba00 0000 | 0000 0000 | 00b8 000f 

  0x0000023ac3dfac6c: ;   {runtime_call load_klass_patching Runtime1 stub}
  0x0000023ac3dfac6c: 050a e88d 

  0x0000023ac3dfac70: ; ImmutableOopMap {[224]=Oop [384]=Oop [392]=Oop }
                      ;*new {reexecute=1 rethrow=0 return_oop=0}
                      ; - (reexecute) kotlin.jvm.internal.Intrinsics::throwParameterIsNullNPE@0 (line 140)
                      ; - kotlin.jvm.internal.Intrinsics::checkNotNullParameter@5 (line 131)
                      ; - org.jetbrains.kotlin.incremental.classpathDiff.ClasspathEntrySnapshot::<init>@3
                      ; - org.jetbrains.kotlin.incremental.classpathDiff.ClasspathEntrySnapshotter::snapshot@449 (line 59)
  0x0000023ac3dfac70: df7b 03e9 | e8e3 ffff 

  0x0000023ac3dfac78: ;   {runtime_call fast_new_instance Runtime1 stub}
  0x0000023ac3dfac78: 488b d2e8 

  0x0000023ac3dfac7c: ; ImmutableOopMap {[224]=Oop [392]=Oop [384]=Oop }
                      ;*new {reexecute=0 rethrow=0 return_oop=0}
                      ; - kotlin.jvm.internal.Intrinsics::throwParameterIsNullNPE@0 (line 140)
                      ; - kotlin.jvm.internal.Intrinsics::checkNotNullParameter@5 (line 131)
                      ; - org.jetbrains.kotlin.incremental.classpathDiff.ClasspathEntrySnapshot::<init>@3
                      ; - org.jetbrains.kotlin.incremental.classpathDiff.ClasspathEntrySnapshotter::snapshot@449 (line 59)
  0x0000023ac3dfac7c: 00a8 7b03 | e937 e4ff 

  0x0000023ac3dfac84: ;   {metadata({method} {0x0000023a8a2b52a0} 'sanitizeStackTrace' '(Ljava/lang/Throwable;)Ljava/lang/Throwable;' in 'kotlin/jvm/internal/Intrinsics')}
  0x0000023ac3dfac84: ff49 ba98 | 522b 8a3a | 0200 004c | 8954 2408 | 48c7 0424 | ffff ffff 

  0x0000023ac3dfac9c: ;   {runtime_call counter_overflow Runtime1 stub}
  0x0000023ac3dfac9c: e8df ef7b 

  0x0000023ac3dfaca0: ; ImmutableOopMap {[224]=Oop [384]=Oop [392]=Oop [376]=Oop }
                      ;*synchronization entry
                      ; - kotlin.jvm.internal.Intrinsics::sanitizeStackTrace@-1 (line 253)
                      ; - kotlin.jvm.internal.Intrinsics::throwParameterIsNullNPE@11 (line 140)
                      ; - kotlin.jvm.internal.Intrinsics::checkNotNullParameter@5 (line 131)
                      ; - org.jetbrains.kotlin.incremental.classpathDiff.ClasspathEntrySnapshot::<init>@3
                      ; - org.jetbrains.kotlin.incremental.classpathDiff.ClasspathEntrySnapshotter::snapshot@449 (line 59)
  0x0000023ac3dfaca0: 03e9 b0e4 

  0x0000023ac3dfaca4: ;   {metadata({method} {0x0000023ad7445570} 'getName' '()Ljava/lang/String;' in 'java/lang/Class')}
  0x0000023ac3dfaca4: ffff 49ba | 6855 44d7 | 3a02 0000 | 4c89 5424 | 0848 c704 | 24ff ffff 

  0x0000023ac3dfacbc: ;   {runtime_call counter_overflow Runtime1 stub}
  0x0000023ac3dfacbc: ffe8 beef 

  0x0000023ac3dfacc0: ; ImmutableOopMap {[224]=Oop [384]=Oop [392]=Oop [376]=Oop rdx=Oop }
                      ;*synchronization entry
                      ; - java.lang.Class::getName@-1 (line 862)
                      ; - kotlin.jvm.internal.Intrinsics::sanitizeStackTrace@3 (line 253)
                      ; - kotlin.jvm.internal.Intrinsics::throwParameterIsNullNPE@11 (line 140)
                      ; - kotlin.jvm.internal.Intrinsics::checkNotNullParameter@5 (line 131)
                      ; - org.jetbrains.kotlin.incremental.classpathDiff.ClasspathEntrySnapshot::<init>@3
                      ; - org.jetbrains.kotlin.incremental.classpathDiff.ClasspathEntrySnapshotter::snapshot@449 (line 59)
  0x0000023ac3dfacc0: 7b03 e9d6 

  0x0000023ac3dfacc4: ;   {runtime_call throw_null_pointer_exception Runtime1 stub}
  0x0000023ac3dfacc4: e4ff ffe8 

  0x0000023ac3dfacc8: ; ImmutableOopMap {[224]=Oop [384]=Oop [392]=Oop [376]=Oop }
                      ;*getfield name {reexecute=1 rethrow=0 return_oop=0}
                      ; - (reexecute) java.lang.Class::getName@1 (line 862)
                      ; - kotlin.jvm.internal.Intrinsics::sanitizeStackTrace@3 (line 253)
                      ; - kotlin.jvm.internal.Intrinsics::throwParameterIsNullNPE@11 (line 140)
                      ; - kotlin.jvm.internal.Intrinsics::checkNotNullParameter@5 (line 131)
                      ; - org.jetbrains.kotlin.incremental.classpathDiff.ClasspathEntrySnapshot::<init>@3
                      ; - org.jetbrains.kotlin.incremental.classpathDiff.ClasspathEntrySnapshotter::snapshot@449 (line 59)
  0x0000023ac3dfacc8: d49e 7b03 

  0x0000023ac3dfaccc: ;   {metadata({method} {0x0000023ad7448c28} '<init>' '()V' in 'java/lang/Object')}
  0x0000023ac3dfaccc: 49ba 208c | 44d7 3a02 | 0000 4c89 | 5424 0848 | c704 24ff 

  0x0000023ac3dface0: ;   {runtime_call counter_overflow Runtime1 stub}
  0x0000023ac3dface0: ffff ffe8 

  0x0000023ac3dface4: ; ImmutableOopMap {[224]=Oop rbx=Oop [392]=Oop rax=Oop [384]=Oop }
                      ;*synchronization entry
                      ; - java.lang.Object::<init>@-1 (line 44)
                      ; - org.jetbrains.kotlin.incremental.classpathDiff.ClasspathEntrySnapshot::<init>@7 (line 23)
                      ; - org.jetbrains.kotlin.incremental.classpathDiff.ClasspathEntrySnapshotter::snapshot@449 (line 59)
  0x0000023ac3dface4: 98ef 7b03 | e97c e5ff | ff8b 500c | 4883 fa00 | 0f84 7de5 | ffff 4889 

  0x0000023ac3dfacfc: ;   {runtime_call g1_pre_barrier_slow}
  0x0000023ac3dfacfc: 1424 e87d | f57b 03e9 | 6fe5 ffff | 4883 fb00 | 0f84 80e5 | ffff 4889 

  0x0000023ac3dfad14: ;   {runtime_call g1_post_barrier_slow}
  0x0000023ac3dfad14: 0424 e865 | f87b 03e9 | 72e5 ffff 

  0x0000023ac3dfad20: ;   {runtime_call throw_incompatible_class_change_error Runtime1 stub}
  0x0000023ac3dfad20: e87b c57b 

  0x0000023ac3dfad24: ; ImmutableOopMap {rsi=Oop [224]=Oop rdi=Oop [184]=Oop rax=Oop }
                      ;*invokeinterface endMeasure {reexecute=0 rethrow=0 return_oop=0}
                      ; - org.jetbrains.kotlin.incremental.classpathDiff.ClasspathEntrySnapshotter::snapshot@297 (line 303)
                      ;   {metadata({method} {0x0000023a8a2bb3c8} 'endMeasure' '(Lorg/jetbrains/kotlin/build/report/metrics/BuildTime;)V' in 'org/jetbrains/kotlin/build/report/metrics/DoNothingBuildMetricsReporter')}
  0x0000023ac3dfad24: 0349 bac0 | b32b 8a3a | 0200 004c | 8954 2408 | 48c7 0424 | ffff ffff 

  0x0000023ac3dfad3c: ;   {runtime_call counter_overflow Runtime1 stub}
  0x0000023ac3dfad3c: e83f ef7b 

  0x0000023ac3dfad40: ; ImmutableOopMap {rsi=Oop [224]=Oop rdi=Oop [184]=Oop rax=Oop }
                      ;*synchronization entry
                      ; - org.jetbrains.kotlin.build.report.metrics.DoNothingBuildMetricsReporter::endMeasure@-1 (line 8)
                      ; - org.jetbrains.kotlin.incremental.classpathDiff.ClasspathEntrySnapshotter::snapshot@297 (line 303)
  0x0000023ac3dfad40: 03e9 41e6 

  0x0000023ac3dfad44: ;   {metadata({method} {0x0000023a8a2babd0} 'endMeasure' '(Lorg/jetbrains/kotlin/build/report/metrics/GradleBuildTime;)V' in 'org/jetbrains/kotlin/build/report/metrics/DoNothingBuildMetricsReporter')}
  0x0000023ac3dfad44: ffff 49ba | c8ab 2b8a | 3a02 0000 | 4c89 5424 | 0848 c704 | 24ff ffff 

  0x0000023ac3dfad5c: ;   {runtime_call counter_overflow Runtime1 stub}
  0x0000023ac3dfad5c: ffe8 1eef 

  0x0000023ac3dfad60: ; ImmutableOopMap {rsi=Oop [224]=Oop rax=Oop }
                      ;*synchronization entry
                      ; - org.jetbrains.kotlin.build.report.metrics.DoNothingBuildMetricsReporter::endMeasure@-1
                      ; - org.jetbrains.kotlin.build.report.metrics.DoNothingBuildMetricsReporter::endMeasure@5 (line 8)
                      ; - org.jetbrains.kotlin.incremental.classpathDiff.ClasspathEntrySnapshotter::snapshot@297 (line 303)
  0x0000023ac3dfad60: 7b03 e95a 

  0x0000023ac3dfad64: ;   {metadata({method} {0x0000023a8a2b4178} 'checkNotNullParameter' '(Ljava/lang/Object;Ljava/lang/String;)V' in 'kotlin/jvm/internal/Intrinsics')}
  0x0000023ac3dfad64: e6ff ff49 | ba70 412b | 8a3a 0200 | 004c 8954 | 2408 48c7 | 0424 ffff 

  0x0000023ac3dfad7c: ;   {runtime_call counter_overflow Runtime1 stub}
  0x0000023ac3dfad7c: ffff e8fd 

  0x0000023ac3dfad80: ; ImmutableOopMap {rsi=Oop [224]=Oop rax=Oop }
                      ;*synchronization entry
                      ; - kotlin.jvm.internal.Intrinsics::checkNotNullParameter@-1 (line 130)
                      ; - org.jetbrains.kotlin.build.report.metrics.DoNothingBuildMetricsReporter::endMeasure@3
                      ; - org.jetbrains.kotlin.build.report.metrics.DoNothingBuildMetricsReporter::endMeasure@5 (line 8)
                      ; - org.jetbrains.kotlin.incremental.classpathDiff.ClasspathEntrySnapshotter::snapshot@297 (line 303)
  0x0000023ac3dfad80: ee7b 03e9 | 73e6 ffff 

  0x0000023ac3dfad88: ;   {runtime_call throw_null_pointer_exception Runtime1 stub}
  0x0000023ac3dfad88: e813 9e7b 

  0x0000023ac3dfad8c: ; ImmutableOopMap {rsi=Oop [224]=Oop [384]=Oop }
                      ;*invokeinterface close {reexecute=0 rethrow=0 return_oop=0}
                      ; - org.jetbrains.kotlin.incremental.classpathDiff.ClasspathEntrySnapshotter::snapshot@461 (line 309)
                      ;   {internal_word}
  0x0000023ac3dfad8c: 0349 bae4 | 94df c33a | 0200 004d | 8997 6003 

  0x0000023ac3dfad9c: ;   {runtime_call SafepointBlob}
  0x0000023ac3dfad9c: 0000 e95d | 8671 0348 

  0x0000023ac3dfada4: ;   {runtime_call throw_class_cast_exception Runtime1 stub}
  0x0000023ac3dfada4: 8904 24e8 

  0x0000023ac3dfada8: ; ImmutableOopMap {[224]=Oop r8=Oop [384]=Oop rbx=Oop [392]=Oop }
                      ;*checkcast {reexecute=0 rethrow=0 return_oop=0}
                      ; - kotlin.jvm.internal.Intrinsics::throwParameterIsNullNPE@14 (line 140)
                      ; - kotlin.jvm.internal.Intrinsics::checkNotNullParameter@5 (line 131)
                      ; - org.jetbrains.kotlin.incremental.classpathDiff.ClasspathEntrySnapshot::<init>@3
                      ; - org.jetbrains.kotlin.incremental.classpathDiff.ClasspathEntrySnapshotter::snapshot@449 (line 59)
  0x0000023ac3dfada8: f4c1 7b03 

  0x0000023ac3dfadac: ;   {runtime_call throw_null_pointer_exception Runtime1 stub}
  0x0000023ac3dfadac: e8ef 9d7b 

  0x0000023ac3dfadb0: ; ImmutableOopMap {[224]=Oop r8=Oop [384]=Oop rbx=Oop [392]=Oop rax=Oop }
                      ;*athrow {reexecute=1 rethrow=0 return_oop=0}
                      ; - (reexecute) kotlin.jvm.internal.Intrinsics::throwParameterIsNullNPE@17 (line 140)
                      ; - kotlin.jvm.internal.Intrinsics::checkNotNullParameter@5 (line 131)
                      ; - org.jetbrains.kotlin.incremental.classpathDiff.ClasspathEntrySnapshot::<init>@3
                      ; - org.jetbrains.kotlin.incremental.classpathDiff.ClasspathEntrySnapshotter::snapshot@449 (line 59)
  0x0000023ac3dfadb0: 0348 8904 

  0x0000023ac3dfadb4: ;   {runtime_call throw_class_cast_exception Runtime1 stub}
  0x0000023ac3dfadb4: 24e8 e6c1 

  0x0000023ac3dfadb8: ; ImmutableOopMap {[224]=Oop rbx=Oop [328]=Oop r8=Oop [344]=Oop rsi=Oop [336]=Oop }
                      ;*checkcast {reexecute=0 rethrow=0 return_oop=0}
                      ; - kotlin.jvm.internal.Intrinsics::throwParameterIsNullNPE@14 (line 140)
                      ; - kotlin.jvm.internal.Intrinsics::checkNotNullParameter@5 (line 131)
                      ; - kotlin.collections.CollectionsKt__IterablesKt::collectionSizeOrDefault@3
                      ; - org.jetbrains.kotlin.incremental.classpathDiff.ClasspathEntrySnapshotter::snapshot@329 (line 304)
                      ;   {runtime_call throw_null_pointer_exception Runtime1 stub}
  0x0000023ac3dfadb8: 7b03 e8e1 

  0x0000023ac3dfadbc: ; ImmutableOopMap {[224]=Oop rbx=Oop [328]=Oop r8=Oop [344]=Oop rsi=Oop [336]=Oop rax=Oop }
                      ;*athrow {reexecute=1 rethrow=0 return_oop=0}
                      ; - (reexecute) kotlin.jvm.internal.Intrinsics::throwParameterIsNullNPE@17 (line 140)
                      ; - kotlin.jvm.internal.Intrinsics::checkNotNullParameter@5 (line 131)
                      ; - kotlin.collections.CollectionsKt__IterablesKt::collectionSizeOrDefault@3
                      ; - org.jetbrains.kotlin.incremental.classpathDiff.ClasspathEntrySnapshotter::snapshot@329 (line 304)
  0x0000023ac3dfadbc: 9d7b 0348 

  0x0000023ac3dfadc0: ;   {runtime_call throw_class_cast_exception Runtime1 stub}
  0x0000023ac3dfadc0: 8904 24e8 

  0x0000023ac3dfadc4: ; ImmutableOopMap {[224]=Oop [192]=Oop [216]=Oop [176]=Oop [184]=Oop [248]=Oop rbx=Oop [256]=Oop r8=Oop [272]=Oop rdi=Oop [280]=Oop rsi=Oop }
                      ;*checkcast {reexecute=0 rethrow=0 return_oop=0}
                      ; - kotlin.jvm.internal.Intrinsics::throwParameterIsNullNPE@14 (line 140)
                      ; - kotlin.jvm.internal.Intrinsics::checkNotNullParameter@5 (line 131)
                      ; - org.jetbrains.kotlin.incremental.classpathDiff.ClassFileWithContentsProvider::<init>@9
                      ; - org.jetbrains.kotlin.incremental.classpathDiff.ClasspathEntrySnapshotter::snapshot@183 (line 50)
  0x0000023ac3dfadc4: d8c1 7b03 

  0x0000023ac3dfadc8: ;   {runtime_call throw_null_pointer_exception Runtime1 stub}
  0x0000023ac3dfadc8: e8d3 9d7b 

  0x0000023ac3dfadcc: ; ImmutableOopMap {[224]=Oop [192]=Oop [216]=Oop [176]=Oop [184]=Oop [248]=Oop rbx=Oop [256]=Oop r8=Oop [272]=Oop rdi=Oop [280]=Oop rsi=Oop rax=Oop }
                      ;*athrow {reexecute=1 rethrow=0 return_oop=0}
                      ; - (reexecute) kotlin.jvm.internal.Intrinsics::throwParameterIsNullNPE@17 (line 140)
                      ; - kotlin.jvm.internal.Intrinsics::checkNotNullParameter@5 (line 131)
                      ; - org.jetbrains.kotlin.incremental.classpathDiff.ClassFileWithContentsProvider::<init>@9
                      ; - org.jetbrains.kotlin.incremental.classpathDiff.ClasspathEntrySnapshotter::snapshot@183 (line 50)
  0x0000023ac3dfadcc: 0348 8904 

  0x0000023ac3dfadd0: ;   {runtime_call throw_class_cast_exception Runtime1 stub}
  0x0000023ac3dfadd0: 24e8 cac1 

  0x0000023ac3dfadd4: ; ImmutableOopMap {[224]=Oop [184]=Oop [176]=Oop [192]=Oop rsi=Oop [248]=Oop rbx=Oop [240]=Oop rdi=Oop [216]=Oop }
                      ;*checkcast {reexecute=0 rethrow=0 return_oop=0}
                      ; - kotlin.jvm.internal.Intrinsics::throwParameterIsNullNPE@14 (line 140)
                      ; - kotlin.jvm.internal.Intrinsics::checkNotNullParameter@5 (line 131)
                      ; - kotlin.collections.CollectionsKt__IterablesKt::collectionSizeOrDefault@3
                      ; - org.jetbrains.kotlin.incremental.classpathDiff.ClasspathEntrySnapshotter::snapshot@104 (line 294)
                      ;   {runtime_call throw_null_pointer_exception Runtime1 stub}
  0x0000023ac3dfadd4: 7b03 e8c5 

  0x0000023ac3dfadd8: ; ImmutableOopMap {[224]=Oop [184]=Oop [176]=Oop [192]=Oop rsi=Oop [248]=Oop rbx=Oop [240]=Oop rdi=Oop [216]=Oop rax=Oop }
                      ;*athrow {reexecute=1 rethrow=0 return_oop=0}
                      ; - (reexecute) kotlin.jvm.internal.Intrinsics::throwParameterIsNullNPE@17 (line 140)
                      ; - kotlin.jvm.internal.Intrinsics::checkNotNullParameter@5 (line 131)
                      ; - kotlin.collections.CollectionsKt__IterablesKt::collectionSizeOrDefault@3
                      ; - org.jetbrains.kotlin.incremental.classpathDiff.ClasspathEntrySnapshotter::snapshot@104 (line 294)
                      ;   {runtime_call throw_incompatible_class_change_error Runtime1 stub}
  0x0000023ac3dfadd8: 9d7b 03e8 

  0x0000023ac3dfaddc: ; ImmutableOopMap {[224]=Oop rax=Oop rdi=Oop [184]=Oop }
                      ;*invokeinterface endMeasure {reexecute=0 rethrow=0 return_oop=0}
                      ; - org.jetbrains.kotlin.incremental.classpathDiff.ClasspathEntrySnapshotter::snapshot@228 (line 298)
  0x0000023ac3dfaddc: c0c4 7b03 

  0x0000023ac3dfade0: ;   {metadata({method} {0x0000023a8a2bb3c8} 'endMeasure' '(Lorg/jetbrains/kotlin/build/report/metrics/BuildTime;)V' in 'org/jetbrains/kotlin/build/report/metrics/DoNothingBuildMetricsReporter')}
  0x0000023ac3dfade0: 49ba c0b3 | 2b8a 3a02 | 0000 4c89 | 5424 0848 | c704 24ff 

  0x0000023ac3dfadf4: ;   {runtime_call counter_overflow Runtime1 stub}
  0x0000023ac3dfadf4: ffff ffe8 

  0x0000023ac3dfadf8: ; ImmutableOopMap {[224]=Oop rax=Oop rdi=Oop [184]=Oop }
                      ;*synchronization entry
                      ; - org.jetbrains.kotlin.build.report.metrics.DoNothingBuildMetricsReporter::endMeasure@-1 (line 8)
                      ; - org.jetbrains.kotlin.incremental.classpathDiff.ClasspathEntrySnapshotter::snapshot@228 (line 298)
  0x0000023ac3dfadf8: 84ee 7b03 | e98c ecff 

  0x0000023ac3dfae00: ;   {metadata({method} {0x0000023a8a2babd0} 'endMeasure' '(Lorg/jetbrains/kotlin/build/report/metrics/GradleBuildTime;)V' in 'org/jetbrains/kotlin/build/report/metrics/DoNothingBuildMetricsReporter')}
  0x0000023ac3dfae00: ff49 bac8 | ab2b 8a3a | 0200 004c | 8954 2408 | 48c7 0424 | ffff ffff 

  0x0000023ac3dfae18: ;   {runtime_call counter_overflow Runtime1 stub}
  0x0000023ac3dfae18: e863 ee7b 

  0x0000023ac3dfae1c: ; ImmutableOopMap {[224]=Oop rax=Oop }
                      ;*synchronization entry
                      ; - org.jetbrains.kotlin.build.report.metrics.DoNothingBuildMetricsReporter::endMeasure@-1
                      ; - org.jetbrains.kotlin.build.report.metrics.DoNothingBuildMetricsReporter::endMeasure@5 (line 8)
                      ; - org.jetbrains.kotlin.incremental.classpathDiff.ClasspathEntrySnapshotter::snapshot@228 (line 298)
  0x0000023ac3dfae1c: 03e9 a5ec 

  0x0000023ac3dfae20: ;   {metadata({method} {0x0000023a8a2b4178} 'checkNotNullParameter' '(Ljava/lang/Object;Ljava/lang/String;)V' in 'kotlin/jvm/internal/Intrinsics')}
  0x0000023ac3dfae20: ffff 49ba | 7041 2b8a | 3a02 0000 | 4c89 5424 | 0848 c704 | 24ff ffff 

  0x0000023ac3dfae38: ;   {runtime_call counter_overflow Runtime1 stub}
  0x0000023ac3dfae38: ffe8 42ee 

  0x0000023ac3dfae3c: ; ImmutableOopMap {[224]=Oop rax=Oop }
                      ;*synchronization entry
                      ; - kotlin.jvm.internal.Intrinsics::checkNotNullParameter@-1 (line 130)
                      ; - org.jetbrains.kotlin.build.report.metrics.DoNothingBuildMetricsReporter::endMeasure@3
                      ; - org.jetbrains.kotlin.build.report.metrics.DoNothingBuildMetricsReporter::endMeasure@5 (line 8)
                      ; - org.jetbrains.kotlin.incremental.classpathDiff.ClasspathEntrySnapshotter::snapshot@228 (line 298)
  0x0000023ac3dfae3c: 7b03 e9be 

  0x0000023ac3dfae40: ;   {runtime_call throw_null_pointer_exception Runtime1 stub}
  0x0000023ac3dfae40: ecff ffe8 

  0x0000023ac3dfae44: ; ImmutableOopMap {rsi=Oop [224]=Oop [400]=Oop }
                      ;*invokeinterface close {reexecute=0 rethrow=0 return_oop=0}
                      ; - org.jetbrains.kotlin.incremental.classpathDiff.ClasspathEntrySnapshotter::snapshot@485 (line 313)
  0x0000023ac3dfae44: 589d 7b03 | 4889 0424 

  0x0000023ac3dfae4c: ;   {runtime_call throw_class_cast_exception Runtime1 stub}
  0x0000023ac3dfae4c: e84f c17b 

  0x0000023ac3dfae50: ; ImmutableOopMap {[176]=Oop [192]=Oop [184]=Oop }
                      ;*checkcast {reexecute=0 rethrow=0 return_oop=0}
                      ; - kotlin.jvm.internal.Intrinsics::throwParameterIsNullNPE@14 (line 140)
                      ; - kotlin.jvm.internal.Intrinsics::checkNotNullParameter@5 (line 131)
                      ; - org.jetbrains.kotlin.incremental.classpathDiff.ClasspathEntrySnapshotter::snapshot@15
                      ;   {runtime_call throw_null_pointer_exception Runtime1 stub}
  0x0000023ac3dfae50: 03e8 4a9d 

  0x0000023ac3dfae54: ; ImmutableOopMap {[176]=Oop [192]=Oop [184]=Oop rax=Oop }
                      ;*athrow {reexecute=1 rethrow=0 return_oop=0}
                      ; - (reexecute) kotlin.jvm.internal.Intrinsics::throwParameterIsNullNPE@17 (line 140)
                      ; - kotlin.jvm.internal.Intrinsics::checkNotNullParameter@5 (line 131)
                      ; - org.jetbrains.kotlin.incremental.classpathDiff.ClasspathEntrySnapshotter::snapshot@15
  0x0000023ac3dfae54: 7b03 4889 

  0x0000023ac3dfae58: ;   {runtime_call throw_class_cast_exception Runtime1 stub}
  0x0000023ac3dfae58: 0424 e841 

  0x0000023ac3dfae5c: ; ImmutableOopMap {[184]=Oop [192]=Oop [176]=Oop }
                      ;*checkcast {reexecute=0 rethrow=0 return_oop=0}
                      ; - kotlin.jvm.internal.Intrinsics::throwParameterIsNullNPE@14 (line 140)
                      ; - kotlin.jvm.internal.Intrinsics::checkNotNullParameter@5 (line 131)
                      ; - org.jetbrains.kotlin.incremental.classpathDiff.ClasspathEntrySnapshotter::snapshot@9
                      ;   {runtime_call throw_null_pointer_exception Runtime1 stub}
  0x0000023ac3dfae5c: c17b 03e8 

  0x0000023ac3dfae60: ; ImmutableOopMap {[184]=Oop [192]=Oop [176]=Oop rax=Oop }
                      ;*athrow {reexecute=1 rethrow=0 return_oop=0}
                      ; - (reexecute) kotlin.jvm.internal.Intrinsics::throwParameterIsNullNPE@17 (line 140)
                      ; - kotlin.jvm.internal.Intrinsics::checkNotNullParameter@5 (line 131)
                      ; - org.jetbrains.kotlin.incremental.classpathDiff.ClasspathEntrySnapshotter::snapshot@9
  0x0000023ac3dfae60: 3c9d 7b03 | 4889 0424 

  0x0000023ac3dfae68: ;   {runtime_call throw_class_cast_exception Runtime1 stub}
  0x0000023ac3dfae68: e833 c17b 

  0x0000023ac3dfae6c: ; ImmutableOopMap {r8=Oop [192]=Oop r9=Oop [176]=Oop rdi=Oop [184]=Oop }
                      ;*checkcast {reexecute=0 rethrow=0 return_oop=0}
                      ; - kotlin.jvm.internal.Intrinsics::throwParameterIsNullNPE@14 (line 140)
                      ; - kotlin.jvm.internal.Intrinsics::checkNotNullParameter@5 (line 131)
                      ; - org.jetbrains.kotlin.incremental.classpathDiff.ClasspathEntrySnapshotter::snapshot@3
                      ;   {runtime_call throw_null_pointer_exception Runtime1 stub}
  0x0000023ac3dfae6c: 03e8 2e9d 

  0x0000023ac3dfae70: ; ImmutableOopMap {r8=Oop [192]=Oop r9=Oop [176]=Oop rdi=Oop [184]=Oop rax=Oop }
                      ;*athrow {reexecute=1 rethrow=0 return_oop=0}
                      ; - (reexecute) kotlin.jvm.internal.Intrinsics::throwParameterIsNullNPE@17 (line 140)
                      ; - kotlin.jvm.internal.Intrinsics::checkNotNullParameter@5 (line 131)
                      ; - org.jetbrains.kotlin.incremental.classpathDiff.ClasspathEntrySnapshotter::snapshot@3
                      ;   {runtime_call throw_null_pointer_exception Runtime1 stub}
  0x0000023ac3dfae70: 7b03 e829 

  0x0000023ac3dfae74: ; ImmutableOopMap {rsi=Oop [224]=Oop [408]=Oop }
                      ;*invokeinterface close {reexecute=0 rethrow=0 return_oop=0}
                      ; - org.jetbrains.kotlin.incremental.classpathDiff.ClasspathEntrySnapshotter::snapshot@515 (line 309)
  0x0000023ac3dfae74: 9d7b 03ba | 0000 0000 | e97d f1ff | ffba 0000 | 0000 e973 | f1ff ffba | 0000 0000 | e969 f1ff 
  0x0000023ac3dfae94: ffba 0000 | 0000 e95f | f1ff ffba | 0000 0000 | e955 f1ff | ffba 0000 | 0000 e94b | f1ff ffba 
  0x0000023ac3dfaeb4: 0000 0000 | e941 f1ff | ffba 0000 | 0000 e937 | f1ff ffba | 0000 0000 | e92d f1ff | ffba 0000 
  0x0000023ac3dfaed4: 0000 e923 | f1ff ffba | 0000 0000 | e919 f1ff | ffba 0000 | 0000 e90f | f1ff ffba | 0000 0000 
  0x0000023ac3dfaef4: e905 f1ff | ffba 0000 | 0000 e9fb | f0ff ffba | 0000 0000 | e9f1 f0ff | ffba 0000 | 0000 e9e7 
  0x0000023ac3dfaf14: f0ff ffba | 0000 0000 | e9dd f0ff | ffba 0000 | 0000 e9d3 | f0ff ffba | 0000 0000 | e9c9 f0ff 
  0x0000023ac3dfaf34: ffba 0000 | 0000 e9bf | f0ff ffba | 0100 0000 | e9b5 f0ff | ffba 0100 | 0000 e9ab | f0ff ffba 
  0x0000023ac3dfaf54: 0000 0000 | e9a1 f0ff | ffba 0000 | 0000 e997 | f0ff ffba | 0000 0000 | e98d f0ff | ffba 0000 
  0x0000023ac3dfaf74: 0000 e983 | f0ff ffba | 0000 0000 | e979 f0ff | ffba 0000 | 0000 e96f | f0ff ffba | 0000 0000 
  0x0000023ac3dfaf94: e965 f0ff | ffba 0000 | 0000 e95b | f0ff ffba | 0000 0000 | e951 f0ff | ffba 0000 | 0000 e947 
  0x0000023ac3dfafb4: f0ff ffba | 0000 0000 | e93d f0ff | ffba 0000 | 0000 e933 | f0ff ffba | 0000 0000 | e929 f0ff 
  0x0000023ac3dfafd4: ffba 0000 | 0000 e91f | f0ff ffba | 0000 0000 | e915 f0ff | ffba 0000 | 0000 e90b | f0ff ffba 
  0x0000023ac3dfaff4: 0000 0000 | e901 f0ff | ffba 0000 | 0000 e9f7 | efff ffba | 0000 0000 | e9ed efff | ffba 0000 
  0x0000023ac3dfb014: 0000 e9e3 | efff ffba | 0000 0000 | e9d9 efff | ffba 0000 | 0000 e9cf | efff ffba | 0000 0000 
  0x0000023ac3dfb034: e9c5 efff | ffba 0000 | 0000 e9bb | efff ffba | 0000 0000 | e9b1 efff | ffba 0000 | 0000 e9a7 
  0x0000023ac3dfb054: efff ffba | 0000 0000 | e99d efff | ffba 0000 | 0000 e993 | efff ffba | 0000 0000 | e989 efff 
  0x0000023ac3dfb074: ffba 0000 | 0000 e97f | efff ffba | 0000 0000 | e975 efff | ffba 0000 | 0000 e96b | efff ffba 
  0x0000023ac3dfb094: 0000 0000 | e961 efff | ffba 0000 | 0000 e957 | efff ffba | 0000 0000 | e94d efff | ffba 0000 
  0x0000023ac3dfb0b4: 0000 e943 | efff ffba | 0100 0000 | e939 efff | ff90 9049 | 8b87 d803 | 0000 49c7 | 87d8 0300 
  0x0000023ac3dfb0d4: 0000 0000 | 0049 c787 | e003 0000 | 0000 0000 | 4881 c4b0 | 0100 005d 

  0x0000023ac3dfb0ec: ;   {runtime_call unwind_exception Runtime1 stub}
  0x0000023ac3dfb0ec: e90f bb72 | 03f4 f4f4 | f4f4 f4f4 | f4f4 f4f4 | f4f4 f4f4 
[Stub Code]
  0x0000023ac3dfb100: ;   {no_reloc}
  0x0000023ac3dfb100: 0f1f 4400 

  0x0000023ac3dfb104: ;   {static_stub}
  0x0000023ac3dfb104: 0048 bb00 | 0000 0000 

  0x0000023ac3dfb10c: ;   {runtime_call}
  0x0000023ac3dfb10c: 0000 00e9 | fbff ffff 

  0x0000023ac3dfb114: ;   {static_stub}
  0x0000023ac3dfb114: 9048 bb00 | 0000 0000 

  0x0000023ac3dfb11c: ;   {runtime_call}
  0x0000023ac3dfb11c: 0000 00e9 | fbff ffff 

  0x0000023ac3dfb124: ;   {static_stub}
  0x0000023ac3dfb124: 9048 bb00 | 0000 0000 

  0x0000023ac3dfb12c: ;   {runtime_call}
  0x0000023ac3dfb12c: 0000 00e9 | fbff ffff 

  0x0000023ac3dfb134: ;   {static_stub}
  0x0000023ac3dfb134: 9048 bb00 | 0000 0000 

  0x0000023ac3dfb13c: ;   {runtime_call}
  0x0000023ac3dfb13c: 0000 00e9 | fbff ffff 

  0x0000023ac3dfb144: ;   {static_stub}
  0x0000023ac3dfb144: 9048 bb00 | 0000 0000 

  0x0000023ac3dfb14c: ;   {runtime_call}
  0x0000023ac3dfb14c: 0000 00e9 | fbff ffff 

  0x0000023ac3dfb154: ;   {static_stub}
  0x0000023ac3dfb154: 9048 bb00 | 0000 0000 

  0x0000023ac3dfb15c: ;   {runtime_call}
  0x0000023ac3dfb15c: 0000 00e9 | fbff ffff 

  0x0000023ac3dfb164: ;   {static_stub}
  0x0000023ac3dfb164: 9048 bb00 | 0000 0000 

  0x0000023ac3dfb16c: ;   {runtime_call}
  0x0000023ac3dfb16c: 0000 00e9 | fbff ffff 

  0x0000023ac3dfb174: ;   {static_stub}
  0x0000023ac3dfb174: 9048 bb00 | 0000 0000 

  0x0000023ac3dfb17c: ;   {runtime_call}
  0x0000023ac3dfb17c: 0000 00e9 | fbff ffff 

  0x0000023ac3dfb184: ;   {static_stub}
  0x0000023ac3dfb184: 9048 bb00 | 0000 0000 

  0x0000023ac3dfb18c: ;   {runtime_call}
  0x0000023ac3dfb18c: 0000 00e9 | fbff ffff 

  0x0000023ac3dfb194: ;   {static_stub}
  0x0000023ac3dfb194: 9048 bbd0 | c52b 8a3a 

  0x0000023ac3dfb19c: ;   {runtime_call I2C/C2I adapters}
  0x0000023ac3dfb19c: 0200 00e9 | b96e 7103 

  0x0000023ac3dfb1a4: ;   {static_stub}
  0x0000023ac3dfb1a4: 9048 bbd0 | 422f 8a3a 

  0x0000023ac3dfb1ac: ;   {runtime_call I2C/C2I adapters}
  0x0000023ac3dfb1ac: 0200 00e9 | a96e 7103 

  0x0000023ac3dfb1b4: ;   {static_stub}
  0x0000023ac3dfb1b4: 9048 bb00 | 0000 0000 

  0x0000023ac3dfb1bc: ;   {runtime_call}
  0x0000023ac3dfb1bc: 0000 00e9 | fbff ffff 

  0x0000023ac3dfb1c4: ;   {static_stub}
  0x0000023ac3dfb1c4: 9048 bb00 | 0000 0000 

  0x0000023ac3dfb1cc: ;   {runtime_call}
  0x0000023ac3dfb1cc: 0000 00e9 | fbff ffff 

  0x0000023ac3dfb1d4: ;   {static_stub}
  0x0000023ac3dfb1d4: 9048 bb00 | 0000 0000 

  0x0000023ac3dfb1dc: ;   {runtime_call}
  0x0000023ac3dfb1dc: 0000 00e9 | fbff ffff 

  0x0000023ac3dfb1e4: ;   {static_stub}
  0x0000023ac3dfb1e4: 9048 bb00 | 0000 0000 

  0x0000023ac3dfb1ec: ;   {runtime_call}
  0x0000023ac3dfb1ec: 0000 00e9 | fbff ffff 

  0x0000023ac3dfb1f4: ;   {static_stub}
  0x0000023ac3dfb1f4: 9048 bb00 | 0000 0000 

  0x0000023ac3dfb1fc: ;   {runtime_call}
  0x0000023ac3dfb1fc: 0000 00e9 | fbff ffff 

  0x0000023ac3dfb204: ;   {static_stub}
  0x0000023ac3dfb204: 9048 bb00 | 0000 0000 

  0x0000023ac3dfb20c: ;   {runtime_call}
  0x0000023ac3dfb20c: 0000 00e9 | fbff ffff 

  0x0000023ac3dfb214: ;   {static_stub}
  0x0000023ac3dfb214: 9048 bb00 | 0000 0000 

  0x0000023ac3dfb21c: ;   {runtime_call}
  0x0000023ac3dfb21c: 0000 00e9 | fbff ffff 

  0x0000023ac3dfb224: ;   {static_stub}
  0x0000023ac3dfb224: 9048 bb00 | 0000 0000 

  0x0000023ac3dfb22c: ;   {runtime_call}
  0x0000023ac3dfb22c: 0000 00e9 | fbff ffff 

  0x0000023ac3dfb234: ;   {static_stub}
  0x0000023ac3dfb234: 9048 bb00 | 0000 0000 

  0x0000023ac3dfb23c: ;   {runtime_call}
  0x0000023ac3dfb23c: 0000 00e9 | fbff ffff 

  0x0000023ac3dfb244: ;   {static_stub}
  0x0000023ac3dfb244: 9048 bb00 | 0000 0000 

  0x0000023ac3dfb24c: ;   {runtime_call}
  0x0000023ac3dfb24c: 0000 00e9 | fbff ffff 

  0x0000023ac3dfb254: ;   {static_stub}
  0x0000023ac3dfb254: 9048 bb00 | 0000 0000 

  0x0000023ac3dfb25c: ;   {runtime_call}
  0x0000023ac3dfb25c: 0000 00e9 | fbff ffff 

  0x0000023ac3dfb264: ;   {static_stub}
  0x0000023ac3dfb264: 9048 bb00 | 0000 0000 

  0x0000023ac3dfb26c: ;   {runtime_call}
  0x0000023ac3dfb26c: 0000 00e9 | fbff ffff 

  0x0000023ac3dfb274: ;   {static_stub}
  0x0000023ac3dfb274: 9048 bb00 | 0000 0000 

  0x0000023ac3dfb27c: ;   {runtime_call}
  0x0000023ac3dfb27c: 0000 00e9 | fbff ffff 

  0x0000023ac3dfb284: ;   {static_stub}
  0x0000023ac3dfb284: 9048 bb00 | 0000 0000 

  0x0000023ac3dfb28c: ;   {runtime_call}
  0x0000023ac3dfb28c: 0000 00e9 | fbff ffff 

  0x0000023ac3dfb294: ;   {static_stub}
  0x0000023ac3dfb294: 9048 bb00 | 0000 0000 

  0x0000023ac3dfb29c: ;   {runtime_call}
  0x0000023ac3dfb29c: 0000 00e9 | fbff ffff 

  0x0000023ac3dfb2a4: ;   {static_stub}
  0x0000023ac3dfb2a4: 9048 bb00 | 0000 0000 

  0x0000023ac3dfb2ac: ;   {runtime_call}
  0x0000023ac3dfb2ac: 0000 00e9 | fbff ffff 

  0x0000023ac3dfb2b4: ;   {static_stub}
  0x0000023ac3dfb2b4: 9048 bb00 | 0000 0000 

  0x0000023ac3dfb2bc: ;   {runtime_call}
  0x0000023ac3dfb2bc: 0000 00e9 | fbff ffff 

  0x0000023ac3dfb2c4: ;   {static_stub}
  0x0000023ac3dfb2c4: 9048 bb00 | 0000 0000 

  0x0000023ac3dfb2cc: ;   {runtime_call}
  0x0000023ac3dfb2cc: 0000 00e9 | fbff ffff 

  0x0000023ac3dfb2d4: ;   {static_stub}
  0x0000023ac3dfb2d4: 9048 bb00 | 0000 0000 

  0x0000023ac3dfb2dc: ;   {runtime_call}
  0x0000023ac3dfb2dc: 0000 00e9 | fbff ffff 

  0x0000023ac3dfb2e4: ;   {static_stub}
  0x0000023ac3dfb2e4: 9048 bb00 | 0000 0000 

  0x0000023ac3dfb2ec: ;   {runtime_call}
  0x0000023ac3dfb2ec: 0000 00e9 | fbff ffff 

  0x0000023ac3dfb2f4: ;   {static_stub}
  0x0000023ac3dfb2f4: 9048 bb00 | 0000 0000 

  0x0000023ac3dfb2fc: ;   {runtime_call}
  0x0000023ac3dfb2fc: 0000 00e9 | fbff ffff 

  0x0000023ac3dfb304: ;   {static_stub}
  0x0000023ac3dfb304: 9048 bb00 | 0000 0000 

  0x0000023ac3dfb30c: ;   {runtime_call}
  0x0000023ac3dfb30c: 0000 00e9 | fbff ffff 

  0x0000023ac3dfb314: ;   {static_stub}
  0x0000023ac3dfb314: 9048 bb00 | 0000 0000 

  0x0000023ac3dfb31c: ;   {runtime_call}
  0x0000023ac3dfb31c: 0000 00e9 | fbff ffff 

  0x0000023ac3dfb324: ;   {static_stub}
  0x0000023ac3dfb324: 9048 bb00 | 0000 0000 

  0x0000023ac3dfb32c: ;   {runtime_call}
  0x0000023ac3dfb32c: 0000 00e9 | fbff ffff 

  0x0000023ac3dfb334: ;   {static_stub}
  0x0000023ac3dfb334: 9048 bb48 | a631 8a3a 

  0x0000023ac3dfb33c: ;   {runtime_call I2C/C2I adapters}
  0x0000023ac3dfb33c: 0200 00e9 | 196d 7103 

  0x0000023ac3dfb344: ;   {static_stub}
  0x0000023ac3dfb344: 9048 bbd0 | 1841 8a3a 

  0x0000023ac3dfb34c: ;   {runtime_call I2C/C2I adapters}
  0x0000023ac3dfb34c: 0200 00e9 | 096d 7103 

  0x0000023ac3dfb354: ;   {static_stub}
  0x0000023ac3dfb354: 9048 bb00 | 0000 0000 

  0x0000023ac3dfb35c: ;   {runtime_call}
  0x0000023ac3dfb35c: 0000 00e9 | fbff ffff 

  0x0000023ac3dfb364: ;   {static_stub}
  0x0000023ac3dfb364: 9048 bb00 | 0000 0000 

  0x0000023ac3dfb36c: ;   {runtime_call}
  0x0000023ac3dfb36c: 0000 00e9 | fbff ffff 

  0x0000023ac3dfb374: ;   {static_stub}
  0x0000023ac3dfb374: 9048 bb00 | 0000 0000 

  0x0000023ac3dfb37c: ;   {runtime_call}
  0x0000023ac3dfb37c: 0000 00e9 | fbff ffff 

  0x0000023ac3dfb384: ;   {static_stub}
  0x0000023ac3dfb384: 9048 bb00 | 0000 0000 

  0x0000023ac3dfb38c: ;   {runtime_call}
  0x0000023ac3dfb38c: 0000 00e9 | fbff ffff 

  0x0000023ac3dfb394: ;   {static_stub}
  0x0000023ac3dfb394: 9048 bb00 | 0000 0000 

  0x0000023ac3dfb39c: ;   {runtime_call}
  0x0000023ac3dfb39c: 0000 00e9 | fbff ffff 

  0x0000023ac3dfb3a4: ;   {static_stub}
  0x0000023ac3dfb3a4: 9048 bb00 | 0000 0000 

  0x0000023ac3dfb3ac: ;   {runtime_call}
  0x0000023ac3dfb3ac: 0000 00e9 | fbff ffff 

  0x0000023ac3dfb3b4: ;   {static_stub}
  0x0000023ac3dfb3b4: 9048 bb00 | 0000 0000 

  0x0000023ac3dfb3bc: ;   {runtime_call}
  0x0000023ac3dfb3bc: 0000 00e9 | fbff ffff 

  0x0000023ac3dfb3c4: ;   {static_stub}
  0x0000023ac3dfb3c4: 9048 bb00 | 0000 0000 

  0x0000023ac3dfb3cc: ;   {runtime_call}
  0x0000023ac3dfb3cc: 0000 00e9 | fbff ffff 

  0x0000023ac3dfb3d4: ;   {static_stub}
  0x0000023ac3dfb3d4: 9048 bb00 | 0000 0000 

  0x0000023ac3dfb3dc: ;   {runtime_call}
  0x0000023ac3dfb3dc: 0000 00e9 | fbff ffff 

  0x0000023ac3dfb3e4: ;   {static_stub}
  0x0000023ac3dfb3e4: 9048 bb00 | 0000 0000 

  0x0000023ac3dfb3ec: ;   {runtime_call}
  0x0000023ac3dfb3ec: 0000 00e9 | fbff ffff 

  0x0000023ac3dfb3f4: ;   {static_stub}
  0x0000023ac3dfb3f4: 9048 bb00 | 0000 0000 

  0x0000023ac3dfb3fc: ;   {runtime_call}
  0x0000023ac3dfb3fc: 0000 00e9 | fbff ffff 

  0x0000023ac3dfb404: ;   {static_stub}
  0x0000023ac3dfb404: 9048 bb00 | 0000 0000 

  0x0000023ac3dfb40c: ;   {runtime_call}
  0x0000023ac3dfb40c: 0000 00e9 | fbff ffff 

  0x0000023ac3dfb414: ;   {static_stub}
  0x0000023ac3dfb414: 9048 bb00 | 0000 0000 

  0x0000023ac3dfb41c: ;   {runtime_call}
  0x0000023ac3dfb41c: 0000 00e9 | fbff ffff 
[Exception Handler]
  0x0000023ac3dfb424: ;   {runtime_call handle_exception_from_callee Runtime1 stub}
  0x0000023ac3dfb424: e857 b57b 

  0x0000023ac3dfb428: ;   {external_word}
  0x0000023ac3dfb428: 0348 b990 | f08b 2afe | 7f00 0048 

  0x0000023ac3dfb434: ;   {runtime_call}
  0x0000023ac3dfb434: 83e4 f049 | ba20 ff59 | 2afe 7f00 | 0041 ffd2 

  0x0000023ac3dfb444: ;   {section_word}
  0x0000023ac3dfb444: f449 ba45 | b4df c33a | 0200 0041 

  0x0000023ac3dfb450: ;   {runtime_call DeoptimizationBlob}
  0x0000023ac3dfb450: 52e9 4a72 | 7103 f4f4 
[/MachCode]


---------------  P R O C E S S  ---------------

Threads class SMR info:
_java_thread_list=0x0000023a88a90100, length=90, elements={
0x0000023ab86c97b0, 0x0000023ad606c900, 0x0000023ad606d3d0, 0x0000023ad6087e30,
0x0000023ad6088900, 0x0000023ad608c6f0, 0x0000023ad608cfc0, 0x0000023ad608dc70,
0x0000023ad608f1e0, 0x0000023ad6090290, 0x0000023ad6056960, 0x0000023ad6353e80,
0x0000023ad66cd860, 0x0000023ad6952bc0, 0x0000023af63fe9c0, 0x0000023af69dc5b0,
0x0000023ad6559410, 0x0000023af6831a90, 0x0000023af68329c0, 0x0000023af6830b60,
0x0000023af68333e0, 0x0000023af6831580, 0x0000023af6830650, 0x0000023af68338f0,
0x0000023af6831070, 0x0000023af6833e00, 0x0000023af6831fa0, 0x0000023af7e314d0,
0x0000023af7e32910, 0x0000023af7e2d300, 0x0000023af7e33330, 0x0000023af7e33d50,
0x0000023af7e305a0, 0x0000023af7e34770, 0x0000023af7e2f670, 0x0000023af7e2fb80,
0x0000023af7e34c80, 0x0000023af7e2d810, 0x0000023afc061d60, 0x0000023afc05d170,
0x0000023afc05f9f0, 0x0000023af6832ed0, 0x0000023afb43f3e0, 0x0000023afb43eed0,
0x0000023afb442170, 0x0000023afb43fe00, 0x0000023afb440310, 0x0000023afb443fd0,
0x0000023af7e30ab0, 0x0000023afc060e30, 0x0000023afa32c8a0, 0x0000023afa32d7d0,
0x0000023afa330050, 0x0000023afa32f120, 0x0000023afa32a020, 0x0000023afa32dce0,
0x0000023afa32a530, 0x0000023afa32fb40, 0x0000023afa32e1f0, 0x0000023afa328be0,
0x0000023afa32e700, 0x0000023afa32aa40, 0x0000023af7e2dd20, 0x0000023afc060920,
0x0000023a98f4e210, 0x0000023a98255930, 0x0000023a98256d70, 0x0000023afc05e5b0,
0x0000023afb440d30, 0x0000023af630a5f0, 0x0000023af630ab00, 0x0000023af630a0e0,
0x0000023af630c960, 0x0000023af630b520, 0x0000023af6307350, 0x0000023af6309bd0,
0x0000023af6307860, 0x0000023af6307d70, 0x0000023af630ce70, 0x0000023af6306e40,
0x0000023af630e7c0, 0x0000023af630b010, 0x0000023af630bf40, 0x0000023af6308280,
0x0000023af7e33840, 0x0000023afb4435b0, 0x0000023afa32d2c0, 0x0000023a9825c890,
0x0000023afc9a79b0, 0x0000023afc9a7ec0
}

Java Threads: ( => current thread )
  0x0000023ab86c97b0 JavaThread "main" [_thread_blocked, id=4768, stack(0x000000b8ee300000,0x000000b8ee400000)]
  0x0000023ad606c900 JavaThread "Reference Handler" daemon [_thread_blocked, id=5996, stack(0x000000b8eea00000,0x000000b8eeb00000)]
  0x0000023ad606d3d0 JavaThread "Finalizer" daemon [_thread_blocked, id=10520, stack(0x000000b8eeb00000,0x000000b8eec00000)]
  0x0000023ad6087e30 JavaThread "Signal Dispatcher" daemon [_thread_blocked, id=13416, stack(0x000000b8eec00000,0x000000b8eed00000)]
  0x0000023ad6088900 JavaThread "Attach Listener" daemon [_thread_blocked, id=6612, stack(0x000000b8eed00000,0x000000b8eee00000)]
  0x0000023ad608c6f0 JavaThread "Service Thread" daemon [_thread_blocked, id=7796, stack(0x000000b8eee00000,0x000000b8eef00000)]
  0x0000023ad608cfc0 JavaThread "Monitor Deflation Thread" daemon [_thread_blocked, id=13948, stack(0x000000b8eef00000,0x000000b8ef000000)]
  0x0000023ad608dc70 JavaThread "C2 CompilerThread0" daemon [_thread_blocked, id=24864, stack(0x000000b8ef000000,0x000000b8ef100000)]
  0x0000023ad608f1e0 JavaThread "C1 CompilerThread0" daemon [_thread_blocked, id=14100, stack(0x000000b8ef100000,0x000000b8ef200000)]
  0x0000023ad6090290 JavaThread "Sweeper thread" daemon [_thread_blocked, id=2748, stack(0x000000b8ef200000,0x000000b8ef300000)]
  0x0000023ad6056960 JavaThread "Common-Cleaner" daemon [_thread_blocked, id=13760, stack(0x000000b8ef300000,0x000000b8ef400000)]
  0x0000023ad6353e80 JavaThread "Notification Thread" daemon [_thread_blocked, id=30548, stack(0x000000b8ef400000,0x000000b8ef500000)]
  0x0000023ad66cd860 JavaThread "Daemon health stats" [_thread_blocked, id=18348, stack(0x000000b8efa00000,0x000000b8efb00000)]
  0x0000023ad6952bc0 JavaThread "Incoming local TCP Connector on port 50352" [_thread_in_native, id=22820, stack(0x000000b8ef900000,0x000000b8efa00000)]
  0x0000023af63fe9c0 JavaThread "Daemon periodic checks" [_thread_blocked, id=19584, stack(0x000000b8efb00000,0x000000b8efc00000)]
  0x0000023af69dc5b0 JavaThread "Daemon" [_thread_blocked, id=23100, stack(0x000000b8efc00000,0x000000b8efd00000)]
  0x0000023ad6559410 JavaThread "Handler for socket connection from /127.0.0.1:50352 to /127.0.0.1:50353" [_thread_in_native, id=28628, stack(0x000000b8efd00000,0x000000b8efe00000)]
  0x0000023af6831a90 JavaThread "Cancel handler" [_thread_blocked, id=19976, stack(0x000000b8efe00000,0x000000b8eff00000)]
  0x0000023af68329c0 JavaThread "Daemon worker" [_thread_blocked, id=15500, stack(0x000000b8eff00000,0x000000b8f0000000)]
  0x0000023af6830b60 JavaThread "Asynchronous log dispatcher for DefaultDaemonConnection: socket connection from /127.0.0.1:50352 to /127.0.0.1:50353" [_thread_blocked, id=25328, stack(0x000000b8f0000000,0x000000b8f0100000)]
  0x0000023af68333e0 JavaThread "Stdin handler" [_thread_blocked, id=30436, stack(0x000000b8f0100000,0x000000b8f0200000)]
  0x0000023af6831580 JavaThread "Daemon client event forwarder" [_thread_blocked, id=24760, stack(0x000000b8f0200000,0x000000b8f0300000)]
  0x0000023af6830650 JavaThread "Cache worker for journal cache (C:\Users\hp\.gradle\caches\journal-1)" [_thread_blocked, id=18332, stack(0x000000b8f0300000,0x000000b8f0400000)]
  0x0000023af68338f0 JavaThread "File lock request listener" [_thread_in_native, id=12740, stack(0x000000b8f0400000,0x000000b8f0500000)]
  0x0000023af6831070 JavaThread "Cache worker for file hash cache (C:\Users\hp\.gradle\caches\9.3.1\fileHashes)" [_thread_blocked, id=5796, stack(0x000000b8f0600000,0x000000b8f0700000)]
  0x0000023af6833e00 JavaThread "Cache worker for file hash cache (E:\FYP\HouseOfTutor\android\.gradle\9.3.1\fileHashes)" [_thread_blocked, id=9096, stack(0x000000b8f0800000,0x000000b8f0900000)]
  0x0000023af6831fa0 JavaThread "Cache worker for Build Output Cleanup Cache (E:\FYP\HouseOfTutor\android\.gradle\buildOutputCleanup)" [_thread_blocked, id=18560, stack(0x000000b8f0900000,0x000000b8f0a00000)]
  0x0000023af7e314d0 JavaThread "File watcher server" daemon [_thread_in_native, id=17044, stack(0x000000b8f0a00000,0x000000b8f0b00000)]
  0x0000023af7e32910 JavaThread "File watcher consumer" daemon [_thread_blocked, id=20972, stack(0x000000b8f0b00000,0x000000b8f0c00000)]
  0x0000023af7e2d300 JavaThread "Cache worker for checksums cache (E:\FYP\HouseOfTutor\android\.gradle\9.3.1\checksums)" [_thread_blocked, id=1832, stack(0x000000b8f0c00000,0x000000b8f0d00000)]
  0x0000023af7e33330 JavaThread "Cache worker for file content cache (C:\Users\hp\.gradle\caches\9.3.1\fileContent)" [_thread_blocked, id=19080, stack(0x000000b8f0700000,0x000000b8f0800000)]
  0x0000023af7e33d50 JavaThread "Cache worker for cache directory md-supplier (C:\Users\hp\.gradle\caches\9.3.1\md-supplier)" [_thread_blocked, id=22880, stack(0x000000b8f0e00000,0x000000b8f0f00000)]
  0x0000023af7e305a0 JavaThread "Cache worker for cache directory md-rule (C:\Users\hp\.gradle\caches\9.3.1\md-rule)" [_thread_blocked, id=25532, stack(0x000000b8f0f00000,0x000000b8f1000000)]
  0x0000023af7e34770 JavaThread "jar transforms" [_thread_blocked, id=25724, stack(0x000000b8f0d00000,0x000000b8f0e00000)]
  0x0000023af7e2f670 JavaThread "Cache worker for Build Output Cleanup Cache (E:\FYP\HouseOfTutor\node_modules\@react-native\gradle-plugin\.gradle\buildOutputCleanup)" [_thread_blocked, id=25808, stack(0x000000b8f1100000,0x000000b8f1200000)]
  0x0000023af7e2fb80 JavaThread "Unconstrained build operations" [_thread_blocked, id=8984, stack(0x000000b8ee100000,0x000000b8ee200000)]
  0x0000023af7e34c80 JavaThread "Unconstrained build operations Thread 2" [_thread_blocked, id=19340, stack(0x000000b8f1000000,0x000000b8f1100000)]
  0x0000023af7e2d810 JavaThread "Unconstrained build operations Thread 3" [_thread_blocked, id=26660, stack(0x000000b8f1300000,0x000000b8f1400000)]
  0x0000023afc061d60 JavaThread "Unconstrained build operations Thread 4" [_thread_blocked, id=16768, stack(0x000000b8f1400000,0x000000b8f1500000)]
  0x0000023afc05d170 JavaThread "Unconstrained build operations Thread 5" [_thread_blocked, id=29072, stack(0x000000b8f1600000,0x000000b8f1700000)]
  0x0000023afc05f9f0 JavaThread "Unconstrained build operations Thread 6" [_thread_blocked, id=1500, stack(0x000000b8f1700000,0x000000b8f1800000)]
  0x0000023af6832ed0 JavaThread "Kotlin DSL Writer" [_thread_blocked, id=27344, stack(0x000000b8f1500000,0x000000b8f1600000)]
  0x0000023afb43f3e0 JavaThread "Unconstrained build operations Thread 7" [_thread_blocked, id=23036, stack(0x000000b8ee000000,0x000000b8ee100000)]
  0x0000023afb43eed0 JavaThread "Unconstrained build operations Thread 8" [_thread_blocked, id=7772, stack(0x000000b8f1900000,0x000000b8f1a00000)]
  0x0000023afb442170 JavaThread "Unconstrained build operations Thread 9" [_thread_blocked, id=14324, stack(0x000000b8f1a00000,0x000000b8f1b00000)]
  0x0000023afb43fe00 JavaThread "Unconstrained build operations Thread 10" [_thread_blocked, id=956, stack(0x000000b8f1c00000,0x000000b8f1d00000)]
  0x0000023afb440310 JavaThread "Unconstrained build operations Thread 11" [_thread_blocked, id=15668, stack(0x000000b8f1d00000,0x000000b8f1e00000)]
  0x0000023afb443fd0 JavaThread "Unconstrained build operations Thread 12" [_thread_blocked, id=12208, stack(0x000000b8f1e00000,0x000000b8f1f00000)]
  0x0000023af7e30ab0 JavaThread "Unconstrained build operations Thread 13" [_thread_blocked, id=19480, stack(0x000000b8f1f00000,0x000000b8f2000000)]
  0x0000023afc060e30 JavaThread "Unconstrained build operations Thread 14" [_thread_blocked, id=9920, stack(0x000000b8f2000000,0x000000b8f2100000)]
=>0x0000023afa32c8a0 JavaThread "Unconstrained build operations Thread 15" [_thread_in_Java, id=9248, stack(0x000000b8f2100000,0x000000b8f2200000)]
  0x0000023afa32d7d0 JavaThread "Unconstrained build operations Thread 16" [_thread_blocked, id=5056, stack(0x000000b8f2200000,0x000000b8f2300000)]
  0x0000023afa330050 JavaThread "Unconstrained build operations Thread 17" [_thread_blocked, id=28200, stack(0x000000b8f2300000,0x000000b8f2400000)]
  0x0000023afa32f120 JavaThread "Unconstrained build operations Thread 18" [_thread_blocked, id=15512, stack(0x000000b8f1b00000,0x000000b8f1c00000)]
  0x0000023afa32a020 JavaThread "Unconstrained build operations Thread 19" [_thread_blocked, id=17276, stack(0x000000b8f2400000,0x000000b8f2500000)]
  0x0000023afa32dce0 JavaThread "Unconstrained build operations Thread 20" [_thread_blocked, id=14588, stack(0x000000b8f2500000,0x000000b8f2600000)]
  0x0000023afa32a530 JavaThread "Unconstrained build operations Thread 21" [_thread_blocked, id=9836, stack(0x000000b8f2600000,0x000000b8f2700000)]
  0x0000023afa32fb40 JavaThread "Unconstrained build operations Thread 22" [_thread_blocked, id=30660, stack(0x000000b8f2700000,0x000000b8f2800000)]
  0x0000023afa32e1f0 JavaThread "Unconstrained build operations Thread 23" [_thread_blocked, id=7392, stack(0x000000b8f2800000,0x000000b8f2900000)]
  0x0000023afa328be0 JavaThread "Unconstrained build operations Thread 24" [_thread_blocked, id=9960, stack(0x000000b8f2a00000,0x000000b8f2b00000)]
  0x0000023afa32e700 JavaThread "Unconstrained build operations Thread 25" [_thread_blocked, id=26936, stack(0x000000b8f2b00000,0x000000b8f2c00000)]
  0x0000023afa32aa40 JavaThread "Unconstrained build operations Thread 26" [_thread_blocked, id=18140, stack(0x000000b8f2c00000,0x000000b8f2d00000)]
  0x0000023af7e2dd20 JavaThread "build event listener" [_thread_blocked, id=3124, stack(0x000000b8f2d00000,0x000000b8f2e00000)]
  0x0000023afc060920 JavaThread "Memory manager" [_thread_blocked, id=24816, stack(0x000000b8f2900000,0x000000b8f2a00000)]
  0x0000023a98f4e210 JavaThread "Problems report writer" [_thread_blocked, id=7720, stack(0x000000b8f2f00000,0x000000b8f3000000)]
  0x0000023a98255930 JavaThread "ForkJoinPool.commonPool-worker-1" daemon [_thread_blocked, id=1528, stack(0x000000b8f3000000,0x000000b8f3100000)]
  0x0000023a98256d70 JavaThread "Execution worker" [_thread_blocked, id=13572, stack(0x000000b8f3400000,0x000000b8f3500000)]
  0x0000023afc05e5b0 JavaThread "Execution worker Thread 2" [_thread_blocked, id=21776, stack(0x000000b8f3500000,0x000000b8f3600000)]
  0x0000023afb440d30 JavaThread "Execution worker Thread 3" [_thread_blocked, id=952, stack(0x000000b8f3600000,0x000000b8f3700000)]
  0x0000023af630a5f0 JavaThread "Cache worker for execution history cache (E:\FYP\HouseOfTutor\node_modules\@react-native\gradle-plugin\.gradle\9.3.1\executionHistory)" [_thread_blocked, id=23840, stack(0x000000b8f3700000,0x000000b8f3800000)]
  0x0000023af630ab00 JavaThread "Unconstrained build operations Thread 27" [_thread_blocked, id=24072, stack(0x000000b8f3800000,0x000000b8f3900000)]
  0x0000023af630a0e0 JavaThread "Unconstrained build operations Thread 28" [_thread_blocked, id=18676, stack(0x000000b8f3900000,0x000000b8f3a00000)]
  0x0000023af630c960 JavaThread "Unconstrained build operations Thread 29" [_thread_blocked, id=476, stack(0x000000b8f3a00000,0x000000b8f3b00000)]
  0x0000023af630b520 JavaThread "Unconstrained build operations Thread 30" [_thread_blocked, id=9692, stack(0x000000b8f3b00000,0x000000b8f3c00000)]
  0x0000023af6307350 JavaThread "Unconstrained build operations Thread 31" [_thread_blocked, id=14732, stack(0x000000b8f3c00000,0x000000b8f3d00000)]
  0x0000023af6309bd0 JavaThread "Unconstrained build operations Thread 32" [_thread_blocked, id=7632, stack(0x000000b8f3d00000,0x000000b8f3e00000)]
  0x0000023af6307860 JavaThread "Unconstrained build operations Thread 33" [_thread_blocked, id=25280, stack(0x000000b8f2e00000,0x000000b8f2f00000)]
  0x0000023af6307d70 JavaThread "Unconstrained build operations Thread 34" [_thread_blocked, id=18240, stack(0x000000b8f3e00000,0x000000b8f3f00000)]
  0x0000023af630ce70 JavaThread "Unconstrained build operations Thread 35" [_thread_blocked, id=13248, stack(0x000000b8f3f00000,0x000000b8f4000000)]
  0x0000023af6306e40 JavaThread "Unconstrained build operations Thread 36" [_thread_blocked, id=20980, stack(0x000000b8f4000000,0x000000b8f4100000)]
  0x0000023af630e7c0 JavaThread "Unconstrained build operations Thread 37" [_thread_blocked, id=28696, stack(0x000000b8f4100000,0x000000b8f4200000)]
  0x0000023af630b010 JavaThread "Unconstrained build operations Thread 38" [_thread_blocked, id=30108, stack(0x000000b8f4200000,0x000000b8f4300000)]
  0x0000023af630bf40 JavaThread "Unconstrained build operations Thread 39" [_thread_blocked, id=26260, stack(0x000000b8f4300000,0x000000b8f4400000)]
  0x0000023af6308280 JavaThread "Unconstrained build operations Thread 40" [_thread_blocked, id=29680, stack(0x000000b8f4400000,0x000000b8f4500000)]
  0x0000023af7e33840 JavaThread "jar transforms Thread 2" [_thread_blocked, id=24788, stack(0x000000b8f4600000,0x000000b8f4700000)]
  0x0000023afb4435b0 JavaThread "Exec process" [_thread_blocked, id=28244, stack(0x000000b8f3200000,0x000000b8f3300000)]
  0x0000023afa32d2c0 JavaThread "Exec process Thread 2" [_thread_blocked, id=21564, stack(0x000000b8f4700000,0x000000b8f4800000)]
  0x0000023a9825c890 JavaThread "Exec process Thread 3" [_thread_blocked, id=13232, stack(0x000000b8f4800000,0x000000b8f4900000)]
  0x0000023afc9a79b0 JavaThread "jar transforms Thread 3" [_thread_blocked, id=2496, stack(0x000000b8f4a00000,0x000000b8f4b00000)]
  0x0000023afc9a7ec0 JavaThread "included builds Thread 2" [_thread_blocked, id=8392, stack(0x000000b8f3300000,0x000000b8f3400000)]

Other Threads:
  0x0000023ad6065ae0 VMThread "VM Thread" [stack: 0x000000b8ee900000,0x000000b8eea00000] [id=8284] _threads_hazard_ptr=0x0000023a88a90100
  0x0000023ad636f1a0 WatcherThread [stack: 0x000000b8ef500000,0x000000b8ef600000] [id=18320]
  0x0000023ab8723d80 GCTaskThread "GC Thread#0" [stack: 0x000000b8ee400000,0x000000b8ee500000] [id=11724]
  0x0000023ad6453280 GCTaskThread "GC Thread#1" [stack: 0x000000b8ef600000,0x000000b8ef700000] [id=25800]
  0x0000023ad6453540 GCTaskThread "GC Thread#2" [stack: 0x000000b8ef700000,0x000000b8ef800000] [id=9100]
  0x0000023ad6453800 GCTaskThread "GC Thread#3" [stack: 0x000000b8ef800000,0x000000b8ef900000] [id=19744]
  0x0000023ab8734a80 ConcurrentGCThread "G1 Main Marker" [stack: 0x000000b8ee500000,0x000000b8ee600000] [id=17316]
  0x0000023ab8735240 ConcurrentGCThread "G1 Conc#0" [stack: 0x000000b8ee600000,0x000000b8ee700000] [id=12372]
  0x0000023ad5f20540 ConcurrentGCThread "G1 Refine#0" [stack: 0x000000b8ee700000,0x000000b8ee800000] [id=15772]
  0x0000023af82fa850 ConcurrentGCThread "G1 Refine#1" [stack: 0x000000b8f0500000,0x000000b8f0600000] [id=15320]
  0x0000023ad5f20c20 ConcurrentGCThread "G1 Service" [stack: 0x000000b8ee800000,0x000000b8ee900000] [id=30612]

Threads with active compile tasks:

VM state: synchronizing (normal execution)

VM Mutex/Monitor currently owned by a thread:  ([mutex/lock_event])
[0x0000023ab86c3ed0] Threads_lock - owner thread: 0x0000023ad6065ae0

Heap address: 0x0000000080000000, size: 2048 MB, Compressed Oops mode: 32-bit

CDS archive(s) mapped at: [0x0000023ad7000000-0x0000023ad7bd0000-0x0000023ad7bd0000), size 12386304, SharedBaseAddress: 0x0000023ad7000000, ArchiveRelocationMode: 1.
Compressed class space mapped at: 0x0000023ad8000000-0x0000023af2000000, reserved size: 436207616
Narrow klass base: 0x0000023ad7000000, Narrow klass shift: 0, Narrow klass range: 0x100000000

GC Precious Log:
 CPUs: 4 total, 4 available
 Memory: 16263M
 Large Page Support: Disabled
 NUMA Support: Disabled
 Compressed Oops: Enabled (32-bit)
 Heap Region Size: 1M
 Heap Min Capacity: 8M
 Heap Initial Capacity: 256M
 Heap Max Capacity: 2G
 Pre-touch: Disabled
 Parallel Workers: 4
 Concurrent Workers: 1
 Concurrent Refinement Workers: 4
 Periodic GC: Disabled

Heap:
 garbage-first heap   total 611328K, used 422231K [0x0000000080000000, 0x0000000100000000)
  region size 1024K, 159 young (162816K), 12 survivors (12288K)
 Metaspace       used 179405K, committed 180672K, reserved 622592K
  class space    used 21936K, committed 22528K, reserved 425984K

Heap Regions: E=young(eden), S=young(survivor), O=old, HS=humongous(starts), HC=humongous(continues), CS=collection set, F=free, OA=open archive, CA=closed archive, TAMS=top-at-mark-start (previous, next)
|   0|0x0000000080000000, 0x0000000080100000, 0x0000000080100000|100%|HS|  |TAMS 0x0000000080100000, 0x0000000080000000| Complete 
|   1|0x0000000080100000, 0x0000000080200000, 0x0000000080200000|100%|HC|  |TAMS 0x0000000080200000, 0x0000000080100000| Complete 
|   2|0x0000000080200000, 0x0000000080300000, 0x0000000080300000|100%|HC|  |TAMS 0x0000000080300000, 0x0000000080200000| Complete 
|   3|0x0000000080300000, 0x0000000080400000, 0x0000000080400000|100%|HC|  |TAMS 0x0000000080400000, 0x0000000080300000| Complete 
|   4|0x0000000080400000, 0x0000000080500000, 0x0000000080500000|100%| O|  |TAMS 0x0000000080500000, 0x0000000080400000| Untracked 
|   5|0x0000000080500000, 0x0000000080600000, 0x0000000080600000|100%| O|  |TAMS 0x0000000080600000, 0x0000000080500000| Untracked 
|   6|0x0000000080600000, 0x0000000080700000, 0x0000000080700000|100%| O|  |TAMS 0x0000000080700000, 0x0000000080600000| Untracked 
|   7|0x0000000080700000, 0x0000000080800000, 0x0000000080800000|100%| O|  |TAMS 0x0000000080800000, 0x0000000080700000| Untracked 
|   8|0x0000000080800000, 0x0000000080900000, 0x0000000080900000|100%|HS|  |TAMS 0x0000000080900000, 0x0000000080800000| Complete 
|   9|0x0000000080900000, 0x0000000080a00000, 0x0000000080a00000|100%| O|  |TAMS 0x0000000080a00000, 0x0000000080900000| Untracked 
|  10|0x0000000080a00000, 0x0000000080b00000, 0x0000000080b00000|100%| O|  |TAMS 0x0000000080b00000, 0x0000000080a00000| Untracked 
|  11|0x0000000080b00000, 0x0000000080c00000, 0x0000000080c00000|100%| O|  |TAMS 0x0000000080c00000, 0x0000000080b00000| Untracked 
|  12|0x0000000080c00000, 0x0000000080d00000, 0x0000000080d00000|100%| O|  |TAMS 0x0000000080d00000, 0x0000000080c00000| Untracked 
|  13|0x0000000080d00000, 0x0000000080e00000, 0x0000000080e00000|100%| O|  |TAMS 0x0000000080e00000, 0x0000000080d00000| Untracked 
|  14|0x0000000080e00000, 0x0000000080f00000, 0x0000000080f00000|100%| O|  |TAMS 0x0000000080f00000, 0x0000000080e00000| Untracked 
|  15|0x0000000080f00000, 0x0000000081000000, 0x0000000081000000|100%| O|  |TAMS 0x0000000081000000, 0x0000000080f00000| Untracked 
|  16|0x0000000081000000, 0x00000000810ffff8, 0x0000000081100000| 99%| O|  |TAMS 0x00000000810ffff8, 0x0000000081000000| Untracked 
|  17|0x0000000081100000, 0x0000000081200000, 0x0000000081200000|100%| O|  |TAMS 0x0000000081200000, 0x0000000081100000| Untracked 
|  18|0x0000000081200000, 0x0000000081300000, 0x0000000081300000|100%| O|  |TAMS 0x0000000081300000, 0x0000000081200000| Untracked 
|  19|0x0000000081300000, 0x0000000081400000, 0x0000000081400000|100%| O|  |TAMS 0x0000000081400000, 0x0000000081300000| Untracked 
|  20|0x0000000081400000, 0x0000000081500000, 0x0000000081500000|100%| O|  |TAMS 0x0000000081500000, 0x0000000081400000| Untracked 
|  21|0x0000000081500000, 0x0000000081600000, 0x0000000081600000|100%| O|  |TAMS 0x0000000081600000, 0x0000000081500000| Untracked 
|  22|0x0000000081600000, 0x0000000081700000, 0x0000000081700000|100%| O|  |TAMS 0x0000000081700000, 0x0000000081600000| Untracked 
|  23|0x0000000081700000, 0x0000000081800000, 0x0000000081800000|100%| O|  |TAMS 0x0000000081800000, 0x0000000081700000| Untracked 
|  24|0x0000000081800000, 0x0000000081900000, 0x0000000081900000|100%| O|  |TAMS 0x0000000081900000, 0x0000000081800000| Untracked 
|  25|0x0000000081900000, 0x0000000081a00000, 0x0000000081a00000|100%| O|  |TAMS 0x0000000081a00000, 0x0000000081900000| Untracked 
|  26|0x0000000081a00000, 0x0000000081b00000, 0x0000000081b00000|100%| O|  |TAMS 0x0000000081b00000, 0x0000000081a00000| Untracked 
|  27|0x0000000081b00000, 0x0000000081c00000, 0x0000000081c00000|100%| O|  |TAMS 0x0000000081c00000, 0x0000000081b00000| Untracked 
|  28|0x0000000081c00000, 0x0000000081d00000, 0x0000000081d00000|100%| O|  |TAMS 0x0000000081d00000, 0x0000000081c00000| Untracked 
|  29|0x0000000081d00000, 0x0000000081e00000, 0x0000000081e00000|100%| O|  |TAMS 0x0000000081e00000, 0x0000000081d00000| Untracked 
|  30|0x0000000081e00000, 0x0000000081f00000, 0x0000000081f00000|100%| O|  |TAMS 0x0000000081f00000, 0x0000000081e00000| Untracked 
|  31|0x0000000081f00000, 0x0000000082000000, 0x0000000082000000|100%| O|  |TAMS 0x0000000082000000, 0x0000000081f00000| Untracked 
|  32|0x0000000082000000, 0x0000000082100000, 0x0000000082100000|100%| O|  |TAMS 0x0000000082100000, 0x0000000082000000| Untracked 
|  33|0x0000000082100000, 0x0000000082200000, 0x0000000082200000|100%| O|  |TAMS 0x0000000082200000, 0x0000000082100000| Untracked 
|  34|0x0000000082200000, 0x0000000082300000, 0x0000000082300000|100%| O|  |TAMS 0x0000000082300000, 0x0000000082200000| Untracked 
|  35|0x0000000082300000, 0x0000000082400000, 0x0000000082400000|100%| O|  |TAMS 0x0000000082400000, 0x0000000082300000| Untracked 
|  36|0x0000000082400000, 0x0000000082500000, 0x0000000082500000|100%| O|  |TAMS 0x0000000082400000, 0x0000000082400000| Untracked 
|  37|0x0000000082500000, 0x0000000082600000, 0x0000000082600000|100%| O|  |TAMS 0x0000000082600000, 0x0000000082500000| Untracked 
|  38|0x0000000082600000, 0x0000000082700000, 0x0000000082700000|100%| O|  |TAMS 0x0000000082700000, 0x0000000082600000| Untracked 
|  39|0x0000000082700000, 0x0000000082800000, 0x0000000082800000|100%| O|  |TAMS 0x0000000082800000, 0x0000000082700000| Untracked 
|  40|0x0000000082800000, 0x0000000082900000, 0x0000000082900000|100%| O|  |TAMS 0x0000000082900000, 0x0000000082800000| Untracked 
|  41|0x0000000082900000, 0x0000000082a00000, 0x0000000082a00000|100%| O|  |TAMS 0x0000000082a00000, 0x0000000082900000| Untracked 
|  42|0x0000000082a00000, 0x0000000082b00000, 0x0000000082b00000|100%| O|  |TAMS 0x0000000082a00000, 0x0000000082a00000| Untracked 
|  43|0x0000000082b00000, 0x0000000082c00000, 0x0000000082c00000|100%| O|  |TAMS 0x0000000082c00000, 0x0000000082b00000| Untracked 
|  44|0x0000000082c00000, 0x0000000082d00000, 0x0000000082d00000|100%| O|  |TAMS 0x0000000082d00000, 0x0000000082c00000| Untracked 
|  45|0x0000000082d00000, 0x0000000082e00000, 0x0000000082e00000|100%| O|  |TAMS 0x0000000082e00000, 0x0000000082d00000| Untracked 
|  46|0x0000000082e00000, 0x0000000082f00000, 0x0000000082f00000|100%| O|  |TAMS 0x0000000082f00000, 0x0000000082e00000| Untracked 
|  47|0x0000000082f00000, 0x0000000083000000, 0x0000000083000000|100%| O|  |TAMS 0x0000000083000000, 0x0000000082f00000| Untracked 
|  48|0x0000000083000000, 0x0000000083100000, 0x0000000083100000|100%| O|  |TAMS 0x0000000083000000, 0x0000000083000000| Untracked 
|  49|0x0000000083100000, 0x0000000083200000, 0x0000000083200000|100%| O|  |TAMS 0x0000000083200000, 0x0000000083100000| Untracked 
|  50|0x0000000083200000, 0x0000000083300000, 0x0000000083300000|100%| O|  |TAMS 0x0000000083300000, 0x0000000083200000| Untracked 
|  51|0x0000000083300000, 0x0000000083400000, 0x0000000083400000|100%| O|  |TAMS 0x0000000083400000, 0x0000000083300000| Untracked 
|  52|0x0000000083400000, 0x0000000083500000, 0x0000000083500000|100%| O|  |TAMS 0x0000000083500000, 0x0000000083400000| Untracked 
|  53|0x0000000083500000, 0x0000000083600000, 0x0000000083600000|100%| O|  |TAMS 0x0000000083500000, 0x0000000083500000| Untracked 
|  54|0x0000000083600000, 0x0000000083700000, 0x0000000083700000|100%| O|  |TAMS 0x0000000083700000, 0x0000000083600000| Untracked 
|  55|0x0000000083700000, 0x0000000083800000, 0x0000000083800000|100%| O|  |TAMS 0x0000000083800000, 0x0000000083700000| Untracked 
|  56|0x0000000083800000, 0x0000000083900000, 0x0000000083900000|100%| O|  |TAMS 0x0000000083800000, 0x0000000083800000| Untracked 
|  57|0x0000000083900000, 0x0000000083a00000, 0x0000000083a00000|100%| O|  |TAMS 0x0000000083900000, 0x0000000083900000| Untracked 
|  58|0x0000000083a00000, 0x0000000083b00000, 0x0000000083b00000|100%| O|  |TAMS 0x0000000083a00000, 0x0000000083a00000| Untracked 
|  59|0x0000000083b00000, 0x0000000083c00000, 0x0000000083c00000|100%| O|  |TAMS 0x0000000083b00000, 0x0000000083b00000| Untracked 
|  60|0x0000000083c00000, 0x0000000083d00000, 0x0000000083d00000|100%| O|  |TAMS 0x0000000083c00000, 0x0000000083c00000| Untracked 
|  61|0x0000000083d00000, 0x0000000083e00000, 0x0000000083e00000|100%| O|  |TAMS 0x0000000083d00000, 0x0000000083d00000| Untracked 
|  62|0x0000000083e00000, 0x0000000083f00000, 0x0000000083f00000|100%| O|  |TAMS 0x0000000083e00000, 0x0000000083e00000| Untracked 
|  63|0x0000000083f00000, 0x0000000084000000, 0x0000000084000000|100%| O|  |TAMS 0x0000000084000000, 0x0000000083f00000| Untracked 
|  64|0x0000000084000000, 0x0000000084100000, 0x0000000084100000|100%| O|  |TAMS 0x0000000084000000, 0x0000000084000000| Untracked 
|  65|0x0000000084100000, 0x0000000084200000, 0x0000000084200000|100%| O|  |TAMS 0x0000000084100000, 0x0000000084100000| Untracked 
|  66|0x0000000084200000, 0x0000000084300000, 0x0000000084300000|100%| O|  |TAMS 0x0000000084300000, 0x0000000084200000| Untracked 
|  67|0x0000000084300000, 0x0000000084400000, 0x0000000084400000|100%| O|  |TAMS 0x0000000084400000, 0x0000000084300000| Untracked 
|  68|0x0000000084400000, 0x0000000084500000, 0x0000000084500000|100%| O|  |TAMS 0x0000000084500000, 0x0000000084400000| Untracked 
|  69|0x0000000084500000, 0x0000000084600000, 0x0000000084600000|100%| O|  |TAMS 0x0000000084600000, 0x0000000084500000| Untracked 
|  70|0x0000000084600000, 0x0000000084700000, 0x0000000084700000|100%| O|  |TAMS 0x0000000084700000, 0x0000000084600000| Untracked 
|  71|0x0000000084700000, 0x0000000084800000, 0x0000000084800000|100%| O|  |TAMS 0x0000000084800000, 0x0000000084700000| Untracked 
|  72|0x0000000084800000, 0x0000000084900000, 0x0000000084900000|100%| O|  |TAMS 0x0000000084900000, 0x0000000084800000| Untracked 
|  73|0x0000000084900000, 0x0000000084a00000, 0x0000000084a00000|100%| O|  |TAMS 0x0000000084a00000, 0x0000000084900000| Untracked 
|  74|0x0000000084a00000, 0x0000000084b00000, 0x0000000084b00000|100%| O|  |TAMS 0x0000000084b00000, 0x0000000084a00000| Untracked 
|  75|0x0000000084b00000, 0x0000000084c00000, 0x0000000084c00000|100%| O|  |TAMS 0x0000000084c00000, 0x0000000084b00000| Untracked 
|  76|0x0000000084c00000, 0x0000000084d00000, 0x0000000084d00000|100%| O|  |TAMS 0x0000000084c00000, 0x0000000084c00000| Untracked 
|  77|0x0000000084d00000, 0x0000000084e00000, 0x0000000084e00000|100%| O|  |TAMS 0x0000000084e00000, 0x0000000084d00000| Untracked 
|  78|0x0000000084e00000, 0x0000000084f00000, 0x0000000084f00000|100%| O|  |TAMS 0x0000000084f00000, 0x0000000084e00000| Untracked 
|  79|0x0000000084f00000, 0x0000000085000000, 0x0000000085000000|100%| O|  |TAMS 0x0000000085000000, 0x0000000084f00000| Untracked 
|  80|0x0000000085000000, 0x0000000085100000, 0x0000000085100000|100%| O|  |TAMS 0x0000000085100000, 0x0000000085000000| Untracked 
|  81|0x0000000085100000, 0x0000000085200000, 0x0000000085200000|100%| O|  |TAMS 0x0000000085200000, 0x0000000085100000| Untracked 
|  82|0x0000000085200000, 0x0000000085300000, 0x0000000085300000|100%|HS|  |TAMS 0x0000000085300000, 0x0000000085200000| Complete 
|  83|0x0000000085300000, 0x0000000085400000, 0x0000000085400000|100%|HC|  |TAMS 0x0000000085400000, 0x0000000085300000| Complete 
|  84|0x0000000085400000, 0x0000000085500000, 0x0000000085500000|100%|HC|  |TAMS 0x0000000085500000, 0x0000000085400000| Complete 
|  85|0x0000000085500000, 0x0000000085600000, 0x0000000085600000|100%| O|  |TAMS 0x0000000085600000, 0x0000000085500000| Untracked 
|  86|0x0000000085600000, 0x0000000085700000, 0x0000000085700000|100%| O|  |TAMS 0x0000000085700000, 0x0000000085600000| Untracked 
|  87|0x0000000085700000, 0x0000000085800000, 0x0000000085800000|100%| O|  |TAMS 0x0000000085800000, 0x0000000085700000| Untracked 
|  88|0x0000000085800000, 0x0000000085900000, 0x0000000085900000|100%| O|  |TAMS 0x0000000085800000, 0x0000000085800000| Untracked 
|  89|0x0000000085900000, 0x0000000085a00000, 0x0000000085a00000|100%| O|  |TAMS 0x0000000085a00000, 0x0000000085900000| Untracked 
|  90|0x0000000085a00000, 0x0000000085b00000, 0x0000000085b00000|100%| O|  |TAMS 0x0000000085a00000, 0x0000000085a00000| Untracked 
|  91|0x0000000085b00000, 0x0000000085c00000, 0x0000000085c00000|100%| O|  |TAMS 0x0000000085c00000, 0x0000000085b00000| Untracked 
|  92|0x0000000085c00000, 0x0000000085d00000, 0x0000000085d00000|100%| O|  |TAMS 0x0000000085d00000, 0x0000000085c00000| Untracked 
|  93|0x0000000085d00000, 0x0000000085e00000, 0x0000000085e00000|100%| O|  |TAMS 0x0000000085e00000, 0x0000000085d00000| Untracked 
|  94|0x0000000085e00000, 0x0000000085f00000, 0x0000000085f00000|100%| O|  |TAMS 0x0000000085f00000, 0x0000000085e00000| Untracked 
|  95|0x0000000085f00000, 0x0000000086000000, 0x0000000086000000|100%| O|  |TAMS 0x0000000086000000, 0x0000000085f00000| Untracked 
|  96|0x0000000086000000, 0x0000000086100000, 0x0000000086100000|100%| O|  |TAMS 0x0000000086100000, 0x0000000086000000| Untracked 
|  97|0x0000000086100000, 0x0000000086200000, 0x0000000086200000|100%| O|  |TAMS 0x0000000086200000, 0x0000000086100000| Untracked 
|  98|0x0000000086200000, 0x0000000086300000, 0x0000000086300000|100%| O|  |TAMS 0x0000000086300000, 0x0000000086200000| Untracked 
|  99|0x0000000086300000, 0x0000000086400000, 0x0000000086400000|100%|HS|  |TAMS 0x0000000086400000, 0x0000000086300000| Complete 
| 100|0x0000000086400000, 0x0000000086500000, 0x0000000086500000|100%|HC|  |TAMS 0x0000000086500000, 0x0000000086400000| Complete 
| 101|0x0000000086500000, 0x0000000086600000, 0x0000000086600000|100%|HC|  |TAMS 0x0000000086600000, 0x0000000086500000| Complete 
| 102|0x0000000086600000, 0x0000000086700000, 0x0000000086700000|100%| O|  |TAMS 0x0000000086700000, 0x0000000086600000| Untracked 
| 103|0x0000000086700000, 0x0000000086800000, 0x0000000086800000|100%| O|  |TAMS 0x0000000086800000, 0x0000000086700000| Untracked 
| 104|0x0000000086800000, 0x0000000086900000, 0x0000000086900000|100%| O|  |TAMS 0x0000000086900000, 0x0000000086800000| Untracked 
| 105|0x0000000086900000, 0x0000000086a00000, 0x0000000086a00000|100%| O|  |TAMS 0x0000000086a00000, 0x0000000086900000| Untracked 
| 106|0x0000000086a00000, 0x0000000086b00000, 0x0000000086b00000|100%| O|  |TAMS 0x0000000086b00000, 0x0000000086a00000| Untracked 
| 107|0x0000000086b00000, 0x0000000086c00000, 0x0000000086c00000|100%| O|  |TAMS 0x0000000086c00000, 0x0000000086b00000| Untracked 
| 108|0x0000000086c00000, 0x0000000086d00000, 0x0000000086d00000|100%| O|  |TAMS 0x0000000086d00000, 0x0000000086c00000| Untracked 
| 109|0x0000000086d00000, 0x0000000086e00000, 0x0000000086e00000|100%| O|  |TAMS 0x0000000086e00000, 0x0000000086d00000| Untracked 
| 110|0x0000000086e00000, 0x0000000086f00000, 0x0000000086f00000|100%| O|  |TAMS 0x0000000086f00000, 0x0000000086e00000| Untracked 
| 111|0x0000000086f00000, 0x0000000087000000, 0x0000000087000000|100%| O|  |TAMS 0x0000000087000000, 0x0000000086f00000| Untracked 
| 112|0x0000000087000000, 0x0000000087100000, 0x0000000087100000|100%| O|  |TAMS 0x0000000087100000, 0x0000000087000000| Untracked 
| 113|0x0000000087100000, 0x0000000087200000, 0x0000000087200000|100%| O|  |TAMS 0x0000000087200000, 0x0000000087100000| Untracked 
| 114|0x0000000087200000, 0x0000000087300000, 0x0000000087300000|100%| O|  |TAMS 0x0000000087300000, 0x0000000087200000| Untracked 
| 115|0x0000000087300000, 0x0000000087400000, 0x0000000087400000|100%| O|  |TAMS 0x0000000087400000, 0x0000000087300000| Untracked 
| 116|0x0000000087400000, 0x0000000087500000, 0x0000000087500000|100%| O|  |TAMS 0x0000000087500000, 0x0000000087400000| Untracked 
| 117|0x0000000087500000, 0x0000000087600000, 0x0000000087600000|100%| O|  |TAMS 0x0000000087600000, 0x0000000087500000| Untracked 
| 118|0x0000000087600000, 0x0000000087700000, 0x0000000087700000|100%| O|  |TAMS 0x0000000087700000, 0x0000000087600000| Untracked 
| 119|0x0000000087700000, 0x0000000087800000, 0x0000000087800000|100%| O|  |TAMS 0x0000000087800000, 0x0000000087700000| Untracked 
| 120|0x0000000087800000, 0x0000000087900000, 0x0000000087900000|100%| O|  |TAMS 0x0000000087900000, 0x0000000087800000| Untracked 
| 121|0x0000000087900000, 0x0000000087a00000, 0x0000000087a00000|100%| O|  |TAMS 0x0000000087a00000, 0x0000000087900000| Untracked 
| 122|0x0000000087a00000, 0x0000000087b00000, 0x0000000087b00000|100%| O|  |TAMS 0x0000000087b00000, 0x0000000087a00000| Untracked 
| 123|0x0000000087b00000, 0x0000000087c00000, 0x0000000087c00000|100%| O|  |TAMS 0x0000000087c00000, 0x0000000087b00000| Untracked 
| 124|0x0000000087c00000, 0x0000000087d00000, 0x0000000087d00000|100%| O|  |TAMS 0x0000000087d00000, 0x0000000087c00000| Untracked 
| 125|0x0000000087d00000, 0x0000000087d1be00, 0x0000000087e00000| 10%| O|  |TAMS 0x0000000087d1be00, 0x0000000087d00000| Untracked 
| 126|0x0000000087e00000, 0x0000000087f00000, 0x0000000087f00000|100%| O|  |TAMS 0x0000000087f00000, 0x0000000087e00000| Untracked 
| 127|0x0000000087f00000, 0x0000000088000000, 0x0000000088000000|100%| O|  |TAMS 0x0000000088000000, 0x0000000087f00000| Untracked 
| 128|0x0000000088000000, 0x0000000088100000, 0x0000000088100000|100%| O|  |TAMS 0x0000000088100000, 0x0000000088000000| Untracked 
| 129|0x0000000088100000, 0x0000000088200000, 0x0000000088200000|100%| O|  |TAMS 0x0000000088200000, 0x0000000088100000| Untracked 
| 130|0x0000000088200000, 0x0000000088300000, 0x0000000088300000|100%| O|  |TAMS 0x0000000088300000, 0x0000000088200000| Untracked 
| 131|0x0000000088300000, 0x0000000088400000, 0x0000000088400000|100%| O|  |TAMS 0x0000000088400000, 0x0000000088300000| Untracked 
| 132|0x0000000088400000, 0x0000000088500000, 0x0000000088500000|100%| O|  |TAMS 0x0000000088500000, 0x0000000088400000| Untracked 
| 133|0x0000000088500000, 0x0000000088600000, 0x0000000088600000|100%| O|  |TAMS 0x00000000885fe800, 0x0000000088500000| Untracked 
| 134|0x0000000088600000, 0x0000000088700000, 0x0000000088700000|100%| O|  |TAMS 0x0000000088600000, 0x0000000088600000| Untracked 
| 135|0x0000000088700000, 0x0000000088800000, 0x0000000088800000|100%| O|  |TAMS 0x0000000088700000, 0x0000000088700000| Untracked 
| 136|0x0000000088800000, 0x0000000088900000, 0x0000000088900000|100%| O|  |TAMS 0x0000000088800000, 0x0000000088800000| Untracked 
| 137|0x0000000088900000, 0x0000000088a00000, 0x0000000088a00000|100%| O|  |TAMS 0x0000000088900000, 0x0000000088900000| Untracked 
| 138|0x0000000088a00000, 0x0000000088b00000, 0x0000000088b00000|100%| O|  |TAMS 0x0000000088a00000, 0x0000000088a00000| Untracked 
| 139|0x0000000088b00000, 0x0000000088c00000, 0x0000000088c00000|100%| O|  |TAMS 0x0000000088b00000, 0x0000000088b00000| Untracked 
| 140|0x0000000088c00000, 0x0000000088d00000, 0x0000000088d00000|100%| O|  |TAMS 0x0000000088c00000, 0x0000000088c00000| Untracked 
| 141|0x0000000088d00000, 0x0000000088e00000, 0x0000000088e00000|100%| O|  |TAMS 0x0000000088d00000, 0x0000000088d00000| Untracked 
| 142|0x0000000088e00000, 0x0000000088f00000, 0x0000000088f00000|100%| O|  |TAMS 0x0000000088e00000, 0x0000000088e00000| Untracked 
| 143|0x0000000088f00000, 0x0000000089000000, 0x0000000089000000|100%| O|  |TAMS 0x0000000088f00000, 0x0000000088f00000| Untracked 
| 144|0x0000000089000000, 0x0000000089100000, 0x0000000089100000|100%| O|  |TAMS 0x0000000089000000, 0x0000000089000000| Untracked 
| 145|0x0000000089100000, 0x0000000089200000, 0x0000000089200000|100%| O|  |TAMS 0x0000000089100000, 0x0000000089100000| Untracked 
| 146|0x0000000089200000, 0x0000000089300000, 0x0000000089300000|100%| O|  |TAMS 0x0000000089200000, 0x0000000089200000| Untracked 
| 147|0x0000000089300000, 0x0000000089400000, 0x0000000089400000|100%| O|  |TAMS 0x0000000089300000, 0x0000000089300000| Untracked 
| 148|0x0000000089400000, 0x0000000089500000, 0x0000000089500000|100%| O|  |TAMS 0x0000000089400000, 0x0000000089400000| Untracked 
| 149|0x0000000089500000, 0x0000000089600000, 0x0000000089600000|100%| O|  |TAMS 0x0000000089500000, 0x0000000089500000| Untracked 
| 150|0x0000000089600000, 0x000000008963e800, 0x0000000089700000| 24%| O|  |TAMS 0x0000000089600000, 0x0000000089600000| Untracked 
| 151|0x0000000089700000, 0x0000000089800000, 0x0000000089800000|100%| O|  |TAMS 0x0000000089700000, 0x0000000089700000| Untracked 
| 152|0x0000000089800000, 0x0000000089900000, 0x0000000089900000|100%| O|  |TAMS 0x0000000089800000, 0x0000000089800000| Untracked 
| 153|0x0000000089900000, 0x0000000089a00000, 0x0000000089a00000|100%| O|  |TAMS 0x0000000089900000, 0x0000000089900000| Untracked 
| 154|0x0000000089a00000, 0x0000000089b00000, 0x0000000089b00000|100%| O|  |TAMS 0x0000000089a00000, 0x0000000089a00000| Untracked 
| 155|0x0000000089b00000, 0x0000000089c00000, 0x0000000089c00000|100%| O|  |TAMS 0x0000000089b00000, 0x0000000089b00000| Untracked 
| 156|0x0000000089c00000, 0x0000000089d00000, 0x0000000089d00000|100%| O|  |TAMS 0x0000000089c00000, 0x0000000089c00000| Untracked 
| 157|0x0000000089d00000, 0x0000000089e00000, 0x0000000089e00000|100%| O|  |TAMS 0x0000000089d00000, 0x0000000089d00000| Untracked 
| 158|0x0000000089e00000, 0x0000000089f00000, 0x0000000089f00000|100%| O|  |TAMS 0x0000000089e00000, 0x0000000089e00000| Untracked 
| 159|0x0000000089f00000, 0x000000008a000000, 0x000000008a000000|100%| O|  |TAMS 0x0000000089f00000, 0x0000000089f00000| Untracked 
| 160|0x000000008a000000, 0x000000008a100000, 0x000000008a100000|100%| O|  |TAMS 0x000000008a000000, 0x000000008a000000| Untracked 
| 161|0x000000008a100000, 0x000000008a200000, 0x000000008a200000|100%| O|  |TAMS 0x000000008a100000, 0x000000008a100000| Untracked 
| 162|0x000000008a200000, 0x000000008a300000, 0x000000008a300000|100%| O|  |TAMS 0x000000008a200000, 0x000000008a200000| Untracked 
| 163|0x000000008a300000, 0x000000008a400000, 0x000000008a400000|100%| O|  |TAMS 0x000000008a300000, 0x000000008a300000| Untracked 
| 164|0x000000008a400000, 0x000000008a500000, 0x000000008a500000|100%|HS|  |TAMS 0x000000008a400000, 0x000000008a400000| Complete 
| 165|0x000000008a500000, 0x000000008a600000, 0x000000008a600000|100%|HC|  |TAMS 0x000000008a500000, 0x000000008a500000| Complete 
| 166|0x000000008a600000, 0x000000008a700000, 0x000000008a700000|100%|HC|  |TAMS 0x000000008a600000, 0x000000008a600000| Complete 
| 167|0x000000008a700000, 0x000000008a800000, 0x000000008a800000|100%| O|  |TAMS 0x000000008a700000, 0x000000008a700000| Untracked 
| 168|0x000000008a800000, 0x000000008a900000, 0x000000008a900000|100%| O|  |TAMS 0x000000008a800000, 0x000000008a800000| Untracked 
| 169|0x000000008a900000, 0x000000008aa00000, 0x000000008aa00000|100%| O|  |TAMS 0x000000008a900000, 0x000000008a900000| Untracked 
| 170|0x000000008aa00000, 0x000000008ab00000, 0x000000008ab00000|100%| O|  |TAMS 0x000000008aa00000, 0x000000008aa00000| Untracked 
| 171|0x000000008ab00000, 0x000000008ac00000, 0x000000008ac00000|100%| O|  |TAMS 0x000000008ab00000, 0x000000008ab00000| Untracked 
| 172|0x000000008ac00000, 0x000000008ad00000, 0x000000008ad00000|100%| O|  |TAMS 0x000000008ac00000, 0x000000008ac00000| Untracked 
| 173|0x000000008ad00000, 0x000000008ae00000, 0x000000008ae00000|100%| O|  |TAMS 0x000000008ad00000, 0x000000008ad00000| Untracked 
| 174|0x000000008ae00000, 0x000000008af00000, 0x000000008af00000|100%| O|  |TAMS 0x000000008ae00000, 0x000000008ae00000| Untracked 
| 175|0x000000008af00000, 0x000000008b000000, 0x000000008b000000|100%| O|  |TAMS 0x000000008af00000, 0x000000008af00000| Untracked 
| 176|0x000000008b000000, 0x000000008b100000, 0x000000008b100000|100%| O|  |TAMS 0x000000008b000000, 0x000000008b000000| Untracked 
| 177|0x000000008b100000, 0x000000008b200000, 0x000000008b200000|100%| O|  |TAMS 0x000000008b100000, 0x000000008b100000| Untracked 
| 178|0x000000008b200000, 0x000000008b300000, 0x000000008b300000|100%| O|  |TAMS 0x000000008b200000, 0x000000008b200000| Untracked 
| 179|0x000000008b300000, 0x000000008b400000, 0x000000008b400000|100%| O|  |TAMS 0x000000008b300000, 0x000000008b300000| Untracked 
| 180|0x000000008b400000, 0x000000008b500000, 0x000000008b500000|100%| O|  |TAMS 0x000000008b400000, 0x000000008b400000| Untracked 
| 181|0x000000008b500000, 0x000000008b600000, 0x000000008b600000|100%| O|  |TAMS 0x000000008b500000, 0x000000008b500000| Untracked 
| 182|0x000000008b600000, 0x000000008b700000, 0x000000008b700000|100%| O|  |TAMS 0x000000008b600000, 0x000000008b600000| Untracked 
| 183|0x000000008b700000, 0x000000008b800000, 0x000000008b800000|100%| O|  |TAMS 0x000000008b700000, 0x000000008b700000| Untracked 
| 184|0x000000008b800000, 0x000000008b900000, 0x000000008b900000|100%| O|  |TAMS 0x000000008b800000, 0x000000008b800000| Untracked 
| 185|0x000000008b900000, 0x000000008ba00000, 0x000000008ba00000|100%| O|  |TAMS 0x000000008b900000, 0x000000008b900000| Untracked 
| 186|0x000000008ba00000, 0x000000008bb00000, 0x000000008bb00000|100%| O|  |TAMS 0x000000008ba00000, 0x000000008ba00000| Untracked 
| 187|0x000000008bb00000, 0x000000008bc00000, 0x000000008bc00000|100%| O|  |TAMS 0x000000008bb00000, 0x000000008bb00000| Untracked 
| 188|0x000000008bc00000, 0x000000008bd00000, 0x000000008bd00000|100%| O|  |TAMS 0x000000008bc00000, 0x000000008bc00000| Untracked 
| 189|0x000000008bd00000, 0x000000008be00000, 0x000000008be00000|100%| O|  |TAMS 0x000000008bd00000, 0x000000008bd00000| Untracked 
| 190|0x000000008be00000, 0x000000008bf00000, 0x000000008bf00000|100%| O|  |TAMS 0x000000008be00000, 0x000000008be00000| Untracked 
| 191|0x000000008bf00000, 0x000000008c000000, 0x000000008c000000|100%| O|  |TAMS 0x000000008bf00000, 0x000000008bf00000| Untracked 
| 192|0x000000008c000000, 0x000000008c100000, 0x000000008c100000|100%| O|  |TAMS 0x000000008c000000, 0x000000008c000000| Untracked 
| 193|0x000000008c100000, 0x000000008c200000, 0x000000008c200000|100%| O|  |TAMS 0x000000008c100000, 0x000000008c100000| Untracked 
| 194|0x000000008c200000, 0x000000008c300000, 0x000000008c300000|100%| O|  |TAMS 0x000000008c200000, 0x000000008c200000| Untracked 
| 195|0x000000008c300000, 0x000000008c400000, 0x000000008c400000|100%| O|  |TAMS 0x000000008c300000, 0x000000008c300000| Untracked 
| 196|0x000000008c400000, 0x000000008c500000, 0x000000008c500000|100%| O|  |TAMS 0x000000008c400000, 0x000000008c400000| Untracked 
| 197|0x000000008c500000, 0x000000008c600000, 0x000000008c600000|100%| O|  |TAMS 0x000000008c500000, 0x000000008c500000| Untracked 
| 198|0x000000008c600000, 0x000000008c700000, 0x000000008c700000|100%| O|  |TAMS 0x000000008c600000, 0x000000008c600000| Untracked 
| 199|0x000000008c700000, 0x000000008c800000, 0x000000008c800000|100%| O|  |TAMS 0x000000008c700000, 0x000000008c700000| Untracked 
| 200|0x000000008c800000, 0x000000008c900000, 0x000000008c900000|100%| O|  |TAMS 0x000000008c800000, 0x000000008c800000| Untracked 
| 201|0x000000008c900000, 0x000000008ca00000, 0x000000008ca00000|100%| O|  |TAMS 0x000000008c900000, 0x000000008c900000| Untracked 
| 202|0x000000008ca00000, 0x000000008cb00000, 0x000000008cb00000|100%| O|  |TAMS 0x000000008ca00000, 0x000000008ca00000| Untracked 
| 203|0x000000008cb00000, 0x000000008cc00000, 0x000000008cc00000|100%| O|  |TAMS 0x000000008cb00000, 0x000000008cb00000| Untracked 
| 204|0x000000008cc00000, 0x000000008cd00000, 0x000000008cd00000|100%| O|  |TAMS 0x000000008cc00000, 0x000000008cc00000| Untracked 
| 205|0x000000008cd00000, 0x000000008ce00000, 0x000000008ce00000|100%| O|  |TAMS 0x000000008cd00000, 0x000000008cd00000| Untracked 
| 206|0x000000008ce00000, 0x000000008cf00000, 0x000000008cf00000|100%| O|  |TAMS 0x000000008ce00000, 0x000000008ce00000| Untracked 
| 207|0x000000008cf00000, 0x000000008d000000, 0x000000008d000000|100%| O|  |TAMS 0x000000008cf00000, 0x000000008cf00000| Untracked 
| 208|0x000000008d000000, 0x000000008d100000, 0x000000008d100000|100%| O|  |TAMS 0x000000008d000000, 0x000000008d000000| Untracked 
| 209|0x000000008d100000, 0x000000008d200000, 0x000000008d200000|100%| O|  |TAMS 0x000000008d100000, 0x000000008d100000| Untracked 
| 210|0x000000008d200000, 0x000000008d300000, 0x000000008d300000|100%| O|  |TAMS 0x000000008d200000, 0x000000008d200000| Untracked 
| 211|0x000000008d300000, 0x000000008d400000, 0x000000008d400000|100%| O|  |TAMS 0x000000008d300000, 0x000000008d300000| Untracked 
| 212|0x000000008d400000, 0x000000008d500000, 0x000000008d500000|100%| O|  |TAMS 0x000000008d400000, 0x000000008d400000| Untracked 
| 213|0x000000008d500000, 0x000000008d600000, 0x000000008d600000|100%| O|  |TAMS 0x000000008d500000, 0x000000008d500000| Untracked 
| 214|0x000000008d600000, 0x000000008d700000, 0x000000008d700000|100%| O|  |TAMS 0x000000008d600000, 0x000000008d600000| Untracked 
| 215|0x000000008d700000, 0x000000008d800000, 0x000000008d800000|100%| O|  |TAMS 0x000000008d700000, 0x000000008d700000| Untracked 
| 216|0x000000008d800000, 0x000000008d900000, 0x000000008d900000|100%| O|  |TAMS 0x000000008d800000, 0x000000008d800000| Untracked 
| 217|0x000000008d900000, 0x000000008da00000, 0x000000008da00000|100%| O|  |TAMS 0x000000008d900000, 0x000000008d900000| Untracked 
| 218|0x000000008da00000, 0x000000008db00000, 0x000000008db00000|100%| O|  |TAMS 0x000000008da00000, 0x000000008da00000| Untracked 
| 219|0x000000008db00000, 0x000000008dc00000, 0x000000008dc00000|100%| O|  |TAMS 0x000000008db00000, 0x000000008db00000| Untracked 
| 220|0x000000008dc00000, 0x000000008dd00000, 0x000000008dd00000|100%| O|  |TAMS 0x000000008dc00000, 0x000000008dc00000| Untracked 
| 221|0x000000008dd00000, 0x000000008de00000, 0x000000008de00000|100%| O|  |TAMS 0x000000008dd00000, 0x000000008dd00000| Untracked 
| 222|0x000000008de00000, 0x000000008df00000, 0x000000008df00000|100%| O|  |TAMS 0x000000008de00000, 0x000000008de00000| Untracked 
| 223|0x000000008df00000, 0x000000008e000000, 0x000000008e000000|100%| O|  |TAMS 0x000000008df00000, 0x000000008df00000| Untracked 
| 224|0x000000008e000000, 0x000000008e100000, 0x000000008e100000|100%| O|  |TAMS 0x000000008e000000, 0x000000008e000000| Untracked 
| 225|0x000000008e100000, 0x000000008e200000, 0x000000008e200000|100%| O|  |TAMS 0x000000008e100000, 0x000000008e100000| Untracked 
| 226|0x000000008e200000, 0x000000008e300000, 0x000000008e300000|100%| O|  |TAMS 0x000000008e200000, 0x000000008e200000| Untracked 
| 227|0x000000008e300000, 0x000000008e400000, 0x000000008e400000|100%| O|  |TAMS 0x000000008e300000, 0x000000008e300000| Untracked 
| 228|0x000000008e400000, 0x000000008e500000, 0x000000008e500000|100%| O|  |TAMS 0x000000008e400000, 0x000000008e400000| Untracked 
| 229|0x000000008e500000, 0x000000008e600000, 0x000000008e600000|100%| O|  |TAMS 0x000000008e500000, 0x000000008e500000| Untracked 
| 230|0x000000008e600000, 0x000000008e700000, 0x000000008e700000|100%| O|  |TAMS 0x000000008e600000, 0x000000008e600000| Untracked 
| 231|0x000000008e700000, 0x000000008e800000, 0x000000008e800000|100%| O|  |TAMS 0x000000008e700000, 0x000000008e700000| Untracked 
| 232|0x000000008e800000, 0x000000008e900000, 0x000000008e900000|100%| O|  |TAMS 0x000000008e800000, 0x000000008e800000| Untracked 
| 233|0x000000008e900000, 0x000000008ea00000, 0x000000008ea00000|100%| O|  |TAMS 0x000000008e900000, 0x000000008e900000| Untracked 
| 234|0x000000008ea00000, 0x000000008eb00000, 0x000000008eb00000|100%| O|  |TAMS 0x000000008ea00000, 0x000000008ea00000| Untracked 
| 235|0x000000008eb00000, 0x000000008ec00000, 0x000000008ec00000|100%| O|  |TAMS 0x000000008eb00000, 0x000000008eb00000| Untracked 
| 236|0x000000008ec00000, 0x000000008ed00000, 0x000000008ed00000|100%| O|  |TAMS 0x000000008ec00000, 0x000000008ec00000| Untracked 
| 237|0x000000008ed00000, 0x000000008ee00000, 0x000000008ee00000|100%| O|  |TAMS 0x000000008ed00000, 0x000000008ed00000| Untracked 
| 238|0x000000008ee00000, 0x000000008ef00000, 0x000000008ef00000|100%| O|  |TAMS 0x000000008ee00000, 0x000000008ee00000| Untracked 
| 239|0x000000008ef00000, 0x000000008f000000, 0x000000008f000000|100%| O|  |TAMS 0x000000008ef00000, 0x000000008ef00000| Untracked 
| 240|0x000000008f000000, 0x000000008f100000, 0x000000008f100000|100%| O|  |TAMS 0x000000008f000000, 0x000000008f000000| Untracked 
| 241|0x000000008f100000, 0x000000008f200000, 0x000000008f200000|100%|HS|  |TAMS 0x000000008f100000, 0x000000008f100000| Complete 
| 242|0x000000008f200000, 0x000000008f200000, 0x000000008f300000|  0%| F|  |TAMS 0x000000008f200000, 0x000000008f200000| Untracked 
| 243|0x000000008f300000, 0x000000008f400000, 0x000000008f400000|100%| O|  |TAMS 0x000000008f300000, 0x000000008f300000| Untracked 
| 244|0x000000008f400000, 0x000000008f500000, 0x000000008f500000|100%| O|  |TAMS 0x000000008f400000, 0x000000008f400000| Untracked 
| 245|0x000000008f500000, 0x000000008f600000, 0x000000008f600000|100%| O|  |TAMS 0x000000008f500000, 0x000000008f500000| Untracked 
| 246|0x000000008f600000, 0x000000008f700000, 0x000000008f700000|100%| O|  |TAMS 0x000000008f600000, 0x000000008f600000| Untracked 
| 247|0x000000008f700000, 0x000000008f800000, 0x000000008f800000|100%| O|  |TAMS 0x000000008f700000, 0x000000008f700000| Untracked 
| 248|0x000000008f800000, 0x000000008f900000, 0x000000008f900000|100%| O|  |TAMS 0x000000008f800000, 0x000000008f800000| Untracked 
| 249|0x000000008f900000, 0x000000008fa00000, 0x000000008fa00000|100%| O|  |TAMS 0x000000008f900000, 0x000000008f900000| Untracked 
| 250|0x000000008fa00000, 0x000000008fb00000, 0x000000008fb00000|100%| O|  |TAMS 0x000000008fa00000, 0x000000008fa00000| Untracked 
| 251|0x000000008fb00000, 0x000000008fc00000, 0x000000008fc00000|100%| O|  |TAMS 0x000000008fb00000, 0x000000008fb00000| Untracked 
| 252|0x000000008fc00000, 0x000000008fd00000, 0x000000008fd00000|100%| O|  |TAMS 0x000000008fc00000, 0x000000008fc00000| Untracked 
| 253|0x000000008fd00000, 0x000000008fe00000, 0x000000008fe00000|100%| O|  |TAMS 0x000000008fd00000, 0x000000008fd00000| Untracked 
| 254|0x000000008fe00000, 0x000000008ff00000, 0x000000008ff00000|100%| O|  |TAMS 0x000000008fe00000, 0x000000008fe00000| Untracked 
| 255|0x000000008ff00000, 0x0000000090000000, 0x0000000090000000|100%| O|  |TAMS 0x000000008ff00000, 0x000000008ff00000| Untracked 
| 256|0x0000000090000000, 0x0000000090100000, 0x0000000090100000|100%| O|  |TAMS 0x0000000090000000, 0x0000000090000000| Untracked 
| 257|0x0000000090100000, 0x000000009017ba00, 0x0000000090200000| 48%| O|  |TAMS 0x0000000090100000, 0x0000000090100000| Untracked 
| 258|0x0000000090200000, 0x0000000090200000, 0x0000000090300000|  0%| F|  |TAMS 0x0000000090200000, 0x0000000090200000| Untracked 
| 259|0x0000000090300000, 0x0000000090300000, 0x0000000090400000|  0%| F|  |TAMS 0x0000000090300000, 0x0000000090300000| Untracked 
| 260|0x0000000090400000, 0x0000000090400000, 0x0000000090500000|  0%| F|  |TAMS 0x0000000090400000, 0x0000000090400000| Untracked 
| 261|0x0000000090500000, 0x0000000090500000, 0x0000000090600000|  0%| F|  |TAMS 0x0000000090500000, 0x0000000090500000| Untracked 
| 262|0x0000000090600000, 0x0000000090600000, 0x0000000090700000|  0%| F|  |TAMS 0x0000000090600000, 0x0000000090600000| Untracked 
| 263|0x0000000090700000, 0x0000000090700000, 0x0000000090800000|  0%| F|  |TAMS 0x0000000090700000, 0x0000000090700000| Untracked 
| 264|0x0000000090800000, 0x0000000090800000, 0x0000000090900000|  0%| F|  |TAMS 0x0000000090800000, 0x0000000090800000| Untracked 
| 265|0x0000000090900000, 0x0000000090900000, 0x0000000090a00000|  0%| F|  |TAMS 0x0000000090900000, 0x0000000090900000| Untracked 
| 266|0x0000000090a00000, 0x0000000090a00000, 0x0000000090b00000|  0%| F|  |TAMS 0x0000000090a00000, 0x0000000090a00000| Untracked 
| 267|0x0000000090b00000, 0x0000000090b00000, 0x0000000090c00000|  0%| F|  |TAMS 0x0000000090b00000, 0x0000000090b00000| Untracked 
| 268|0x0000000090c00000, 0x0000000090c00000, 0x0000000090d00000|  0%| F|  |TAMS 0x0000000090c00000, 0x0000000090c00000| Untracked 
| 269|0x0000000090d00000, 0x0000000090d00000, 0x0000000090e00000|  0%| F|  |TAMS 0x0000000090d00000, 0x0000000090d00000| Untracked 
| 270|0x0000000090e00000, 0x0000000090e00000, 0x0000000090f00000|  0%| F|  |TAMS 0x0000000090e00000, 0x0000000090e00000| Untracked 
| 271|0x0000000090f00000, 0x0000000090f00000, 0x0000000091000000|  0%| F|  |TAMS 0x0000000090f00000, 0x0000000090f00000| Untracked 
| 272|0x0000000091000000, 0x0000000091000000, 0x0000000091100000|  0%| F|  |TAMS 0x0000000091000000, 0x0000000091000000| Untracked 
| 273|0x0000000091100000, 0x0000000091100000, 0x0000000091200000|  0%| F|  |TAMS 0x0000000091100000, 0x0000000091100000| Untracked 
| 274|0x0000000091200000, 0x0000000091200000, 0x0000000091300000|  0%| F|  |TAMS 0x0000000091200000, 0x0000000091200000| Untracked 
| 275|0x0000000091300000, 0x0000000091300000, 0x0000000091400000|  0%| F|  |TAMS 0x0000000091300000, 0x0000000091300000| Untracked 
| 276|0x0000000091400000, 0x0000000091400000, 0x0000000091500000|  0%| F|  |TAMS 0x0000000091400000, 0x0000000091400000| Untracked 
| 277|0x0000000091500000, 0x0000000091500000, 0x0000000091600000|  0%| F|  |TAMS 0x0000000091500000, 0x0000000091500000| Untracked 
| 278|0x0000000091600000, 0x0000000091600000, 0x0000000091700000|  0%| F|  |TAMS 0x0000000091600000, 0x0000000091600000| Untracked 
| 279|0x0000000091700000, 0x0000000091700000, 0x0000000091800000|  0%| F|  |TAMS 0x0000000091700000, 0x0000000091700000| Untracked 
| 280|0x0000000091800000, 0x0000000091800000, 0x0000000091900000|  0%| F|  |TAMS 0x0000000091800000, 0x0000000091800000| Untracked 
| 281|0x0000000091900000, 0x0000000091900000, 0x0000000091a00000|  0%| F|  |TAMS 0x0000000091900000, 0x0000000091900000| Untracked 
| 282|0x0000000091a00000, 0x0000000091a00000, 0x0000000091b00000|  0%| F|  |TAMS 0x0000000091a00000, 0x0000000091a00000| Untracked 
| 283|0x0000000091b00000, 0x0000000091b00000, 0x0000000091c00000|  0%| F|  |TAMS 0x0000000091b00000, 0x0000000091b00000| Untracked 
| 284|0x0000000091c00000, 0x0000000091c00000, 0x0000000091d00000|  0%| F|  |TAMS 0x0000000091c00000, 0x0000000091c00000| Untracked 
| 285|0x0000000091d00000, 0x0000000091d00000, 0x0000000091e00000|  0%| F|  |TAMS 0x0000000091d00000, 0x0000000091d00000| Untracked 
| 286|0x0000000091e00000, 0x0000000091e00000, 0x0000000091f00000|  0%| F|  |TAMS 0x0000000091e00000, 0x0000000091e00000| Untracked 
| 287|0x0000000091f00000, 0x0000000091f00000, 0x0000000092000000|  0%| F|  |TAMS 0x0000000091f00000, 0x0000000091f00000| Untracked 
| 288|0x0000000092000000, 0x0000000092000000, 0x0000000092100000|  0%| F|  |TAMS 0x0000000092000000, 0x0000000092000000| Untracked 
| 289|0x0000000092100000, 0x0000000092100000, 0x0000000092200000|  0%| F|  |TAMS 0x0000000092100000, 0x0000000092100000| Untracked 
| 290|0x0000000092200000, 0x0000000092200000, 0x0000000092300000|  0%| F|  |TAMS 0x0000000092200000, 0x0000000092200000| Untracked 
| 291|0x0000000092300000, 0x0000000092300000, 0x0000000092400000|  0%| F|  |TAMS 0x0000000092300000, 0x0000000092300000| Untracked 
| 292|0x0000000092400000, 0x0000000092400000, 0x0000000092500000|  0%| F|  |TAMS 0x0000000092400000, 0x0000000092400000| Untracked 
| 293|0x0000000092500000, 0x0000000092500000, 0x0000000092600000|  0%| F|  |TAMS 0x0000000092500000, 0x0000000092500000| Untracked 
| 294|0x0000000092600000, 0x0000000092600000, 0x0000000092700000|  0%| F|  |TAMS 0x0000000092600000, 0x0000000092600000| Untracked 
| 295|0x0000000092700000, 0x0000000092700000, 0x0000000092800000|  0%| F|  |TAMS 0x0000000092700000, 0x0000000092700000| Untracked 
| 296|0x0000000092800000, 0x0000000092800000, 0x0000000092900000|  0%| F|  |TAMS 0x0000000092800000, 0x0000000092800000| Untracked 
| 297|0x0000000092900000, 0x0000000092900000, 0x0000000092a00000|  0%| F|  |TAMS 0x0000000092900000, 0x0000000092900000| Untracked 
| 298|0x0000000092a00000, 0x0000000092a00000, 0x0000000092b00000|  0%| F|  |TAMS 0x0000000092a00000, 0x0000000092a00000| Untracked 
| 299|0x0000000092b00000, 0x0000000092b00000, 0x0000000092c00000|  0%| F|  |TAMS 0x0000000092b00000, 0x0000000092b00000| Untracked 
| 300|0x0000000092c00000, 0x0000000092c00000, 0x0000000092d00000|  0%| F|  |TAMS 0x0000000092c00000, 0x0000000092c00000| Untracked 
| 301|0x0000000092d00000, 0x0000000092d00000, 0x0000000092e00000|  0%| F|  |TAMS 0x0000000092d00000, 0x0000000092d00000| Untracked 
| 302|0x0000000092e00000, 0x0000000092e00000, 0x0000000092f00000|  0%| F|  |TAMS 0x0000000092e00000, 0x0000000092e00000| Untracked 
| 303|0x0000000092f00000, 0x0000000092f00000, 0x0000000093000000|  0%| F|  |TAMS 0x0000000092f00000, 0x0000000092f00000| Untracked 
| 304|0x0000000093000000, 0x0000000093000000, 0x0000000093100000|  0%| F|  |TAMS 0x0000000093000000, 0x0000000093000000| Untracked 
| 305|0x0000000093100000, 0x0000000093100000, 0x0000000093200000|  0%| F|  |TAMS 0x0000000093100000, 0x0000000093100000| Untracked 
| 306|0x0000000093200000, 0x0000000093200000, 0x0000000093300000|  0%| F|  |TAMS 0x0000000093200000, 0x0000000093200000| Untracked 
| 307|0x0000000093300000, 0x0000000093300000, 0x0000000093400000|  0%| F|  |TAMS 0x0000000093300000, 0x0000000093300000| Untracked 
| 308|0x0000000093400000, 0x0000000093400000, 0x0000000093500000|  0%| F|  |TAMS 0x0000000093400000, 0x0000000093400000| Untracked 
| 309|0x0000000093500000, 0x0000000093500000, 0x0000000093600000|  0%| F|  |TAMS 0x0000000093500000, 0x0000000093500000| Untracked 
| 310|0x0000000093600000, 0x0000000093600000, 0x0000000093700000|  0%| F|  |TAMS 0x0000000093600000, 0x0000000093600000| Untracked 
| 311|0x0000000093700000, 0x0000000093700000, 0x0000000093800000|  0%| F|  |TAMS 0x0000000093700000, 0x0000000093700000| Untracked 
| 312|0x0000000093800000, 0x0000000093800000, 0x0000000093900000|  0%| F|  |TAMS 0x0000000093800000, 0x0000000093800000| Untracked 
| 313|0x0000000093900000, 0x0000000093900000, 0x0000000093a00000|  0%| F|  |TAMS 0x0000000093900000, 0x0000000093900000| Untracked 
| 314|0x0000000093a00000, 0x0000000093a00000, 0x0000000093b00000|  0%| F|  |TAMS 0x0000000093a00000, 0x0000000093a00000| Untracked 
| 315|0x0000000093b00000, 0x0000000093b00000, 0x0000000093c00000|  0%| F|  |TAMS 0x0000000093b00000, 0x0000000093b00000| Untracked 
| 316|0x0000000093c00000, 0x0000000093c00000, 0x0000000093d00000|  0%| F|  |TAMS 0x0000000093c00000, 0x0000000093c00000| Untracked 
| 317|0x0000000093d00000, 0x0000000093d00000, 0x0000000093e00000|  0%| F|  |TAMS 0x0000000093d00000, 0x0000000093d00000| Untracked 
| 318|0x0000000093e00000, 0x0000000093e00000, 0x0000000093f00000|  0%| F|  |TAMS 0x0000000093e00000, 0x0000000093e00000| Untracked 
| 319|0x0000000093f00000, 0x0000000093f00000, 0x0000000094000000|  0%| F|  |TAMS 0x0000000093f00000, 0x0000000093f00000| Untracked 
| 320|0x0000000094000000, 0x0000000094000000, 0x0000000094100000|  0%| F|  |TAMS 0x0000000094000000, 0x0000000094000000| Untracked 
| 321|0x0000000094100000, 0x0000000094100000, 0x0000000094200000|  0%| F|  |TAMS 0x0000000094100000, 0x0000000094100000| Untracked 
| 322|0x0000000094200000, 0x0000000094200000, 0x0000000094300000|  0%| F|  |TAMS 0x0000000094200000, 0x0000000094200000| Untracked 
| 323|0x0000000094300000, 0x0000000094300000, 0x0000000094400000|  0%| F|  |TAMS 0x0000000094300000, 0x0000000094300000| Untracked 
| 324|0x0000000094400000, 0x0000000094400000, 0x0000000094500000|  0%| F|  |TAMS 0x0000000094400000, 0x0000000094400000| Untracked 
| 325|0x0000000094500000, 0x0000000094500000, 0x0000000094600000|  0%| F|  |TAMS 0x0000000094500000, 0x0000000094500000| Untracked 
| 326|0x0000000094600000, 0x0000000094600000, 0x0000000094700000|  0%| F|  |TAMS 0x0000000094600000, 0x0000000094600000| Untracked 
| 327|0x0000000094700000, 0x0000000094700000, 0x0000000094800000|  0%| F|  |TAMS 0x0000000094700000, 0x0000000094700000| Untracked 
| 328|0x0000000094800000, 0x0000000094800000, 0x0000000094900000|  0%| F|  |TAMS 0x0000000094800000, 0x0000000094800000| Untracked 
| 329|0x0000000094900000, 0x0000000094900000, 0x0000000094a00000|  0%| F|  |TAMS 0x0000000094900000, 0x0000000094900000| Untracked 
| 330|0x0000000094a00000, 0x0000000094a00000, 0x0000000094b00000|  0%| F|  |TAMS 0x0000000094a00000, 0x0000000094a00000| Untracked 
| 331|0x0000000094b00000, 0x0000000094b00000, 0x0000000094c00000|  0%| F|  |TAMS 0x0000000094b00000, 0x0000000094b00000| Untracked 
| 332|0x0000000094c00000, 0x0000000094c00000, 0x0000000094d00000|  0%| F|  |TAMS 0x0000000094c00000, 0x0000000094c00000| Untracked 
| 333|0x0000000094d00000, 0x0000000094d00000, 0x0000000094e00000|  0%| F|  |TAMS 0x0000000094d00000, 0x0000000094d00000| Untracked 
| 334|0x0000000094e00000, 0x0000000094e00000, 0x0000000094f00000|  0%| F|  |TAMS 0x0000000094e00000, 0x0000000094e00000| Untracked 
| 335|0x0000000094f00000, 0x0000000094f00000, 0x0000000095000000|  0%| F|  |TAMS 0x0000000094f00000, 0x0000000094f00000| Untracked 
| 336|0x0000000095000000, 0x0000000095000000, 0x0000000095100000|  0%| F|  |TAMS 0x0000000095000000, 0x0000000095000000| Untracked 
| 337|0x0000000095100000, 0x0000000095100000, 0x0000000095200000|  0%| F|  |TAMS 0x0000000095100000, 0x0000000095100000| Untracked 
| 338|0x0000000095200000, 0x0000000095280000, 0x0000000095300000| 50%| S|CS|TAMS 0x0000000095200000, 0x0000000095200000| Complete 
| 339|0x0000000095300000, 0x0000000095400000, 0x0000000095400000|100%| S|CS|TAMS 0x0000000095300000, 0x0000000095300000| Complete 
| 340|0x0000000095400000, 0x0000000095500000, 0x0000000095500000|100%| S|CS|TAMS 0x0000000095400000, 0x0000000095400000| Complete 
| 341|0x0000000095500000, 0x0000000095600000, 0x0000000095600000|100%| S|CS|TAMS 0x0000000095500000, 0x0000000095500000| Complete 
| 342|0x0000000095600000, 0x0000000095700000, 0x0000000095700000|100%| S|CS|TAMS 0x0000000095600000, 0x0000000095600000| Complete 
| 343|0x0000000095700000, 0x0000000095800000, 0x0000000095800000|100%| S|CS|TAMS 0x0000000095700000, 0x0000000095700000| Complete 
| 344|0x0000000095800000, 0x0000000095900000, 0x0000000095900000|100%| S|CS|TAMS 0x0000000095800000, 0x0000000095800000| Complete 
| 345|0x0000000095900000, 0x0000000095a00000, 0x0000000095a00000|100%| S|CS|TAMS 0x0000000095900000, 0x0000000095900000| Complete 
| 346|0x0000000095a00000, 0x0000000095b00000, 0x0000000095b00000|100%| S|CS|TAMS 0x0000000095a00000, 0x0000000095a00000| Complete 
| 347|0x0000000095b00000, 0x0000000095c00000, 0x0000000095c00000|100%| S|CS|TAMS 0x0000000095b00000, 0x0000000095b00000| Complete 
| 348|0x0000000095c00000, 0x0000000095c00000, 0x0000000095d00000|  0%| F|  |TAMS 0x0000000095c00000, 0x0000000095c00000| Untracked 
| 349|0x0000000095d00000, 0x0000000095d00000, 0x0000000095e00000|  0%| F|  |TAMS 0x0000000095d00000, 0x0000000095d00000| Untracked 
| 350|0x0000000095e00000, 0x0000000095f00000, 0x0000000095f00000|100%| S|CS|TAMS 0x0000000095e00000, 0x0000000095e00000| Complete 
| 351|0x0000000095f00000, 0x0000000096000000, 0x0000000096000000|100%| S|CS|TAMS 0x0000000095f00000, 0x0000000095f00000| Complete 
| 352|0x0000000096000000, 0x0000000096000000, 0x0000000096100000|  0%| F|  |TAMS 0x0000000096000000, 0x0000000096000000| Untracked 
| 353|0x0000000096100000, 0x0000000096100000, 0x0000000096200000|  0%| F|  |TAMS 0x0000000096100000, 0x0000000096100000| Untracked 
| 354|0x0000000096200000, 0x0000000096200000, 0x0000000096300000|  0%| F|  |TAMS 0x0000000096200000, 0x0000000096200000| Untracked 
| 355|0x0000000096300000, 0x0000000096300000, 0x0000000096400000|  0%| F|  |TAMS 0x0000000096300000, 0x0000000096300000| Untracked 
| 356|0x0000000096400000, 0x0000000096400000, 0x0000000096500000|  0%| F|  |TAMS 0x0000000096400000, 0x0000000096400000| Untracked 
| 357|0x0000000096500000, 0x0000000096500000, 0x0000000096600000|  0%| F|  |TAMS 0x0000000096500000, 0x0000000096500000| Untracked 
| 358|0x0000000096600000, 0x0000000096600000, 0x0000000096700000|  0%| F|  |TAMS 0x0000000096600000, 0x0000000096600000| Untracked 
| 359|0x0000000096700000, 0x0000000096700000, 0x0000000096800000|  0%| F|  |TAMS 0x0000000096700000, 0x0000000096700000| Untracked 
| 360|0x0000000096800000, 0x0000000096800000, 0x0000000096900000|  0%| F|  |TAMS 0x0000000096800000, 0x0000000096800000| Untracked 
| 361|0x0000000096900000, 0x0000000096900000, 0x0000000096a00000|  0%| F|  |TAMS 0x0000000096900000, 0x0000000096900000| Untracked 
| 362|0x0000000096a00000, 0x0000000096a00000, 0x0000000096b00000|  0%| F|  |TAMS 0x0000000096a00000, 0x0000000096a00000| Untracked 
| 363|0x0000000096b00000, 0x0000000096b00000, 0x0000000096c00000|  0%| F|  |TAMS 0x0000000096b00000, 0x0000000096b00000| Untracked 
| 364|0x0000000096c00000, 0x0000000096c00000, 0x0000000096d00000|  0%| F|  |TAMS 0x0000000096c00000, 0x0000000096c00000| Untracked 
| 365|0x0000000096d00000, 0x0000000096d00000, 0x0000000096e00000|  0%| F|  |TAMS 0x0000000096d00000, 0x0000000096d00000| Untracked 
| 366|0x0000000096e00000, 0x0000000096e00000, 0x0000000096f00000|  0%| F|  |TAMS 0x0000000096e00000, 0x0000000096e00000| Untracked 
| 367|0x0000000096f00000, 0x0000000096f00000, 0x0000000097000000|  0%| F|  |TAMS 0x0000000096f00000, 0x0000000096f00000| Untracked 
| 368|0x0000000097000000, 0x0000000097000000, 0x0000000097100000|  0%| F|  |TAMS 0x0000000097000000, 0x0000000097000000| Untracked 
| 369|0x0000000097100000, 0x0000000097100000, 0x0000000097200000|  0%| F|  |TAMS 0x0000000097100000, 0x0000000097100000| Untracked 
| 370|0x0000000097200000, 0x0000000097200000, 0x0000000097300000|  0%| F|  |TAMS 0x0000000097200000, 0x0000000097200000| Untracked 
| 371|0x0000000097300000, 0x0000000097300000, 0x0000000097400000|  0%| F|  |TAMS 0x0000000097300000, 0x0000000097300000| Untracked 
| 372|0x0000000097400000, 0x0000000097400000, 0x0000000097500000|  0%| F|  |TAMS 0x0000000097400000, 0x0000000097400000| Untracked 
| 373|0x0000000097500000, 0x0000000097500000, 0x0000000097600000|  0%| F|  |TAMS 0x0000000097500000, 0x0000000097500000| Untracked 
| 374|0x0000000097600000, 0x0000000097600000, 0x0000000097700000|  0%| F|  |TAMS 0x0000000097600000, 0x0000000097600000| Untracked 
| 375|0x0000000097700000, 0x0000000097700000, 0x0000000097800000|  0%| F|  |TAMS 0x0000000097700000, 0x0000000097700000| Untracked 
| 376|0x0000000097800000, 0x0000000097800000, 0x0000000097900000|  0%| F|  |TAMS 0x0000000097800000, 0x0000000097800000| Untracked 
| 377|0x0000000097900000, 0x0000000097900000, 0x0000000097a00000|  0%| F|  |TAMS 0x0000000097900000, 0x0000000097900000| Untracked 
| 378|0x0000000097a00000, 0x0000000097a00000, 0x0000000097b00000|  0%| F|  |TAMS 0x0000000097a00000, 0x0000000097a00000| Untracked 
| 379|0x0000000097b00000, 0x0000000097b00000, 0x0000000097c00000|  0%| F|  |TAMS 0x0000000097b00000, 0x0000000097b00000| Untracked 
| 380|0x0000000097c00000, 0x0000000097c00000, 0x0000000097d00000|  0%| F|  |TAMS 0x0000000097c00000, 0x0000000097c00000| Untracked 
| 381|0x0000000097d00000, 0x0000000097d00000, 0x0000000097e00000|  0%| F|  |TAMS 0x0000000097d00000, 0x0000000097d00000| Untracked 
| 382|0x0000000097e00000, 0x0000000097e00000, 0x0000000097f00000|  0%| F|  |TAMS 0x0000000097e00000, 0x0000000097e00000| Untracked 
| 383|0x0000000097f00000, 0x0000000097f00000, 0x0000000098000000|  0%| F|  |TAMS 0x0000000097f00000, 0x0000000097f00000| Untracked 
| 384|0x0000000098000000, 0x0000000098000000, 0x0000000098100000|  0%| F|  |TAMS 0x0000000098000000, 0x0000000098000000| Untracked 
| 385|0x0000000098100000, 0x0000000098100000, 0x0000000098200000|  0%| F|  |TAMS 0x0000000098100000, 0x0000000098100000| Untracked 
| 386|0x0000000098200000, 0x0000000098200000, 0x0000000098300000|  0%| F|  |TAMS 0x0000000098200000, 0x0000000098200000| Untracked 
| 387|0x0000000098300000, 0x0000000098300000, 0x0000000098400000|  0%| F|  |TAMS 0x0000000098300000, 0x0000000098300000| Untracked 
| 388|0x0000000098400000, 0x0000000098400000, 0x0000000098500000|  0%| F|  |TAMS 0x0000000098400000, 0x0000000098400000| Untracked 
| 389|0x0000000098500000, 0x0000000098500000, 0x0000000098600000|  0%| F|  |TAMS 0x0000000098500000, 0x0000000098500000| Untracked 
| 390|0x0000000098600000, 0x0000000098600000, 0x0000000098700000|  0%| F|  |TAMS 0x0000000098600000, 0x0000000098600000| Untracked 
| 391|0x0000000098700000, 0x0000000098700000, 0x0000000098800000|  0%| F|  |TAMS 0x0000000098700000, 0x0000000098700000| Untracked 
| 392|0x0000000098800000, 0x0000000098800000, 0x0000000098900000|  0%| F|  |TAMS 0x0000000098800000, 0x0000000098800000| Untracked 
| 393|0x0000000098900000, 0x0000000098900000, 0x0000000098a00000|  0%| F|  |TAMS 0x0000000098900000, 0x0000000098900000| Untracked 
| 394|0x0000000098a00000, 0x0000000098a00000, 0x0000000098b00000|  0%| F|  |TAMS 0x0000000098a00000, 0x0000000098a00000| Untracked 
| 395|0x0000000098b00000, 0x0000000098b00000, 0x0000000098c00000|  0%| F|  |TAMS 0x0000000098b00000, 0x0000000098b00000| Untracked 
| 396|0x0000000098c00000, 0x0000000098c00000, 0x0000000098d00000|  0%| F|  |TAMS 0x0000000098c00000, 0x0000000098c00000| Untracked 
| 397|0x0000000098d00000, 0x0000000098d00000, 0x0000000098e00000|  0%| F|  |TAMS 0x0000000098d00000, 0x0000000098d00000| Untracked 
| 398|0x0000000098e00000, 0x0000000098e00000, 0x0000000098f00000|  0%| F|  |TAMS 0x0000000098e00000, 0x0000000098e00000| Untracked 
| 399|0x0000000098f00000, 0x0000000098f00000, 0x0000000099000000|  0%| F|  |TAMS 0x0000000098f00000, 0x0000000098f00000| Untracked 
| 400|0x0000000099000000, 0x0000000099000000, 0x0000000099100000|  0%| F|  |TAMS 0x0000000099000000, 0x0000000099000000| Untracked 
| 401|0x0000000099100000, 0x0000000099100000, 0x0000000099200000|  0%| F|  |TAMS 0x0000000099100000, 0x0000000099100000| Untracked 
| 402|0x0000000099200000, 0x0000000099200000, 0x0000000099300000|  0%| F|  |TAMS 0x0000000099200000, 0x0000000099200000| Untracked 
| 403|0x0000000099300000, 0x0000000099300000, 0x0000000099400000|  0%| F|  |TAMS 0x0000000099300000, 0x0000000099300000| Untracked 
| 404|0x0000000099400000, 0x0000000099400000, 0x0000000099500000|  0%| F|  |TAMS 0x0000000099400000, 0x0000000099400000| Untracked 
| 405|0x0000000099500000, 0x0000000099500000, 0x0000000099600000|  0%| F|  |TAMS 0x0000000099500000, 0x0000000099500000| Untracked 
| 406|0x0000000099600000, 0x0000000099600000, 0x0000000099700000|  0%| F|  |TAMS 0x0000000099600000, 0x0000000099600000| Untracked 
| 407|0x0000000099700000, 0x0000000099700000, 0x0000000099800000|  0%| F|  |TAMS 0x0000000099700000, 0x0000000099700000| Untracked 
| 408|0x0000000099800000, 0x0000000099800000, 0x0000000099900000|  0%| F|  |TAMS 0x0000000099800000, 0x0000000099800000| Untracked 
| 409|0x0000000099900000, 0x0000000099900000, 0x0000000099a00000|  0%| F|  |TAMS 0x0000000099900000, 0x0000000099900000| Untracked 
| 410|0x0000000099a00000, 0x0000000099a00000, 0x0000000099b00000|  0%| F|  |TAMS 0x0000000099a00000, 0x0000000099a00000| Untracked 
| 411|0x0000000099b00000, 0x0000000099b00000, 0x0000000099c00000|  0%| F|  |TAMS 0x0000000099b00000, 0x0000000099b00000| Untracked 
| 412|0x0000000099c00000, 0x0000000099c00000, 0x0000000099d00000|  0%| F|  |TAMS 0x0000000099c00000, 0x0000000099c00000| Untracked 
| 413|0x0000000099d00000, 0x0000000099d00000, 0x0000000099e00000|  0%| F|  |TAMS 0x0000000099d00000, 0x0000000099d00000| Untracked 
| 414|0x0000000099e00000, 0x0000000099e00000, 0x0000000099f00000|  0%| F|  |TAMS 0x0000000099e00000, 0x0000000099e00000| Untracked 
| 415|0x0000000099f00000, 0x0000000099f00000, 0x000000009a000000|  0%| F|  |TAMS 0x0000000099f00000, 0x0000000099f00000| Untracked 
| 416|0x000000009a000000, 0x000000009a000000, 0x000000009a100000|  0%| F|  |TAMS 0x000000009a000000, 0x000000009a000000| Untracked 
| 417|0x000000009a100000, 0x000000009a100000, 0x000000009a200000|  0%| F|  |TAMS 0x000000009a100000, 0x000000009a100000| Untracked 
| 418|0x000000009a200000, 0x000000009a200000, 0x000000009a300000|  0%| F|  |TAMS 0x000000009a200000, 0x000000009a200000| Untracked 
| 419|0x000000009a300000, 0x000000009a300000, 0x000000009a400000|  0%| F|  |TAMS 0x000000009a300000, 0x000000009a300000| Untracked 
| 420|0x000000009a400000, 0x000000009a400000, 0x000000009a500000|  0%| F|  |TAMS 0x000000009a400000, 0x000000009a400000| Untracked 
| 421|0x000000009a500000, 0x000000009a500000, 0x000000009a600000|  0%| F|  |TAMS 0x000000009a500000, 0x000000009a500000| Untracked 
| 422|0x000000009a600000, 0x000000009a600000, 0x000000009a700000|  0%| F|  |TAMS 0x000000009a600000, 0x000000009a600000| Untracked 
| 423|0x000000009a700000, 0x000000009a700000, 0x000000009a800000|  0%| F|  |TAMS 0x000000009a700000, 0x000000009a700000| Untracked 
| 424|0x000000009a800000, 0x000000009a800000, 0x000000009a900000|  0%| F|  |TAMS 0x000000009a800000, 0x000000009a800000| Untracked 
| 425|0x000000009a900000, 0x000000009a900000, 0x000000009aa00000|  0%| F|  |TAMS 0x000000009a900000, 0x000000009a900000| Untracked 
| 426|0x000000009aa00000, 0x000000009aa00000, 0x000000009ab00000|  0%| F|  |TAMS 0x000000009aa00000, 0x000000009aa00000| Untracked 
| 427|0x000000009ab00000, 0x000000009ab00000, 0x000000009ac00000|  0%| F|  |TAMS 0x000000009ab00000, 0x000000009ab00000| Untracked 
| 428|0x000000009ac00000, 0x000000009ac00000, 0x000000009ad00000|  0%| F|  |TAMS 0x000000009ac00000, 0x000000009ac00000| Untracked 
| 429|0x000000009ad00000, 0x000000009ad00000, 0x000000009ae00000|  0%| F|  |TAMS 0x000000009ad00000, 0x000000009ad00000| Untracked 
| 430|0x000000009ae00000, 0x000000009ae00000, 0x000000009af00000|  0%| F|  |TAMS 0x000000009ae00000, 0x000000009ae00000| Untracked 
| 431|0x000000009af00000, 0x000000009af00000, 0x000000009b000000|  0%| F|  |TAMS 0x000000009af00000, 0x000000009af00000| Untracked 
| 432|0x000000009b000000, 0x000000009b000000, 0x000000009b100000|  0%| F|  |TAMS 0x000000009b000000, 0x000000009b000000| Untracked 
| 433|0x000000009b100000, 0x000000009b100000, 0x000000009b200000|  0%| F|  |TAMS 0x000000009b100000, 0x000000009b100000| Untracked 
| 434|0x000000009b200000, 0x000000009b200000, 0x000000009b300000|  0%| F|  |TAMS 0x000000009b200000, 0x000000009b200000| Untracked 
| 435|0x000000009b300000, 0x000000009b300000, 0x000000009b400000|  0%| F|  |TAMS 0x000000009b300000, 0x000000009b300000| Untracked 
| 436|0x000000009b400000, 0x000000009b400000, 0x000000009b500000|  0%| F|  |TAMS 0x000000009b400000, 0x000000009b400000| Untracked 
| 437|0x000000009b500000, 0x000000009b500000, 0x000000009b600000|  0%| F|  |TAMS 0x000000009b500000, 0x000000009b500000| Untracked 
| 438|0x000000009b600000, 0x000000009b600000, 0x000000009b700000|  0%| F|  |TAMS 0x000000009b600000, 0x000000009b600000| Untracked 
| 439|0x000000009b700000, 0x000000009b700000, 0x000000009b800000|  0%| F|  |TAMS 0x000000009b700000, 0x000000009b700000| Untracked 
| 440|0x000000009b800000, 0x000000009b800000, 0x000000009b900000|  0%| F|  |TAMS 0x000000009b800000, 0x000000009b800000| Untracked 
| 441|0x000000009b900000, 0x000000009b900000, 0x000000009ba00000|  0%| F|  |TAMS 0x000000009b900000, 0x000000009b900000| Untracked 
| 442|0x000000009ba00000, 0x000000009ba00000, 0x000000009bb00000|  0%| F|  |TAMS 0x000000009ba00000, 0x000000009ba00000| Untracked 
| 443|0x000000009bb00000, 0x000000009bb00000, 0x000000009bc00000|  0%| F|  |TAMS 0x000000009bb00000, 0x000000009bb00000| Untracked 
| 444|0x000000009bc00000, 0x000000009bc00000, 0x000000009bd00000|  0%| F|  |TAMS 0x000000009bc00000, 0x000000009bc00000| Untracked 
| 445|0x000000009bd00000, 0x000000009bd00000, 0x000000009be00000|  0%| F|  |TAMS 0x000000009bd00000, 0x000000009bd00000| Untracked 
| 446|0x000000009be00000, 0x000000009be00000, 0x000000009bf00000|  0%| F|  |TAMS 0x000000009be00000, 0x000000009be00000| Untracked 
| 447|0x000000009bf00000, 0x000000009bf00000, 0x000000009c000000|  0%| F|  |TAMS 0x000000009bf00000, 0x000000009bf00000| Untracked 
| 448|0x000000009c000000, 0x000000009c000000, 0x000000009c100000|  0%| F|  |TAMS 0x000000009c000000, 0x000000009c000000| Untracked 
| 449|0x000000009c100000, 0x000000009c100000, 0x000000009c200000|  0%| F|  |TAMS 0x000000009c100000, 0x000000009c100000| Untracked 
| 450|0x000000009c200000, 0x000000009c282210, 0x000000009c300000| 50%| E|  |TAMS 0x000000009c200000, 0x000000009c200000| Complete 
| 451|0x000000009c300000, 0x000000009c400000, 0x000000009c400000|100%| E|CS|TAMS 0x000000009c300000, 0x000000009c300000| Complete 
| 452|0x000000009c400000, 0x000000009c500000, 0x000000009c500000|100%| E|CS|TAMS 0x000000009c400000, 0x000000009c400000| Complete 
| 453|0x000000009c500000, 0x000000009c600000, 0x000000009c600000|100%| E|CS|TAMS 0x000000009c500000, 0x000000009c500000| Complete 
| 454|0x000000009c600000, 0x000000009c700000, 0x000000009c700000|100%| E|CS|TAMS 0x000000009c600000, 0x000000009c600000| Complete 
| 455|0x000000009c700000, 0x000000009c800000, 0x000000009c800000|100%| E|CS|TAMS 0x000000009c700000, 0x000000009c700000| Complete 
| 456|0x000000009c800000, 0x000000009c900000, 0x000000009c900000|100%| E|CS|TAMS 0x000000009c800000, 0x000000009c800000| Complete 
| 457|0x000000009c900000, 0x000000009ca00000, 0x000000009ca00000|100%| E|CS|TAMS 0x000000009c900000, 0x000000009c900000| Complete 
| 458|0x000000009ca00000, 0x000000009cb00000, 0x000000009cb00000|100%| E|CS|TAMS 0x000000009ca00000, 0x000000009ca00000| Complete 
| 459|0x000000009cb00000, 0x000000009cc00000, 0x000000009cc00000|100%| E|CS|TAMS 0x000000009cb00000, 0x000000009cb00000| Complete 
| 460|0x000000009cc00000, 0x000000009cd00000, 0x000000009cd00000|100%| E|CS|TAMS 0x000000009cc00000, 0x000000009cc00000| Complete 
| 461|0x000000009cd00000, 0x000000009ce00000, 0x000000009ce00000|100%| E|CS|TAMS 0x000000009cd00000, 0x000000009cd00000| Complete 
| 462|0x000000009ce00000, 0x000000009cf00000, 0x000000009cf00000|100%| E|CS|TAMS 0x000000009ce00000, 0x000000009ce00000| Complete 
| 463|0x000000009cf00000, 0x000000009d000000, 0x000000009d000000|100%| E|CS|TAMS 0x000000009cf00000, 0x000000009cf00000| Complete 
| 464|0x000000009d000000, 0x000000009d100000, 0x000000009d100000|100%| E|CS|TAMS 0x000000009d000000, 0x000000009d000000| Complete 
| 465|0x000000009d100000, 0x000000009d200000, 0x000000009d200000|100%| E|CS|TAMS 0x000000009d100000, 0x000000009d100000| Complete 
| 466|0x000000009d200000, 0x000000009d300000, 0x000000009d300000|100%| E|CS|TAMS 0x000000009d200000, 0x000000009d200000| Complete 
| 467|0x000000009d300000, 0x000000009d400000, 0x000000009d400000|100%| E|CS|TAMS 0x000000009d300000, 0x000000009d300000| Complete 
| 468|0x000000009d400000, 0x000000009d500000, 0x000000009d500000|100%| E|CS|TAMS 0x000000009d400000, 0x000000009d400000| Complete 
| 469|0x000000009d500000, 0x000000009d600000, 0x000000009d600000|100%| E|CS|TAMS 0x000000009d500000, 0x000000009d500000| Complete 
| 470|0x000000009d600000, 0x000000009d700000, 0x000000009d700000|100%| E|CS|TAMS 0x000000009d600000, 0x000000009d600000| Complete 
| 471|0x000000009d700000, 0x000000009d800000, 0x000000009d800000|100%| E|CS|TAMS 0x000000009d700000, 0x000000009d700000| Complete 
| 472|0x000000009d800000, 0x000000009d900000, 0x000000009d900000|100%| E|CS|TAMS 0x000000009d800000, 0x000000009d800000| Complete 
| 473|0x000000009d900000, 0x000000009da00000, 0x000000009da00000|100%| E|CS|TAMS 0x000000009d900000, 0x000000009d900000| Complete 
| 474|0x000000009da00000, 0x000000009db00000, 0x000000009db00000|100%| E|CS|TAMS 0x000000009da00000, 0x000000009da00000| Complete 
| 475|0x000000009db00000, 0x000000009dc00000, 0x000000009dc00000|100%| E|CS|TAMS 0x000000009db00000, 0x000000009db00000| Complete 
| 476|0x000000009dc00000, 0x000000009dd00000, 0x000000009dd00000|100%| E|CS|TAMS 0x000000009dc00000, 0x000000009dc00000| Complete 
| 477|0x000000009dd00000, 0x000000009de00000, 0x000000009de00000|100%| E|CS|TAMS 0x000000009dd00000, 0x000000009dd00000| Complete 
| 478|0x000000009de00000, 0x000000009df00000, 0x000000009df00000|100%| E|CS|TAMS 0x000000009de00000, 0x000000009de00000| Complete 
| 479|0x000000009df00000, 0x000000009e000000, 0x000000009e000000|100%| E|CS|TAMS 0x000000009df00000, 0x000000009df00000| Complete 
| 480|0x000000009e000000, 0x000000009e100000, 0x000000009e100000|100%| E|CS|TAMS 0x000000009e000000, 0x000000009e000000| Complete 
| 481|0x000000009e100000, 0x000000009e200000, 0x000000009e200000|100%| E|CS|TAMS 0x000000009e100000, 0x000000009e100000| Complete 
| 482|0x000000009e200000, 0x000000009e300000, 0x000000009e300000|100%| E|CS|TAMS 0x000000009e200000, 0x000000009e200000| Complete 
| 483|0x000000009e300000, 0x000000009e400000, 0x000000009e400000|100%| E|CS|TAMS 0x000000009e300000, 0x000000009e300000| Complete 
| 484|0x000000009e400000, 0x000000009e500000, 0x000000009e500000|100%| E|CS|TAMS 0x000000009e400000, 0x000000009e400000| Complete 
| 485|0x000000009e500000, 0x000000009e600000, 0x000000009e600000|100%| E|CS|TAMS 0x000000009e500000, 0x000000009e500000| Complete 
| 486|0x000000009e600000, 0x000000009e700000, 0x000000009e700000|100%| E|CS|TAMS 0x000000009e600000, 0x000000009e600000| Complete 
| 487|0x000000009e700000, 0x000000009e800000, 0x000000009e800000|100%| E|CS|TAMS 0x000000009e700000, 0x000000009e700000| Complete 
| 488|0x000000009e800000, 0x000000009e900000, 0x000000009e900000|100%| E|CS|TAMS 0x000000009e800000, 0x000000009e800000| Complete 
| 489|0x000000009e900000, 0x000000009ea00000, 0x000000009ea00000|100%| E|CS|TAMS 0x000000009e900000, 0x000000009e900000| Complete 
| 490|0x000000009ea00000, 0x000000009eb00000, 0x000000009eb00000|100%| E|CS|TAMS 0x000000009ea00000, 0x000000009ea00000| Complete 
| 491|0x000000009eb00000, 0x000000009ec00000, 0x000000009ec00000|100%| E|CS|TAMS 0x000000009eb00000, 0x000000009eb00000| Complete 
| 492|0x000000009ec00000, 0x000000009ed00000, 0x000000009ed00000|100%| E|CS|TAMS 0x000000009ec00000, 0x000000009ec00000| Complete 
| 493|0x000000009ed00000, 0x000000009ee00000, 0x000000009ee00000|100%| E|CS|TAMS 0x000000009ed00000, 0x000000009ed00000| Complete 
| 494|0x000000009ee00000, 0x000000009ef00000, 0x000000009ef00000|100%| E|CS|TAMS 0x000000009ee00000, 0x000000009ee00000| Complete 
| 495|0x000000009ef00000, 0x000000009f000000, 0x000000009f000000|100%| E|CS|TAMS 0x000000009ef00000, 0x000000009ef00000| Complete 
| 496|0x000000009f000000, 0x000000009f100000, 0x000000009f100000|100%| E|CS|TAMS 0x000000009f000000, 0x000000009f000000| Complete 
| 497|0x000000009f100000, 0x000000009f200000, 0x000000009f200000|100%| E|CS|TAMS 0x000000009f100000, 0x000000009f100000| Complete 
| 498|0x000000009f200000, 0x000000009f300000, 0x000000009f300000|100%| E|CS|TAMS 0x000000009f200000, 0x000000009f200000| Complete 
| 499|0x000000009f300000, 0x000000009f400000, 0x000000009f400000|100%| E|CS|TAMS 0x000000009f300000, 0x000000009f300000| Complete 
| 500|0x000000009f400000, 0x000000009f500000, 0x000000009f500000|100%| E|CS|TAMS 0x000000009f400000, 0x000000009f400000| Complete 
| 501|0x000000009f500000, 0x000000009f600000, 0x000000009f600000|100%| E|CS|TAMS 0x000000009f500000, 0x000000009f500000| Complete 
| 502|0x000000009f600000, 0x000000009f700000, 0x000000009f700000|100%| E|CS|TAMS 0x000000009f600000, 0x000000009f600000| Complete 
| 503|0x000000009f700000, 0x000000009f800000, 0x000000009f800000|100%| E|CS|TAMS 0x000000009f700000, 0x000000009f700000| Complete 
| 504|0x000000009f800000, 0x000000009f900000, 0x000000009f900000|100%| E|CS|TAMS 0x000000009f800000, 0x000000009f800000| Complete 
| 505|0x000000009f900000, 0x000000009fa00000, 0x000000009fa00000|100%| E|CS|TAMS 0x000000009f900000, 0x000000009f900000| Complete 
| 506|0x000000009fa00000, 0x000000009fb00000, 0x000000009fb00000|100%| E|CS|TAMS 0x000000009fa00000, 0x000000009fa00000| Complete 
| 507|0x000000009fb00000, 0x000000009fc00000, 0x000000009fc00000|100%| E|CS|TAMS 0x000000009fb00000, 0x000000009fb00000| Complete 
| 508|0x000000009fc00000, 0x000000009fd00000, 0x000000009fd00000|100%| E|CS|TAMS 0x000000009fc00000, 0x000000009fc00000| Complete 
| 509|0x000000009fd00000, 0x000000009fe00000, 0x000000009fe00000|100%| E|CS|TAMS 0x000000009fd00000, 0x000000009fd00000| Complete 
| 510|0x000000009fe00000, 0x000000009ff00000, 0x000000009ff00000|100%| E|CS|TAMS 0x000000009fe00000, 0x000000009fe00000| Complete 
| 511|0x000000009ff00000, 0x00000000a0000000, 0x00000000a0000000|100%| E|CS|TAMS 0x000000009ff00000, 0x000000009ff00000| Complete 
| 512|0x00000000a0000000, 0x00000000a0100000, 0x00000000a0100000|100%| E|CS|TAMS 0x00000000a0000000, 0x00000000a0000000| Complete 
| 513|0x00000000a0100000, 0x00000000a0200000, 0x00000000a0200000|100%| E|CS|TAMS 0x00000000a0100000, 0x00000000a0100000| Complete 
| 514|0x00000000a0200000, 0x00000000a0300000, 0x00000000a0300000|100%| E|CS|TAMS 0x00000000a0200000, 0x00000000a0200000| Complete 
| 515|0x00000000a0300000, 0x00000000a0400000, 0x00000000a0400000|100%| E|CS|TAMS 0x00000000a0300000, 0x00000000a0300000| Complete 
| 516|0x00000000a0400000, 0x00000000a0500000, 0x00000000a0500000|100%| E|CS|TAMS 0x00000000a0400000, 0x00000000a0400000| Complete 
| 517|0x00000000a0500000, 0x00000000a0600000, 0x00000000a0600000|100%| E|CS|TAMS 0x00000000a0500000, 0x00000000a0500000| Complete 
| 518|0x00000000a0600000, 0x00000000a0700000, 0x00000000a0700000|100%| E|CS|TAMS 0x00000000a0600000, 0x00000000a0600000| Complete 
| 519|0x00000000a0700000, 0x00000000a0800000, 0x00000000a0800000|100%| E|CS|TAMS 0x00000000a0700000, 0x00000000a0700000| Complete 
| 520|0x00000000a0800000, 0x00000000a0900000, 0x00000000a0900000|100%| E|CS|TAMS 0x00000000a0800000, 0x00000000a0800000| Complete 
| 521|0x00000000a0900000, 0x00000000a0a00000, 0x00000000a0a00000|100%| E|CS|TAMS 0x00000000a0900000, 0x00000000a0900000| Complete 
| 522|0x00000000a0a00000, 0x00000000a0b00000, 0x00000000a0b00000|100%| E|CS|TAMS 0x00000000a0a00000, 0x00000000a0a00000| Complete 
| 523|0x00000000a0b00000, 0x00000000a0c00000, 0x00000000a0c00000|100%| E|CS|TAMS 0x00000000a0b00000, 0x00000000a0b00000| Complete 
| 524|0x00000000a0c00000, 0x00000000a0d00000, 0x00000000a0d00000|100%| E|CS|TAMS 0x00000000a0c00000, 0x00000000a0c00000| Complete 
| 525|0x00000000a0d00000, 0x00000000a0e00000, 0x00000000a0e00000|100%| E|CS|TAMS 0x00000000a0d00000, 0x00000000a0d00000| Complete 
| 526|0x00000000a0e00000, 0x00000000a0f00000, 0x00000000a0f00000|100%| E|CS|TAMS 0x00000000a0e00000, 0x00000000a0e00000| Complete 
| 527|0x00000000a0f00000, 0x00000000a1000000, 0x00000000a1000000|100%| E|CS|TAMS 0x00000000a0f00000, 0x00000000a0f00000| Complete 
| 528|0x00000000a1000000, 0x00000000a1100000, 0x00000000a1100000|100%| E|CS|TAMS 0x00000000a1000000, 0x00000000a1000000| Complete 
| 529|0x00000000a1100000, 0x00000000a1200000, 0x00000000a1200000|100%| E|CS|TAMS 0x00000000a1100000, 0x00000000a1100000| Complete 
| 530|0x00000000a1200000, 0x00000000a1300000, 0x00000000a1300000|100%| E|CS|TAMS 0x00000000a1200000, 0x00000000a1200000| Complete 
| 531|0x00000000a1300000, 0x00000000a1400000, 0x00000000a1400000|100%| E|CS|TAMS 0x00000000a1300000, 0x00000000a1300000| Complete 
| 532|0x00000000a1400000, 0x00000000a1500000, 0x00000000a1500000|100%| E|CS|TAMS 0x00000000a1400000, 0x00000000a1400000| Complete 
| 533|0x00000000a1500000, 0x00000000a1600000, 0x00000000a1600000|100%| E|CS|TAMS 0x00000000a1500000, 0x00000000a1500000| Complete 
| 534|0x00000000a1600000, 0x00000000a1700000, 0x00000000a1700000|100%| E|CS|TAMS 0x00000000a1600000, 0x00000000a1600000| Complete 
| 535|0x00000000a1700000, 0x00000000a1800000, 0x00000000a1800000|100%| E|CS|TAMS 0x00000000a1700000, 0x00000000a1700000| Complete 
| 536|0x00000000a1800000, 0x00000000a1900000, 0x00000000a1900000|100%| E|CS|TAMS 0x00000000a1800000, 0x00000000a1800000| Complete 
| 537|0x00000000a1900000, 0x00000000a1a00000, 0x00000000a1a00000|100%| E|CS|TAMS 0x00000000a1900000, 0x00000000a1900000| Complete 
| 538|0x00000000a1a00000, 0x00000000a1b00000, 0x00000000a1b00000|100%| E|CS|TAMS 0x00000000a1a00000, 0x00000000a1a00000| Complete 
| 539|0x00000000a1b00000, 0x00000000a1c00000, 0x00000000a1c00000|100%| E|CS|TAMS 0x00000000a1b00000, 0x00000000a1b00000| Complete 
| 540|0x00000000a1c00000, 0x00000000a1d00000, 0x00000000a1d00000|100%| E|CS|TAMS 0x00000000a1c00000, 0x00000000a1c00000| Complete 
| 541|0x00000000a1d00000, 0x00000000a1e00000, 0x00000000a1e00000|100%| E|CS|TAMS 0x00000000a1d00000, 0x00000000a1d00000| Complete 
| 542|0x00000000a1e00000, 0x00000000a1f00000, 0x00000000a1f00000|100%| E|CS|TAMS 0x00000000a1e00000, 0x00000000a1e00000| Complete 
| 543|0x00000000a1f00000, 0x00000000a2000000, 0x00000000a2000000|100%| E|CS|TAMS 0x00000000a1f00000, 0x00000000a1f00000| Complete 
| 544|0x00000000a2000000, 0x00000000a2100000, 0x00000000a2100000|100%| E|CS|TAMS 0x00000000a2000000, 0x00000000a2000000| Complete 
| 545|0x00000000a2100000, 0x00000000a2200000, 0x00000000a2200000|100%| E|CS|TAMS 0x00000000a2100000, 0x00000000a2100000| Complete 
| 546|0x00000000a2200000, 0x00000000a2300000, 0x00000000a2300000|100%| E|CS|TAMS 0x00000000a2200000, 0x00000000a2200000| Complete 
| 547|0x00000000a2300000, 0x00000000a2400000, 0x00000000a2400000|100%| E|CS|TAMS 0x00000000a2300000, 0x00000000a2300000| Complete 
| 548|0x00000000a2400000, 0x00000000a2500000, 0x00000000a2500000|100%| E|CS|TAMS 0x00000000a2400000, 0x00000000a2400000| Complete 
| 549|0x00000000a2500000, 0x00000000a2600000, 0x00000000a2600000|100%| E|CS|TAMS 0x00000000a2500000, 0x00000000a2500000| Complete 
| 550|0x00000000a2600000, 0x00000000a2700000, 0x00000000a2700000|100%| E|CS|TAMS 0x00000000a2600000, 0x00000000a2600000| Complete 
| 551|0x00000000a2700000, 0x00000000a2800000, 0x00000000a2800000|100%| E|CS|TAMS 0x00000000a2700000, 0x00000000a2700000| Complete 
| 552|0x00000000a2800000, 0x00000000a2900000, 0x00000000a2900000|100%| E|CS|TAMS 0x00000000a2800000, 0x00000000a2800000| Complete 
| 553|0x00000000a2900000, 0x00000000a2a00000, 0x00000000a2a00000|100%| E|CS|TAMS 0x00000000a2900000, 0x00000000a2900000| Complete 
| 554|0x00000000a2a00000, 0x00000000a2b00000, 0x00000000a2b00000|100%| E|CS|TAMS 0x00000000a2a00000, 0x00000000a2a00000| Complete 
| 555|0x00000000a2b00000, 0x00000000a2c00000, 0x00000000a2c00000|100%| E|CS|TAMS 0x00000000a2b00000, 0x00000000a2b00000| Complete 
| 556|0x00000000a2c00000, 0x00000000a2d00000, 0x00000000a2d00000|100%| E|CS|TAMS 0x00000000a2c00000, 0x00000000a2c00000| Complete 
| 557|0x00000000a2d00000, 0x00000000a2e00000, 0x00000000a2e00000|100%| E|CS|TAMS 0x00000000a2d00000, 0x00000000a2d00000| Complete 
| 558|0x00000000a2e00000, 0x00000000a2f00000, 0x00000000a2f00000|100%| E|CS|TAMS 0x00000000a2e00000, 0x00000000a2e00000| Complete 
| 559|0x00000000a2f00000, 0x00000000a3000000, 0x00000000a3000000|100%| E|CS|TAMS 0x00000000a2f00000, 0x00000000a2f00000| Complete 
| 560|0x00000000a3000000, 0x00000000a3100000, 0x00000000a3100000|100%| E|CS|TAMS 0x00000000a3000000, 0x00000000a3000000| Complete 
| 561|0x00000000a3100000, 0x00000000a3200000, 0x00000000a3200000|100%| E|CS|TAMS 0x00000000a3100000, 0x00000000a3100000| Complete 
| 562|0x00000000a3200000, 0x00000000a3300000, 0x00000000a3300000|100%| E|CS|TAMS 0x00000000a3200000, 0x00000000a3200000| Complete 
| 563|0x00000000a3300000, 0x00000000a3400000, 0x00000000a3400000|100%| E|CS|TAMS 0x00000000a3300000, 0x00000000a3300000| Complete 
| 564|0x00000000a3400000, 0x00000000a3500000, 0x00000000a3500000|100%| E|CS|TAMS 0x00000000a3400000, 0x00000000a3400000| Complete 
| 565|0x00000000a3500000, 0x00000000a3600000, 0x00000000a3600000|100%| E|CS|TAMS 0x00000000a3500000, 0x00000000a3500000| Complete 
| 566|0x00000000a3600000, 0x00000000a3700000, 0x00000000a3700000|100%| E|CS|TAMS 0x00000000a3600000, 0x00000000a3600000| Complete 
| 567|0x00000000a3700000, 0x00000000a3800000, 0x00000000a3800000|100%| E|CS|TAMS 0x00000000a3700000, 0x00000000a3700000| Complete 
| 568|0x00000000a3800000, 0x00000000a3900000, 0x00000000a3900000|100%| E|CS|TAMS 0x00000000a3800000, 0x00000000a3800000| Complete 
| 569|0x00000000a3900000, 0x00000000a3a00000, 0x00000000a3a00000|100%| E|CS|TAMS 0x00000000a3900000, 0x00000000a3900000| Complete 
| 570|0x00000000a3a00000, 0x00000000a3b00000, 0x00000000a3b00000|100%| E|CS|TAMS 0x00000000a3a00000, 0x00000000a3a00000| Complete 
| 571|0x00000000a3b00000, 0x00000000a3c00000, 0x00000000a3c00000|100%| E|CS|TAMS 0x00000000a3b00000, 0x00000000a3b00000| Complete 
| 572|0x00000000a3c00000, 0x00000000a3d00000, 0x00000000a3d00000|100%| E|CS|TAMS 0x00000000a3c00000, 0x00000000a3c00000| Complete 
| 573|0x00000000a3d00000, 0x00000000a3e00000, 0x00000000a3e00000|100%| E|CS|TAMS 0x00000000a3d00000, 0x00000000a3d00000| Complete 
| 574|0x00000000a3e00000, 0x00000000a3f00000, 0x00000000a3f00000|100%| E|CS|TAMS 0x00000000a3e00000, 0x00000000a3e00000| Complete 
| 575|0x00000000a3f00000, 0x00000000a4000000, 0x00000000a4000000|100%| E|CS|TAMS 0x00000000a3f00000, 0x00000000a3f00000| Complete 
| 576|0x00000000a4000000, 0x00000000a4100000, 0x00000000a4100000|100%| E|CS|TAMS 0x00000000a4000000, 0x00000000a4000000| Complete 
| 577|0x00000000a4100000, 0x00000000a4200000, 0x00000000a4200000|100%| E|CS|TAMS 0x00000000a4100000, 0x00000000a4100000| Complete 
| 578|0x00000000a4200000, 0x00000000a4300000, 0x00000000a4300000|100%| E|CS|TAMS 0x00000000a4200000, 0x00000000a4200000| Complete 
| 579|0x00000000a4300000, 0x00000000a4400000, 0x00000000a4400000|100%| E|CS|TAMS 0x00000000a4300000, 0x00000000a4300000| Complete 
| 580|0x00000000a4400000, 0x00000000a4500000, 0x00000000a4500000|100%| E|CS|TAMS 0x00000000a4400000, 0x00000000a4400000| Complete 
| 581|0x00000000a4500000, 0x00000000a4600000, 0x00000000a4600000|100%| E|CS|TAMS 0x00000000a4500000, 0x00000000a4500000| Complete 
| 746|0x00000000aea00000, 0x00000000aeb00000, 0x00000000aeb00000|100%| E|CS|TAMS 0x00000000aea00000, 0x00000000aea00000| Complete 
| 747|0x00000000aeb00000, 0x00000000aec00000, 0x00000000aec00000|100%| E|CS|TAMS 0x00000000aeb00000, 0x00000000aeb00000| Complete 
| 748|0x00000000aec00000, 0x00000000aed00000, 0x00000000aed00000|100%| E|CS|TAMS 0x00000000aec00000, 0x00000000aec00000| Complete 
| 749|0x00000000aed00000, 0x00000000aee00000, 0x00000000aee00000|100%| E|CS|TAMS 0x00000000aed00000, 0x00000000aed00000| Complete 
| 750|0x00000000aee00000, 0x00000000aef00000, 0x00000000aef00000|100%| E|CS|TAMS 0x00000000aee00000, 0x00000000aee00000| Complete 
| 751|0x00000000aef00000, 0x00000000af000000, 0x00000000af000000|100%| E|CS|TAMS 0x00000000aef00000, 0x00000000aef00000| Complete 
| 752|0x00000000af000000, 0x00000000af100000, 0x00000000af100000|100%| E|CS|TAMS 0x00000000af000000, 0x00000000af000000| Complete 
| 753|0x00000000af100000, 0x00000000af200000, 0x00000000af200000|100%| E|CS|TAMS 0x00000000af100000, 0x00000000af100000| Complete 
| 754|0x00000000af200000, 0x00000000af300000, 0x00000000af300000|100%| E|CS|TAMS 0x00000000af200000, 0x00000000af200000| Complete 
| 755|0x00000000af300000, 0x00000000af400000, 0x00000000af400000|100%| E|CS|TAMS 0x00000000af300000, 0x00000000af300000| Complete 
| 756|0x00000000af400000, 0x00000000af500000, 0x00000000af500000|100%| E|CS|TAMS 0x00000000af400000, 0x00000000af400000| Complete 
| 757|0x00000000af500000, 0x00000000af600000, 0x00000000af600000|100%| E|CS|TAMS 0x00000000af500000, 0x00000000af500000| Complete 
| 758|0x00000000af600000, 0x00000000af700000, 0x00000000af700000|100%| E|CS|TAMS 0x00000000af600000, 0x00000000af600000| Complete 
| 759|0x00000000af700000, 0x00000000af800000, 0x00000000af800000|100%| E|CS|TAMS 0x00000000af700000, 0x00000000af700000| Complete 
| 760|0x00000000af800000, 0x00000000af900000, 0x00000000af900000|100%| E|CS|TAMS 0x00000000af800000, 0x00000000af800000| Complete 

Card table byte_map: [0x0000023acf390000,0x0000023acf790000] _byte_map_base: 0x0000023acef90000

Marking Bits (Prev, Next): (CMBitMap*) 0x0000023ab8724190, (CMBitMap*) 0x0000023ab8724150
 Prev Bits: [0x0000023ad1b90000, 0x0000023ad3b90000)
 Next Bits: [0x0000023acfb90000, 0x0000023ad1b90000)

Polling page: 0x0000023ab66e0000

Metaspace:

Usage:
  Non-class:    153.78 MB used.
      Class:     21.42 MB used.
       Both:    175.20 MB used.

Virtual space:
  Non-class space:      192.00 MB reserved,     154.44 MB ( 80%) committed,  3 nodes.
      Class space:      416.00 MB reserved,      22.00 MB (  5%) committed,  1 nodes.
             Both:      608.00 MB reserved,     176.44 MB ( 29%) committed. 

Chunk freelists:
   Non-Class:  5.56 MB
       Class:  9.94 MB
        Both:  15.50 MB

MaxMetaspaceSize: 512.00 MB
CompressedClassSpaceSize: 416.00 MB
Initial GC threshold: 21.00 MB
Current GC threshold: 261.56 MB
CDS: on
MetaspaceReclaimPolicy: balanced
 - commit_granule_bytes: 65536.
 - commit_granule_words: 8192.
 - virtual_space_node_default_size: 8388608.
 - enlarge_chunks_in_place: 1.
 - new_chunks_are_fully_committed: 0.
 - uncommit_free_chunks: 1.
 - use_allocation_guard: 0.
 - handle_deallocations: 1.


Internal statistics:

num_allocs_failed_limit: 18.
num_arena_births: 1836.
num_arena_deaths: 2.
num_vsnodes_births: 4.
num_vsnodes_deaths: 0.
num_space_committed: 2821.
num_space_uncommitted: 0.
num_chunks_returned_to_freelist: 22.
num_chunks_taken_from_freelist: 8780.
num_chunk_merges: 18.
num_chunk_splits: 6342.
num_chunks_enlarged: 4757.
num_inconsistent_stats: 0.

CodeHeap 'non-profiled nmethods': size=120000Kb used=23615Kb max_used=23730Kb free=96384Kb
 bounds [0x0000023ac7a60000, 0x0000023ac91a0000, 0x0000023acef90000]
CodeHeap 'profiled nmethods': size=120000Kb used=67147Kb max_used=68639Kb free=52853Kb
 bounds [0x0000023abff90000, 0x0000023ac42b0000, 0x0000023ac74c0000]
CodeHeap 'non-nmethods': size=5760Kb used=1993Kb max_used=2137Kb free=3766Kb
 bounds [0x0000023ac74c0000, 0x0000023ac7730000, 0x0000023ac7a60000]
 total_blobs=27536 nmethods=26396 adapters=1048
 compilation: enabled
              stopped_count=0, restarted_count=0
 full_count=0

Compilation events (20 events):
Event: 412.639 Thread 0x0000023afc7d7850 nmethod 33835 0x0000023ac7dcf990 code [0x0000023ac7dcfb20, 0x0000023ac7dcfc78]
Event: 412.668 Thread 0x0000023afc7d7850 33856       4       org.jetbrains.kotlin.incremental.KotlinClassInfo$$Lambda$3853/0x0000023ad9595170::invoke (8 bytes)
Event: 412.670 Thread 0x0000023ad608dc70 nmethod 33837 0x0000023ac8f4f410 code [0x0000023ac8f4f6a0, 0x0000023ac8f50168]
Event: 412.671 Thread 0x0000023ad608dc70 33857       4       org.jetbrains.kotlin.incremental.KotlinClassInfo::constantsInCompanionObject_delegate$lambda$6 (48 bytes)
Event: 412.782 Thread 0x0000023afc7d7850 nmethod 33856 0x0000023ac8cc9a90 code [0x0000023ac8cc9d40, 0x0000023ac8ccbca8]
Event: 412.782 Thread 0x0000023ad608dc70 nmethod 33857 0x0000023ac904b290 code [0x0000023ac904b540, 0x0000023ac904d428]
Event: 412.783 Thread 0x0000023afc7d7850 33858       4       org.jetbrains.kotlin.incremental.KotlinClassInfo$$Lambda$3852/0x0000023ad9594f50::invoke (8 bytes)
Event: 412.783 Thread 0x0000023ad608dc70 33859       4       org.jetbrains.kotlin.incremental.KotlinClassInfo::companionObject_delegate$lambda$5 (62 bytes)
Event: 412.818 Thread 0x0000023ad608dc70 nmethod 33859 0x0000023ac8fe3110 code [0x0000023ac8fe3300, 0x0000023ac8fe3fb8]
Event: 412.818 Thread 0x0000023ad608dc70 33860       4       org.jetbrains.kotlin.incremental.ProtoDifferenceUtilsKt::getCompanionObjectName (37 bytes)
Event: 412.819 Thread 0x0000023afc7d7850 nmethod 33858 0x0000023ac907c910 code [0x0000023ac907cb00, 0x0000023ac907d7f8]
Event: 412.819 Thread 0x0000023afc7d7850 33861       4       org.jetbrains.kotlin.protobuf.FieldSet::newFieldSet (8 bytes)
Event: 412.821 Thread 0x0000023ad608dc70 nmethod 33860 0x0000023ac907c510 code [0x0000023ac907c6a0, 0x0000023ac907c788]
Event: 412.824 Thread 0x0000023afc7d7850 nmethod 33861 0x0000023ac8451790 code [0x0000023ac8451920, 0x0000023ac8451ad8]
Event: 413.092 Thread 0x0000023afc7d7850 33862       4       org.jetbrains.kotlin.incremental.KotlinClassInfo::protoMapValue_delegate$lambda$1 (40 bytes)
Event: 413.096 Thread 0x0000023ad608dc70 33863       4       org.jetbrains.kotlin.incremental.KotlinClassInfo$$Lambda$3850/0x0000023ad9594910::invoke (8 bytes)
Event: 413.099 Thread 0x0000023afc7d7850 nmethod 33862 0x0000023ac849d310 code [0x0000023ac849d4a0, 0x0000023ac849d7e8]
Event: 413.103 Thread 0x0000023ad608dc70 nmethod 33863 0x0000023ac86ff390 code [0x0000023ac86ff520, 0x0000023ac86ff8a8]
Event: 413.382 Thread 0x0000023ad608f1e0 33864       3       kotlin.collections.CollectionsKt__CollectionsKt::listOf (22 bytes)
Event: 413.384 Thread 0x0000023ad608f1e0 nmethod 33864 0x0000023ac1ec1f90 code [0x0000023ac1ec22a0, 0x0000023ac1ec32b8]

GC Heap History (20 events):
Event: 329.369 GC heap before
{Heap before GC invocations=126 (full 0):
 garbage-first heap   total 611328K, used 526358K [0x0000000080000000, 0x0000000100000000)
  region size 1024K, 294 young (301056K), 22 survivors (22528K)
 Metaspace       used 176436K, committed 177664K, reserved 622592K
  class space    used 21671K, committed 22272K, reserved 425984K
}
Event: 329.423 GC heap after
{Heap after GC invocations=127 (full 0):
 garbage-first heap   total 611328K, used 244436K [0x0000000080000000, 0x0000000100000000)
  region size 1024K, 25 young (25600K), 25 survivors (25600K)
 Metaspace       used 176436K, committed 177664K, reserved 622592K
  class space    used 21671K, committed 22272K, reserved 425984K
}
Event: 403.161 GC heap before
{Heap before GC invocations=127 (full 0):
 garbage-first heap   total 611328K, used 520916K [0x0000000080000000, 0x0000000100000000)
  region size 1024K, 296 young (303104K), 25 survivors (25600K)
 Metaspace       used 179340K, committed 180608K, reserved 622592K
  class space    used 21935K, committed 22528K, reserved 425984K
}
Event: 403.225 GC heap after
{Heap after GC invocations=128 (full 0):
 garbage-first heap   total 611328K, used 250473K [0x0000000080000000, 0x0000000100000000)
  region size 1024K, 24 young (24576K), 24 survivors (24576K)
 Metaspace       used 179340K, committed 180608K, reserved 622592K
  class space    used 21935K, committed 22528K, reserved 425984K
}
Event: 405.029 GC heap before
{Heap before GC invocations=128 (full 0):
 garbage-first heap   total 611328K, used 523881K [0x0000000080000000, 0x0000000100000000)
  region size 1024K, 290 young (296960K), 24 survivors (24576K)
 Metaspace       used 179381K, committed 180672K, reserved 622592K
  class space    used 21935K, committed 22528K, reserved 425984K
}
Event: 405.102 GC heap after
{Heap after GC invocations=129 (full 0):
 garbage-first heap   total 611328K, used 263799K [0x0000000080000000, 0x0000000100000000)
  region size 1024K, 27 young (27648K), 27 survivors (27648K)
 Metaspace       used 179381K, committed 180672K, reserved 622592K
  class space    used 21935K, committed 22528K, reserved 425984K
}
Event: 406.376 GC heap before
{Heap before GC invocations=129 (full 0):
 garbage-first heap   total 611328K, used 519799K [0x0000000080000000, 0x0000000100000000)
  region size 1024K, 278 young (284672K), 27 survivors (27648K)
 Metaspace       used 179392K, committed 180672K, reserved 622592K
  class space    used 21936K, committed 22528K, reserved 425984K
}
Event: 406.435 GC heap after
{Heap after GC invocations=130 (full 0):
 garbage-first heap   total 611328K, used 265577K [0x0000000080000000, 0x0000000100000000)
  region size 1024K, 13 young (13312K), 13 survivors (13312K)
 Metaspace       used 179392K, committed 180672K, reserved 622592K
  class space    used 21936K, committed 22528K, reserved 425984K
}
Event: 407.799 GC heap before
{Heap before GC invocations=130 (full 0):
 garbage-first heap   total 611328K, used 528745K [0x0000000080000000, 0x0000000100000000)
  region size 1024K, 268 young (274432K), 13 survivors (13312K)
 Metaspace       used 179401K, committed 180672K, reserved 622592K
  class space    used 21936K, committed 22528K, reserved 425984K
}
Event: 407.824 GC heap after
{Heap after GC invocations=131 (full 0):
 garbage-first heap   total 611328K, used 271721K [0x0000000080000000, 0x0000000100000000)
  region size 1024K, 19 young (19456K), 19 survivors (19456K)
 Metaspace       used 179401K, committed 180672K, reserved 622592K
  class space    used 21936K, committed 22528K, reserved 425984K
}
Event: 408.812 GC heap before
{Heap before GC invocations=131 (full 0):
 garbage-first heap   total 611328K, used 523625K [0x0000000080000000, 0x0000000100000000)
  region size 1024K, 266 young (272384K), 19 survivors (19456K)
 Metaspace       used 179402K, committed 180672K, reserved 622592K
  class space    used 21936K, committed 22528K, reserved 425984K
}
Event: 408.842 GC heap after
{Heap after GC invocations=132 (full 0):
 garbage-first heap   total 611328K, used 273751K [0x0000000080000000, 0x0000000100000000)
  region size 1024K, 12 young (12288K), 12 survivors (12288K)
 Metaspace       used 179402K, committed 180672K, reserved 622592K
  class space    used 21936K, committed 22528K, reserved 425984K
}
Event: 409.752 GC heap before
{Heap before GC invocations=132 (full 0):
 garbage-first heap   total 611328K, used 526679K [0x0000000080000000, 0x0000000100000000)
  region size 1024K, 259 young (265216K), 12 survivors (12288K)
 Metaspace       used 179405K, committed 180672K, reserved 622592K
  class space    used 21936K, committed 22528K, reserved 425984K
}
Event: 409.774 GC heap after
{Heap after GC invocations=133 (full 0):
 garbage-first heap   total 611328K, used 275799K [0x0000000080000000, 0x0000000100000000)
  region size 1024K, 14 young (14336K), 14 survivors (14336K)
 Metaspace       used 179405K, committed 180672K, reserved 622592K
  class space    used 21936K, committed 22528K, reserved 425984K
}
Event: 410.914 GC heap before
{Heap before GC invocations=133 (full 0):
 garbage-first heap   total 611328K, used 529751K [0x0000000080000000, 0x0000000100000000)
  region size 1024K, 263 young (269312K), 14 survivors (14336K)
 Metaspace       used 179405K, committed 180672K, reserved 622592K
  class space    used 21936K, committed 22528K, reserved 425984K
}
Event: 410.936 GC heap after
{Heap after GC invocations=134 (full 0):
 garbage-first heap   total 611328K, used 277847K [0x0000000080000000, 0x0000000100000000)
  region size 1024K, 16 young (16384K), 16 survivors (16384K)
 Metaspace       used 179405K, committed 180672K, reserved 622592K
  class space    used 21936K, committed 22528K, reserved 425984K
}
Event: 411.721 GC heap before
{Heap before GC invocations=134 (full 0):
 garbage-first heap   total 611328K, used 530775K [0x0000000080000000, 0x0000000100000000)
  region size 1024K, 263 young (269312K), 16 survivors (16384K)
 Metaspace       used 179405K, committed 180672K, reserved 622592K
  class space    used 21936K, committed 22528K, reserved 425984K
}
Event: 411.747 GC heap after
{Heap after GC invocations=135 (full 0):
 garbage-first heap   total 611328K, used 279383K [0x0000000080000000, 0x0000000100000000)
  region size 1024K, 17 young (17408K), 17 survivors (17408K)
 Metaspace       used 179405K, committed 180672K, reserved 622592K
  class space    used 21936K, committed 22528K, reserved 425984K
}
Event: 413.018 GC heap before
{Heap before GC invocations=135 (full 0):
 garbage-first heap   total 611328K, used 529239K [0x0000000080000000, 0x0000000100000000)
  region size 1024K, 262 young (268288K), 17 survivors (17408K)
 Metaspace       used 179405K, committed 180672K, reserved 622592K
  class space    used 21936K, committed 22528K, reserved 425984K
}
Event: 413.036 GC heap after
{Heap after GC invocations=136 (full 0):
 garbage-first heap   total 611328K, used 272727K [0x0000000080000000, 0x0000000100000000)
  region size 1024K, 12 young (12288K), 12 survivors (12288K)
 Metaspace       used 179405K, committed 180672K, reserved 622592K
  class space    used 21936K, committed 22528K, reserved 425984K
}

Deoptimization events (20 events):
Event: 410.563 Thread 0x0000023afc060e30 Uncommon trap: trap_request=0xffffff45 fr.pc=0x0000023ac7be13ec relative=0x00000000000053ac
Event: 410.563 Thread 0x0000023afc060e30 Uncommon trap: reason=unstable_if action=reinterpret pc=0x0000023ac7be13ec method=org.jetbrains.kotlin.metadata.ProtoBuf$Property.<init>(Lorg/jetbrains/kotlin/protobuf/CodedInputStream;Lorg/jetbrains/kotlin/protobuf/ExtensionRegistryLite;)V @ 358 c2
Event: 410.563 Thread 0x0000023afc060e30 DEOPT PACKING pc=0x0000023ac7be13ec sp=0x000000b8f20fa570
Event: 410.563 Thread 0x0000023afc060e30 DEOPT UNPACKING pc=0x0000023ac75123a3 sp=0x000000b8f20fa528 mode 2
Event: 412.119 Thread 0x0000023afb440310 Uncommon trap: trap_request=0xffffffde fr.pc=0x0000023ac8f9a128 relative=0x0000000000001848
Event: 412.119 Thread 0x0000023afb440310 Uncommon trap: reason=class_check action=maybe_recompile pc=0x0000023ac8f9a128 method=org.jetbrains.kotlin.incremental.storage.MapExternalizer.save(Ljava/io/DataOutput;Ljava/util/Map;)V @ 51 c2
Event: 412.119 Thread 0x0000023afb440310 DEOPT PACKING pc=0x0000023ac8f9a128 sp=0x000000b8f1dfb2c0
Event: 412.119 Thread 0x0000023afb440310 DEOPT UNPACKING pc=0x0000023ac75123a3 sp=0x000000b8f1dfb2b0 mode 2
Event: 412.129 Thread 0x0000023afb440310 Uncommon trap: trap_request=0xffffffde fr.pc=0x0000023ac8f9e888 relative=0x00000000000015c8
Event: 412.129 Thread 0x0000023afb440310 Uncommon trap: reason=class_check action=maybe_recompile pc=0x0000023ac8f9e888 method=org.jetbrains.kotlin.incremental.storage.MapExternalizer.save(Ljava/io/DataOutput;Ljava/util/Map;)V @ 51 c2
Event: 412.129 Thread 0x0000023afb440310 DEOPT PACKING pc=0x0000023ac8f9e888 sp=0x000000b8f1dfb2c0
Event: 412.129 Thread 0x0000023afb440310 DEOPT UNPACKING pc=0x0000023ac75123a3 sp=0x000000b8f1dfb2b0 mode 2
Event: 412.133 Thread 0x0000023afb440310 Uncommon trap: trap_request=0xffffffde fr.pc=0x0000023ac8f9e888 relative=0x00000000000015c8
Event: 412.133 Thread 0x0000023afb440310 Uncommon trap: reason=class_check action=maybe_recompile pc=0x0000023ac8f9e888 method=org.jetbrains.kotlin.incremental.storage.MapExternalizer.save(Ljava/io/DataOutput;Ljava/util/Map;)V @ 51 c2
Event: 412.133 Thread 0x0000023afb440310 DEOPT PACKING pc=0x0000023ac8f9e888 sp=0x000000b8f1dfb2c0
Event: 412.133 Thread 0x0000023afb440310 DEOPT UNPACKING pc=0x0000023ac75123a3 sp=0x000000b8f1dfb2b0 mode 2
Event: 412.136 Thread 0x0000023afb440310 Uncommon trap: trap_request=0xffffffde fr.pc=0x0000023ac8f9e888 relative=0x00000000000015c8
Event: 412.136 Thread 0x0000023afb440310 Uncommon trap: reason=class_check action=maybe_recompile pc=0x0000023ac8f9e888 method=org.jetbrains.kotlin.incremental.storage.MapExternalizer.save(Ljava/io/DataOutput;Ljava/util/Map;)V @ 51 c2
Event: 412.136 Thread 0x0000023afb440310 DEOPT PACKING pc=0x0000023ac8f9e888 sp=0x000000b8f1dfb2c0
Event: 412.136 Thread 0x0000023afb440310 DEOPT UNPACKING pc=0x0000023ac75123a3 sp=0x000000b8f1dfb2b0 mode 2

Classes unloaded (3 events):
Event: 86.442 Thread 0x0000023ad6065ae0 Unloading class 0x0000023ad85ac3e8 '_BuildScript_$_run_closure2'
Event: 86.442 Thread 0x0000023ad6065ae0 Unloading class 0x0000023ad85ac000 '_BuildScript_$_run_closure1'
Event: 86.442 Thread 0x0000023ad6065ae0 Unloading class 0x0000023ad85a0800 '_BuildScript_'

Classes redefined (0 events):
No events

Internal exceptions (20 events):
Event: 403.139 Thread 0x0000023afb440310 Exception <a 'sun/nio/fs/WindowsException'{0x000000009d217800}> (0x000000009d217800) 
thrown [s\open\src\hotspot\share\prims\jni.cpp, line 516]
Event: 403.140 Thread 0x0000023afc060e30 Exception <a 'sun/nio/fs/WindowsException'{0x000000009d2d42e8}> (0x000000009d2d42e8) 
thrown [s\open\src\hotspot\share\prims\jni.cpp, line 516]
Event: 403.142 Thread 0x0000023afa32c8a0 Exception <a 'sun/nio/fs/WindowsException'{0x000000009d2cbb88}> (0x000000009d2cbb88) 
thrown [s\open\src\hotspot\share\prims\jni.cpp, line 516]
Event: 403.258 Thread 0x0000023afb440310 Exception <a 'sun/nio/fs/WindowsException'{0x00000000af7701c0}> (0x00000000af7701c0) 
thrown [s\open\src\hotspot\share\prims\jni.cpp, line 516]
Event: 403.354 Thread 0x0000023afc060e30 Exception <a 'sun/nio/fs/WindowsException'{0x00000000a4192910}> (0x00000000a4192910) 
thrown [s\open\src\hotspot\share\prims\jni.cpp, line 516]
Event: 403.647 Thread 0x0000023afa32c8a0 Exception <a 'sun/nio/fs/WindowsException'{0x00000000a2f5a378}> (0x00000000a2f5a378) 
thrown [s\open\src\hotspot\share\prims\jni.cpp, line 516]
Event: 403.944 Thread 0x0000023afb440310 Exception <a 'sun/nio/fs/WindowsException'{0x000000009f9b9450}> (0x000000009f9b9450) 
thrown [s\open\src\hotspot\share\prims\jni.cpp, line 516]
Event: 404.147 Thread 0x0000023a98256d70 Exception <a 'sun/nio/fs/WindowsException'{0x000000009e24a220}> (0x000000009e24a220) 
thrown [s\open\src\hotspot\share\prims\jni.cpp, line 516]
Event: 404.666 Thread 0x0000023a98256d70 Exception <a 'sun/nio/fs/WindowsException'{0x0000000099a9a220}> (0x0000000099a9a220) 
thrown [s\open\src\hotspot\share\prims\jni.cpp, line 516]
Event: 405.289 Thread 0x0000023a98256d70 Exception <a 'sun/nio/fs/WindowsException'{0x00000000a3ddf970}> (0x00000000a3ddf970) 
thrown [s\open\src\hotspot\share\prims\jni.cpp, line 516]
Event: 405.310 Thread 0x0000023a98256d70 Exception <a 'sun/nio/fs/WindowsException'{0x00000000a2ebc9b8}> (0x00000000a2ebc9b8) 
thrown [s\open\src\hotspot\share\prims\jni.cpp, line 516]
Event: 405.655 Thread 0x0000023a98256d70 Exception <a 'sun/nio/fs/WindowsException'{0x000000009fac9df8}> (0x000000009fac9df8) 
thrown [s\open\src\hotspot\share\prims\jni.cpp, line 516]
Event: 405.912 Thread 0x0000023a98256d70 Exception <a 'sun/nio/fs/WindowsException'{0x000000009d565bb8}> (0x000000009d565bb8) 
thrown [s\open\src\hotspot\share\prims\jni.cpp, line 516]
Event: 405.937 Thread 0x0000023a98256d70 Exception <a 'sun/nio/fs/WindowsException'{0x000000009c202ad8}> (0x000000009c202ad8) 
thrown [s\open\src\hotspot\share\prims\jni.cpp, line 516]
Event: 406.094 Thread 0x0000023a98256d70 Exception <a 'sun/nio/fs/WindowsException'{0x0000000099753990}> (0x0000000099753990) 
thrown [s\open\src\hotspot\share\prims\jni.cpp, line 516]
Event: 406.180 Thread 0x0000023a98256d70 Exception <a 'sun/nio/fs/WindowsException'{0x00000000990b7040}> (0x00000000990b7040) 
thrown [s\open\src\hotspot\share\prims\jni.cpp, line 516]
Event: 406.731 Thread 0x0000023a98256d70 Exception <a 'sun/nio/fs/WindowsException'{0x00000000a4077e98}> (0x00000000a4077e98) 
thrown [s\open\src\hotspot\share\prims\jni.cpp, line 516]
Event: 406.805 Thread 0x0000023a98256d70 Exception <a 'sun/nio/fs/WindowsException'{0x000000009fe53100}> (0x000000009fe53100) 
thrown [s\open\src\hotspot\share\prims\jni.cpp, line 516]
Event: 406.943 Thread 0x0000023a98256d70 Exception <a 'sun/nio/fs/WindowsException'{0x000000009fcdfed0}> (0x000000009fcdfed0) 
thrown [s\open\src\hotspot\share\prims\jni.cpp, line 516]
Event: 407.303 Thread 0x0000023a98256d70 Exception <a 'sun/nio/fs/WindowsException'{0x000000009cb3c9d8}> (0x000000009cb3c9d8) 
thrown [s\open\src\hotspot\share\prims\jni.cpp, line 516]

VM Operations (20 events):
Event: 408.812 Executing VM operation: G1CollectForAllocation
Event: 408.842 Executing VM operation: G1CollectForAllocation done
Event: 409.752 Executing VM operation: G1CollectForAllocation
Event: 409.752 Executing VM operation: G1CollectForAllocation done
Event: 409.752 Executing VM operation: G1CollectForAllocation
Event: 409.775 Executing VM operation: G1CollectForAllocation done
Event: 410.789 Executing VM operation: Cleanup
Event: 410.828 Executing VM operation: Cleanup done
Event: 410.914 Executing VM operation: G1CollectForAllocation
Event: 410.914 Executing VM operation: G1CollectForAllocation done
Event: 410.914 Executing VM operation: G1CollectForAllocation
Event: 410.936 Executing VM operation: G1CollectForAllocation done
Event: 411.717 Executing VM operation: G1CollectForAllocation
Event: 411.756 Executing VM operation: G1CollectForAllocation done
Event: 412.760 Executing VM operation: Cleanup
Event: 412.780 Executing VM operation: Cleanup done
Event: 413.018 Executing VM operation: G1CollectForAllocation
Event: 413.018 Executing VM operation: G1CollectForAllocation done
Event: 413.018 Executing VM operation: G1CollectForAllocation
Event: 413.036 Executing VM operation: G1CollectForAllocation done

Events (20 events):
Event: 407.223 Thread 0x0000023ad6090290 flushing nmethod 0x0000023ac3ef7010
Event: 407.223 Thread 0x0000023ad6090290 flushing nmethod 0x0000023ac3f1d910
Event: 407.223 Thread 0x0000023ad6090290 flushing nmethod 0x0000023ac3f8d390
Event: 407.224 Thread 0x0000023ad6090290 flushing nmethod 0x0000023ac3ff5f10
Event: 407.224 Thread 0x0000023ad6090290 flushing nmethod 0x0000023ac4003790
Event: 407.224 Thread 0x0000023ad6090290 flushing nmethod 0x0000023ac4089f10
Event: 407.224 Thread 0x0000023ad6090290 flushing nmethod 0x0000023ac4095010
Event: 407.225 Thread 0x0000023ad6090290 flushing nmethod 0x0000023ac40c3690
Event: 407.225 Thread 0x0000023ad6090290 flushing nmethod 0x0000023ac40ce790
Event: 407.225 Thread 0x0000023ad6090290 flushing nmethod 0x0000023ac40d0490
Event: 407.227 Thread 0x0000023ad6090290 flushing nmethod 0x0000023ac4224790
Event: 407.227 Thread 0x0000023ad6090290 flushing nmethod 0x0000023ac4249b90
Event: 407.227 Thread 0x0000023ad6090290 flushing nmethod 0x0000023ac4249f90
Event: 407.227 Thread 0x0000023ad6090290 flushing nmethod 0x0000023ac424bc90
Event: 407.227 Thread 0x0000023ad6090290 flushing nmethod 0x0000023ac424c090
Event: 409.533 Thread 0x0000023afc7d9d80 Thread exited: 0x0000023afc7d9d80
Event: 409.692 Thread 0x0000023afc7d7850 Thread added: 0x0000023afc7d7850
Event: 410.418 Thread 0x0000023afc7d7850 Thread exited: 0x0000023afc7d7850
Event: 411.760 Thread 0x0000023afc7d7850 Thread added: 0x0000023afc7d7850
Event: 413.386 Thread 0x0000023afc7d7850 Thread exited: 0x0000023afc7d7850


Dynamic libraries:
0x00007ff70aad0000 - 0x00007ff70aae0000 	C:\Program Files\Java\jdk-17\bin\java.exe
0x00007ffeb0c50000 - 0x00007ffeb0e48000 	C:\Windows\SYSTEM32\ntdll.dll
0x00007ffeafb30000 - 0x00007ffeafbf2000 	C:\Windows\System32\KERNEL32.DLL
0x00007ffeae620000 - 0x00007ffeae916000 	C:\Windows\System32\KERNELBASE.dll
0x00007ffeae2e0000 - 0x00007ffeae3e0000 	C:\Windows\System32\ucrtbase.dll
0x00007ffea3c70000 - 0x00007ffea3c8b000 	C:\Program Files\Java\jdk-17\bin\VCRUNTIME140.dll
0x00007ffea4360000 - 0x00007ffea4379000 	C:\Program Files\Java\jdk-17\bin\jli.dll
0x00007ffeaf070000 - 0x00007ffeaf121000 	C:\Windows\System32\ADVAPI32.dll
0x00007ffeafa10000 - 0x00007ffeafaae000 	C:\Windows\System32\msvcrt.dll
0x00007ffeaf900000 - 0x00007ffeaf99f000 	C:\Windows\System32\sechost.dll
0x00007ffeafc10000 - 0x00007ffeafd30000 	C:\Windows\System32\RPCRT4.dll
0x00007ffeae500000 - 0x00007ffeae527000 	C:\Windows\System32\bcrypt.dll
0x00007ffeaee10000 - 0x00007ffeaefb1000 	C:\Windows\System32\USER32.dll
0x00007ffeae920000 - 0x00007ffeae942000 	C:\Windows\System32\win32u.dll
0x00007ffeb0420000 - 0x00007ffeb044b000 	C:\Windows\System32\GDI32.dll
0x00007ffeae3e0000 - 0x00007ffeae4f9000 	C:\Windows\System32\gdi32full.dll
0x00007ffeae530000 - 0x00007ffeae5cd000 	C:\Windows\System32\msvcp_win.dll
0x00007ffe98aa0000 - 0x00007ffe98d3b000 	C:\Windows\WinSxS\amd64_microsoft.windows.common-controls_6595b64144ccf1df_6.0.19041.6456_none_60b8a6cb71f64256\COMCTL32.dll
0x00007ffea2980000 - 0x00007ffea298a000 	C:\Windows\SYSTEM32\VERSION.dll
0x00007ffeb0820000 - 0x00007ffeb084f000 	C:\Windows\System32\IMM32.DLL
0x00007ffea5660000 - 0x00007ffea566c000 	C:\Program Files\Java\jdk-17\bin\vcruntime140_1.dll
0x00007ffe863a0000 - 0x00007ffe8642e000 	C:\Program Files\Java\jdk-17\bin\msvcp140.dll
0x00007ffe29ff0000 - 0x00007ffe2abd0000 	C:\Program Files\Java\jdk-17\bin\server\jvm.dll
0x00007ffeafa00000 - 0x00007ffeafa08000 	C:\Windows\System32\PSAPI.DLL
0x00007ffea4190000 - 0x00007ffea4199000 	C:\Windows\SYSTEM32\WSOCK32.dll
0x00007ffeb0450000 - 0x00007ffeb04bb000 	C:\Windows\System32\WS2_32.dll
0x00007ffeab060000 - 0x00007ffeab087000 	C:\Windows\SYSTEM32\WINMM.dll
0x00007ffeacaf0000 - 0x00007ffeacb02000 	C:\Windows\SYSTEM32\kernel.appcore.dll
0x00007ffea4d00000 - 0x00007ffea4d0a000 	C:\Program Files\Java\jdk-17\bin\jimage.dll
0x00007ffeac100000 - 0x00007ffeac301000 	C:\Windows\SYSTEM32\DBGHELP.DLL
0x00007ffe89e50000 - 0x00007ffe89e84000 	C:\Windows\SYSTEM32\dbgcore.DLL
0x00007ffeaea00000 - 0x00007ffeaea82000 	C:\Windows\System32\bcryptPrimitives.dll
0x00007ffea4330000 - 0x00007ffea433e000 	C:\Program Files\Java\jdk-17\bin\instrument.dll
0x00007ffe864b0000 - 0x00007ffe864d5000 	C:\Program Files\Java\jdk-17\bin\java.dll
0x00007ffe69de0000 - 0x00007ffe69eb7000 	C:\Program Files\Java\jdk-17\bin\jsvml.dll
0x00007ffeaf130000 - 0x00007ffeaf8a0000 	C:\Windows\System32\SHELL32.dll
0x00007ffeac310000 - 0x00007ffeacab5000 	C:\Windows\SYSTEM32\windows.storage.dll
0x00007ffeb04c0000 - 0x00007ffeb0814000 	C:\Windows\System32\combase.dll
0x00007ffeadc90000 - 0x00007ffeadcbb000 	C:\Windows\SYSTEM32\Wldp.dll
0x00007ffeb02b0000 - 0x00007ffeb037d000 	C:\Windows\System32\OLEAUT32.dll
0x00007ffeb0200000 - 0x00007ffeb02ad000 	C:\Windows\System32\SHCORE.dll
0x00007ffeafad0000 - 0x00007ffeafb2b000 	C:\Windows\System32\shlwapi.dll
0x00007ffeae210000 - 0x00007ffeae234000 	C:\Windows\SYSTEM32\profapi.dll
0x00007ffe99050000 - 0x00007ffe99068000 	C:\Program Files\Java\jdk-17\bin\zip.dll
0x00007ffe992c0000 - 0x00007ffe992d9000 	C:\Program Files\Java\jdk-17\bin\net.dll
0x00007ffe9fef0000 - 0x00007ffe9fffa000 	C:\Windows\SYSTEM32\WINHTTP.dll
0x00007ffead990000 - 0x00007ffead9fa000 	C:\Windows\system32\mswsock.dll
0x00007ffe991a0000 - 0x00007ffe991b6000 	C:\Program Files\Java\jdk-17\bin\nio.dll
0x00007ffea43d0000 - 0x00007ffea43e0000 	C:\Program Files\Java\jdk-17\bin\verify.dll
0x00007ffe86370000 - 0x00007ffe86397000 	C:\Users\hp\.gradle\native\660c5614fbf4a5f2a75b1949f50a0caf5cd603558e7d8a26e50b933a0cfb79d1\windows-amd64\native-platform.dll
0x00007ffe804e0000 - 0x00007ffe80557000 	C:\Users\hp\.gradle\native\0.2.8\x86_64-windows-gnu\gradle-fileevents.dll
0x00007ffea45d0000 - 0x00007ffea45da000 	C:\Program Files\Java\jdk-17\bin\management.dll
0x00007ffea4510000 - 0x00007ffea451b000 	C:\Program Files\Java\jdk-17\bin\management_ext.dll
0x00007ffead670000 - 0x00007ffead6ab000 	C:\Windows\SYSTEM32\IPHLPAPI.DLL
0x00007ffeb0380000 - 0x00007ffeb0388000 	C:\Windows\System32\NSI.dll
0x00007ffea0980000 - 0x00007ffea0997000 	C:\Windows\SYSTEM32\dhcpcsvc6.DLL
0x00007ffea13f0000 - 0x00007ffea140d000 	C:\Windows\SYSTEM32\dhcpcsvc.DLL
0x00007ffead6b0000 - 0x00007ffead77a000 	C:\Windows\SYSTEM32\DNSAPI.dll
0x00007ffeadbf0000 - 0x00007ffeadc08000 	C:\Windows\SYSTEM32\CRYPTSP.dll
0x00007ffead2b0000 - 0x00007ffead2e8000 	C:\Windows\system32\rsaenh.dll
0x00007ffeae190000 - 0x00007ffeae1be000 	C:\Windows\SYSTEM32\USERENV.dll
0x00007ffeadcc0000 - 0x00007ffeadccc000 	C:\Windows\SYSTEM32\CRYPTBASE.dll
0x00007ffea36d0000 - 0x00007ffea36de000 	C:\Program Files\Java\jdk-17\bin\sunmscapi.dll
0x00007ffeaea90000 - 0x00007ffeaebed000 	C:\Windows\System32\CRYPT32.dll
0x00007ffeadd10000 - 0x00007ffeadd37000 	C:\Windows\SYSTEM32\ncrypt.dll
0x00007ffeadcd0000 - 0x00007ffeadd0b000 	C:\Windows\SYSTEM32\NTASN1.dll
0x00007ffea5630000 - 0x00007ffea5637000 	C:\Windows\system32\wshunix.dll
0x00007ffe970a0000 - 0x00007ffe970aa000 	C:\Windows\System32\rasadhlp.dll
0x00007ffe977f0000 - 0x00007ffe97870000 	C:\Windows\System32\fwpuclnt.dll
0x00007ffead500000 - 0x00007ffead533000 	C:\Windows\SYSTEM32\ntmarta.dll

dbghelp: loaded successfully - version: 4.0.5 - missing functions: none
symbol engine: initialized successfully - sym options: 0x614 - pdb path: .;C:\Program Files\Java\jdk-17\bin;C:\Windows\SYSTEM32;C:\Windows\WinSxS\amd64_microsoft.windows.common-controls_6595b64144ccf1df_6.0.19041.6456_none_60b8a6cb71f64256;C:\Program Files\Java\jdk-17\bin\server;C:\Users\hp\.gradle\native\660c5614fbf4a5f2a75b1949f50a0caf5cd603558e7d8a26e50b933a0cfb79d1\windows-amd64;C:\Users\hp\.gradle\native\0.2.8\x86_64-windows-gnu

VM Arguments:
jvm_args: --add-opens=java.base/java.lang=ALL-UNNAMED --add-opens=java.base/java.lang.invoke=ALL-UNNAMED --add-opens=java.base/java.util=ALL-UNNAMED --add-opens=java.prefs/java.util.prefs=ALL-UNNAMED --add-exports=jdk.compiler/com.sun.tools.javac.api=ALL-UNNAMED --add-exports=jdk.compiler/com.sun.tools.javac.util=ALL-UNNAMED --add-opens=java.base/java.util=ALL-UNNAMED --add-opens=java.prefs/java.util.prefs=ALL-UNNAMED --add-opens=java.base/java.nio.charset=ALL-UNNAMED --add-opens=java.base/java.net=ALL-UNNAMED --add-opens=java.base/java.util.concurrent=ALL-UNNAMED --add-opens=java.base/java.util.concurrent.atomic=ALL-UNNAMED --add-opens=java.xml/javax.xml.namespace=ALL-UNNAMED --add-opens=java.base/java.time=ALL-UNNAMED -XX:MaxMetaspaceSize=512m -Xmx2048m -Dfile.encoding=windows-1252 -Duser.country=US -Duser.language=en -Duser.variant -javaagent:C:\Users\hp\.gradle\wrapper\dists\gradle-9.3.1-bin\23ovyewtku6u96viwx3xl3oks\gradle-9.3.1\lib\agents\gradle-instrumentation-agent-9.3.1.jar 
java_command: org.gradle.launcher.daemon.bootstrap.GradleDaemon 9.3.1
java_class_path (initial): C:\Users\hp\.gradle\wrapper\dists\gradle-9.3.1-bin\23ovyewtku6u96viwx3xl3oks\gradle-9.3.1\lib\gradle-daemon-main-9.3.1.jar
Launcher Type: SUN_STANDARD

[Global flags]
     intx CICompilerCount                          = 3                                         {product} {ergonomic}
   size_t CompressedClassSpaceSize                 = 436207616                                 {product} {ergonomic}
     uint ConcGCThreads                            = 1                                         {product} {ergonomic}
     uint G1ConcRefinementThreads                  = 4                                         {product} {ergonomic}
   size_t G1HeapRegionSize                         = 1048576                                   {product} {ergonomic}
    uintx GCDrainStackTargetSize                   = 64                                        {product} {ergonomic}
   size_t InitialHeapSize                          = 268435456                                 {product} {ergonomic}
   size_t MarkStackSize                            = 4194304                                   {product} {ergonomic}
   size_t MaxHeapSize                              = 2147483648                                {product} {command line}
   size_t MaxMetaspaceSize                         = 536870912                                 {product} {command line}
   size_t MaxNewSize                               = 1287651328                                {product} {ergonomic}
   size_t MinHeapDeltaBytes                        = 1048576                                   {product} {ergonomic}
   size_t MinHeapSize                              = 8388608                                   {product} {ergonomic}
    uintx NonNMethodCodeHeapSize                   = 5832780                                {pd product} {ergonomic}
    uintx NonProfiledCodeHeapSize                  = 122912730                              {pd product} {ergonomic}
    uintx ProfiledCodeHeapSize                     = 122912730                              {pd product} {ergonomic}
    uintx ReservedCodeCacheSize                    = 251658240                              {pd product} {ergonomic}
     bool SegmentedCodeCache                       = true                                      {product} {ergonomic}
   size_t SoftMaxHeapSize                          = 2147483648                             {manageable} {ergonomic}
     bool UseCompressedClassPointers               = true                           {product lp64_product} {ergonomic}
     bool UseCompressedOops                        = true                           {product lp64_product} {ergonomic}
     bool UseG1GC                                  = true                                      {product} {ergonomic}
     bool UseLargePagesIndividualAllocation        = false                                  {pd product} {ergonomic}

Logging:
Log output configuration:
 #0: stdout all=warning uptime,level,tags
 #1: stderr all=off uptime,level,tags

Environment Variables:
JAVA_HOME=C:\Program Files\Java\jdk-17
PATH=C:\Program Files\Common Files\Oracle\Java\javapath;C:\Windows\system32;C:\Windows;C:\Windows\System32\Wbem;C:\Windows\System32\WindowsPowerShell\v1.0\;C:\Windows\System32\OpenSSH\;C:\Program Files\nodejs\;C:\ProgramData\chocolatey\bin;C:\Users\USER\AppData\Local\Android\platform-tools;C:\Users\hp\AppData\Local\Android\Sdk;C:\Program Files\Microsoft SQL Server\170\Tools\Binn\;C:\Program Files\Microsoft SQL Server\Client SDK\ODBC\170\Tools\Binn\;C:\Program Files\dotnet\;C:\Program Files (x86)\Microsoft SQL Server\170\Tools\Binn\;C:\Program Files\Microsoft SQL Server\Client SDK\ODBC\180\Tools\Binn\;C:\Program Files\Microsoft SQL Server\170\DTS\Binn\;C:\Program Files\Microsoft SQL Server\150\Tools\Binn\;C:\Program Files\Git\cmd;C:\Users\hp\AppData\Local\Microsoft\WindowsApps;C:\Users\hp\AppData\Roaming\npm;C:\Users\hp\AppData\Local\Programs\Microsoft VS Code\bin;C:\Users\USER\AppData\Local\Android\platform-tools;C:\Users\hp\.dotnet\tools
USERNAME=hp
LANG=en_US.UTF-8
OS=Windows_NT
PROCESSOR_IDENTIFIER=Intel64 Family 6 Model 78 Stepping 3, GenuineIntel



---------------  S Y S T E M  ---------------

OS:
 Windows 10 , 64 bit Build 19041 (10.0.19041.5915)
OS uptime: 23 days 6:00 hours

CPU: total 4 (initial active 4) (2 cores per cpu, 2 threads per core) family 6 model 78 stepping 3 microcode 0xf0, cx8, cmov, fxsr, ht, mmx, 3dnowpref, sse, sse2, sse3, ssse3, sse4.1, sse4.2, popcnt, lzcnt, tsc, tscinvbit, avx, avx2, aes, erms, clmul, bmi1, bmi2, rtm, adx, fma, vzeroupper, clflush, clflushopt

Memory: 4k page, system-wide physical 16263M (3936M free)
TotalPageFile size 31017M (AvailPageFile size 7583M)
current process WorkingSet (physical memory assigned to process): 1085M, peak: 1173M
current process commit charge ("private bytes"): 1120M, peak: 1210M

vm_info: Java HotSpot(TM) 64-Bit Server VM (17.0.12+8-LTS-286) for windows-amd64 JRE (17.0.12+8-LTS-286), built on Jun  5 2024 06:46:59 by "mach5one" with MS VC++ 17.6 (VS2022)

END.
